Id,TagName,Count,ExcerptPostId,WikiPostId,IsModeratorOnly,IsRequired
"2","c#","14065","33","32","",""
"3",".net","2831","138","137","",""
"4","javascript","27039","117","116","",""
"5","java","14508","46","45","",""
"6","hashmap","67","1057","1056","",""
"11","ado.net","122","1061","1060","",""
"12","php","26883","89","88","",""
"13","sms","38","1149","1148","",""
"14","twitter-bootstrap","1427","955","954","",""
"15","ruby-on-rails","761","553","552","",""
"16","css","8473","103","102","",""
"17","public","8","1153","1152","",""
"18","private","22","1151","1150","",""
"19","protected","6","1155","1154","",""
"21","django","1101","870","869","",""
"22","python","9360","48","47","",""
"23","l10n","2","1718","1717","",""
"24","jsf","978","756","755","",""
"25","demoiselle","66","504","503","",""
"26","tomcat","267","941","940","",""
"27","spring","797","809","808","",""
"28","spring-mvc","287","1360","1359","",""
"29","spring-data","111","66112","66111","",""
"30","string","1989","752","751","",""
"31","angularjs","2456","850","849","",""
"33","angularjs-scope","59","","","",""
"34","magento","151","1216","1215","",""
"35","front-end","532","1550","1549","",""
"36","phtml","6","939","938","",""
"38","android","8823","81","80","",""
"39","eclipse","488","811","810","",""
"41","datetime","472","758","757","",""
"43","mysql","10253","387","386","",""
"44","sql","6972","654","653","",""
"45","youtube","80","1030","1029","",""
"46","extjs","20","754","753","",""
"47","panel","24","1420","1419","",""
"48","ruby","678","803","802","",""
"49","irb","3","1228","1227","",""
"52","linq","584","861","860","",""
"53","entity-framework","1235","1063","1062","",""
"54","qt","181","621","620","",""
"55","c++","2395","251","250","",""
"57","sql-server","2839","656","655","",""
"61","jboss","104","1065","1064","",""
"64","testes","229","762","761","",""
"65","jasmine","23","1230","1229","",""
"67","generators","15","1222","1221","",""
"70","sbt","3","1422","1421","",""
"71","jquery","11316","646","645","",""
"72","oracle-database","1156","768","767","",""
"74","job","15","1392","1391","",""
"75","t-sql","109","749","748","",""
"76","alfresco","3","1374","1373","",""
"77","liferay","2","1542","1541","",""
"78","ecm","2","12683","12682","",""
"79","cms","28","1544","1543","",""
"80","iis","243","980","979","",""
"81","asp.net","1881","744","743","",""
"82","asp.net-mvc","3383","680","679","",""
"83","html5","3898","746","745","",""
"84","web-worker","9","1476","1475","",""
"85","signalr","28","1147","1146","",""
"86","html","14386","740","739","",""
"87","google-chrome","250","1088","1087","",""
"89","google-chrome-extensão","74","1738","1737","",""
"90","git","949","154","153","",""
"91","vim","24","162","161","",""
"92","nginx","135","1174","1173","",""
"93","gzip","19","1055","1054","",""
"94","laravel","2768","1167","1166","",""
"95","laravel-4","139","459","458","",""
"96","loop","719","1051","1050","",""
"97","matplotlib","149","389","388","",""
"99","latex","84","1090","1089","",""
"100","json","3136","648","647","",""
"101","versionamento","152","1026","1025","",""
"104","spring-security","148","1533","1532","",""
"110","brasil","21","852","851","",""
"111","nfe","102","1034","1033","",""
"113","código-aberto","14","1342","1341","",""
"114","cdi","83","28838","28837","",""
"115","jee","22","1483","1482","",""
"118","orm","98","799","798","",""
"119","nhibernate","106","1176","1175","",""
"121","hsqldb","12","74284","74283","",""
"122","junit","114","1163","1162","",""
"123","xml","1011","805","804","",""
"124","ssis","28","1122","1121","",""
"125","wmi","9","264","263","",""
"128","algoritmo","755","854","853","",""
"129","api","1445","845","844","",""
"130","restful","198","1584","1583","",""
"131","http","465","1069","1068","",""
"132","release","14","1140","1139","",""
"134","primefaces","736","998","997","",""
"135","django-rest-framework","69","","","",""
"136","recursão","252","1038","1037","",""
"151","dbunit","2","1370","1369","",""
"152","postgresql","1470","787","786","",""
"153","packages","63","1582","1581","",""
"154","regex","1297","764","763","",""
"156","css3","1947","644","643","",""
"157","firefox","118","1458","1457","",""
"159","base64","67","996","995","",""
"162","svg","163","1134","1133","",""
"163","webdesign","40","1472","1471","",""
"164","data-uri","3","1200","1199","",""
"169","angularjs-directives","139","388929","388928","",""
"171","r","2603","1136","1135","",""
"172","xmpp","3","1418","1417","",""
"176","ubuntu","384","1426","1425","",""
"177","microsoft-excel","1169","1202","1201","",""
"178","vba","841","1116","1115","",""
"179","doctrine","94","1096","1095","",""
"180","logo","1","1214","1213","",""
"181","lisp","19","1075","1074","",""
"184","asp.net-mvc-5","932","986","985","",""
"185","vector","79","1464","1463","",""
"186","stl","14","1018","1017","",""
"187","typescript","1259","1024","1023","",""
"189","composer","185","1537","1536","",""
"190","linux","1011","864","863","",""
"192","controles","18","1196","1195","",""
"193","vb.net","675","1022","1021","",""
"194","enums","122","983","982","",""
"196","cep","33","883","882","",""
"200","sparkleshare","1","1576","1575","",""
"201","visual-studio","839","791","790","",""
"202","visual-studio-2012","41","876","875","",""
"203","visual-studio-2013","181","878","877","",""
"204","microsoft-help-viewer","2","","","",""
"205","assembly","171","1079","1078","",""
"206","x86","26","1014","1013","",""
"207","intel","9","1259","1258","",""
"208","numpy","181","1424","1423","",""
"210","compressão-de-imagem","13","1428","1427","",""
"211","qml","22","1032","1031","",""
"213","sha1","19","1036","1035","",""
"214","querystring","32","797","796","",""
"215","ajax","3364","813","812","",""
"218","rest","553","766","765","",""
"221","wpf","410","789","788","",""
"222","temas","19","1248","1247","",""
"223","office-2013","8","1488","1487","",""
"226","sqlite","651","937","936","",""
"227","sqlite3","136","1535","1534","",""
"228","addclass","11","1623","1622","",""
"232","mootools","11","760","759","",""
"234","delphi","1373","1077","1076","",""
"235","firedac","52","1651","1650","",""
"240","mamp","8","1540","1539","",""
"241","freetds","2","1368","1367","",""
"243","impressão","101","573","572","",""
"247","timestamp","84","1102","1101","",""
"250","zend","96","959","958","",""
"251","tabela-zebrada","1","1435","1434","",""
"253","moodle","44","1218","1217","",""
"254","web-service","921","1126","1125","",""
"255","hibernate","922","933","932","",""
"256","jpa-2.0","103","1740","1739","",""
"257","criteria","55","1337","1336","",""
"258","combobox","164","990","989","",""
"259","selecteditem","12","","","",""
"261","abap","8","1073","1072","",""
"263","lado-do-cliente","28","1206","1205","",""
"266","f#","6","1071","1070","",""
"269","banco-de-dados","3516","650","649","",""
"271","modelagem","342","1617","1616","",""
"272","email","362","1204","1203","",""
"273","gmail","41","1456","1455","",""
"277","smtp","72","1046","1045","",""
"279","maven","316","994","993","",""
"280","abntex2","3","1548","1547","",""
"281","bibtex","7","1605","1604","",""
"282","owin","30","1159","1158","",""
"283","msdn","1","1486","1485","",""
"284","processo","77","1157","1156","",""
"286","webforms","363","872","871","",""
"288","apache","615","1188","1187","",""
"290","divisão","29","1460","1459","",""
"291","matemática","483","1128","1127","",""
"292","pdf","394","992","991","",""
"294","get","196","1376","1375","",""
"296","arm","11","1053","1052","",""
"297","c","4919","1081","1080","",""
"302","div","304","874","873","",""
"303","informix","20","795","794","",""
"304","css-centering","5","","","",""
"305","lado-do-servidor","43","868","867","",""
"306","file-get-contents","34","1596","1595","",""
"307","parâmetros","220","1172","1171","",""
"308","post","410","1098","1097","",""
"309","objetos","379","1318","1317","",""
"310","referência","70","1138","1137","",""
"311","sanitize","7","1694","1693","",""
"312","z-index","14","943","942","",""
"313","strtotime","18","1120","1119","",""
"317","ios","791","977","976","",""
"318","runloop","1","1729","1728","",""
"319","objective-c","275","988","987","",""
"320","thread","389","1445","1444","",""
"322","xaml","136","1000","999","",""
"324","css-font-size","11","1568","1567","",""
"325","ciclo-infinito","12","1049","1048","",""
"329","variáveis-globais","29","1118","1117","",""
"330","codeigniter","1003","965","964","",""
"331","arduino","209","1346","1345","",""
"332","deploy","117","1186","1185","",""
"333","inserir","40","1182","1181","",""
"334","nuvem-de-tags","3","1356","1355","",""
"335","photoshop","6","1580","1579","",""
"336","servlet","183","1044","1043","",""
"337","cache","128","1592","1591","",""
"338","winforms","1195","1008","1007","",""
"339","datagridview","215","1010","1009","",""
"340","google-maps","549","1350","1349","",""
"342","pinvoke","4","1170","1169","",""
"344","ssh","88","1531","1530","",""
"347","upload","298","1288","1287","",""
"348","operadores","345","1364","1363","",""
"350","calendário-gregoriano","1","1335","1334","",""
"352","manipulador-de-evento","4","1366","1365","",""
"353","commit","66","1467","1466","",""
"354","página-de-erro","8","","","",""
"355","convenções-de-nome","50","1358","1357","",""
"356","dicionário","209","1251","1250","",""
"357","cast","77","1284","1283","",""
"358","variáveis-locais","1","1253","1252","",""
"359","referência-circular","6","1255","1254","",""
"361","thread-safety","9","1257","1256","",""
"363","variáveis","679","1314","1313","",""
"364","gem","33","1294","1293","",""
"365","imutabilidade","18","1292","1291","",""
"366","intellij-idea","66","1265","1264","",""
"367","envio-de-email","212","1433","1432","",""
"368","codificação-de-caracteres","228","1304","1303","",""
"369","diretório","117","1290","1289","",""
"373","registro-de-log","106","1267","1266","",""
"374","stack-trace","8","1308","1307","",""
"376","layout","135","1362","1361","",""
"385","array","3180","1339","1338","",""
"387","terminologia","595","1354","1353","",""
"390","índices","121","1474","1473","",""
"392","testes-de-unidade","166","1312","1311","",""
"393","hashcode","9","1280","1279","",""
"394","menu","264","1380","1379","",""
"396","estrutura-de-dados","360","1316","1315","",""
"397","concorrência","59","1322","1321","",""
"401","stringbuilder","21","1302","1301","",""
"403","spliterator","4","1578","1577","",""
"406","chat","46","1625","1624","",""
"407","flood","1","1378","1377","",""
"409","frames","4","13327","13326","",""
"410","iframe","199","1296","1295","",""
"411","arquivo-zip","69","1372","1371","",""
"412","yield","12","1286","1285","",""
"413","group-by","139","1298","1297","",""
"414","psd","4","1588","1587","",""
"415","htaccess","628","1348","1347","",""
"416","url","336","1331","1330","",""
"417","url-rewrite","48","1329","1328","",""
"419","datatable","219","1406","1405","",""
"421","auto-incremento","36","1404","1403","",""
"422","tabela-banco-de-dados","283","1416","1415","",""
"423","url-amigável","104","1408","1407","",""
"425","varbinary","5","1412","1411","",""
"426","openfire","2","1586","1585","",""
"427","controle-de-fluxo","21","1402","1401","",""
"428","tupla","46","1478","1477","",""
"430","dropdown","150","1398","1397","",""
"435","osx","87","1394","1393","",""
"436","shell","209","1574","1573","",""
"439","design-pattern","271","1441","1440","",""
"440","eventos","163","1443","1442","",""
"441","observer-pattern","15","1449","1448","",""
"442","windows-xp","2","1502","1501","",""
"443","unicode","41","1498","1497","",""
"444","sistema-de-arquivos","96","1500","1499","",""
"446","windows","690","1554","1553","",""
"447","pip","60","1505","1504","",""
"448","sql-update","270","20974","20973","",""
"450","formulário-submeter","16","","","",""
"454","label","63","1619","1618","",""
"455","placeholder","28","1590","1589","",""
"457","simplexml-load-string","5","1558","1557","",""
"458","simplexml","14","1552","1551","",""
"460","wordpress","1457","1615","1614","",""
"462","jinja2","16","1621","1620","",""
"464","mobile","560","1742","1741","",""
"466","intellisense","12","5606","5605","",""
"467","use-strict","3","1727","1726","",""
"471","formdata","24","1656","1655","",""
"474","html-tags","90","1734","1733","",""
"481","sintaxe","283","1663","1662","",""
"488","internet-explorer","116","1704","1703","",""
"489","microsoft-access","179","1744","1743","",""
"494","margens","5","","","",""
"495","cakephp","367","1801","1800","",""
"496","mcrypt","7","","","",""
"498","phpexcel","33","1722","1721","",""
"499","formatação-condicional","11","","","",""
"500","dart","451","1782","1781","",""
"501","validação","355","1784","1783","",""
"502","jenkins","49","1835","1834","",""
"505","integração-contínua","31","9789","9788","",""
"506","relatório","131","41184","41183","",""
"507","formulário","702","1841","1840","",""
"508","auth","62","","","",""
"509","algoritmo-de-busca","233","58535","58534","",""
"510","mock","29","","","",""
"511","sensibilidade-de-caixa","11","1807","1806","",""
"516","aplicação-desktop","79","1791","1790","",""
"518","java-swing","744","1803","1802","",""
"522","foundation","2","35532","35531","",""
"523","empty","6","","","",""
"525","arquivo","700","1837","1836","",""
"527","algoritmo-fonético","2","1964","1963","",""
"529","ascii","47","2100","2099","",""
"530","porta-serial","64","2023","2022","",""
"531","netbeans","263","1853","1852","",""
"533","closures","27","2001","2000","",""
"535","variáveis-de-instância","2","11972","11971","",""
"536","classes","741","1934","1933","",""
"538","easeljs","2","73848","73847","",""
"539","spritesheet","5","1881","1880","",""
"540","link","156","1888","1887","",""
"541","table","285","1937","1936","",""
"543","laravel-auth","15","2446","2445","",""
"544","laravel-eloquent","431","2440","2439","",""
"545","laravel-rotas","47","2444","2443","",""
"546","laravel-blade","168","2448","2447","",""
"548","webmethods","9","1939","1938","",""
"549","pagemethods","1","2111","2110","",""
"550","css-border","17","","","",""
"551","google-play","74","2050","2049","",""
"553","require","36","","","",""
"558","orientação-a-objetos","1489","2089","2088","",""
"563","if","500","18994","18993","",""
"564","else","120","","","",""
"565","exceção","345","6665","6664","",""
"566","adapter","12","","","",""
"567","listview","410","2995","2994","",""
"568","multithreading","200","10255","10254","",""
"569","classes-abstratas","48","2091","2090","",""
"570","paralelismo","66","2003","2002","",""
"571","otimização","144","2171","2170","",""
"572","tdd","51","12443","12442","",""
"573","rspec","19","","","",""
"574","namespace","111","2068","2067","",""
"575","seletores","39","2098","2097","",""
"576","html5-data","2","","","",""
"577","yii","50","2734","2733","",""
"580","jquery-data","3","","","",""
"582","autenticação","200","2165","2164","",""
"583","barplot","17","5246","5245","",""
"585","programação-imperativa","8","1984","1983","",""
"586","ponteiro","494","1989","1988","",""
"587","32-bits","12","1996","1995","",""
"588","64-bits","15","1998","1997","",""
"589","compilação","171","4211","4210","",""
"590","hash","126","2454","2453","",""
"595","github","445","2048","2047","",""
"597","ftp","113","2046","2045","",""
"598","powershell","106","2025","2024","",""
"599","varchar","19","2052","2051","",""
"602","concatenação-de-string","106","2029","2028","",""
"604","parser","59","2456","2455","",""
"607","projeto-de-compiladores","9","","","",""
"609","sql-table","3","202275","202274","",""
"610","php-autoload","35","2085","2084","",""
"614","mint","24","12564","12563","",""
"616","tipagem","393","2452","2451","",""
"617","openshift","16","","","",""
"622","infotype","1","2126","2125","",""
"624","design-de-linguagem","21","4896","4895","",""
"626","jdbc","208","12470","12469","",""
"628","acentuação","104","2147","2146","",""
"629","configuração","56","2149","2148","",""
"631","localização","20","2152","2151","",""
"632","herança","263","2159","2158","",""
"633","documentação","66","2161","2160","",""
"634","autenticação-http","18","2163","2162","",""
"635","capitalização","3","2167","2166","",""
"636","debug","156","2169","2168","",""
"637","estilo-de-codificação","266","112086","112085","",""
"639","segurança","398","2175","2174","",""
"644","sincronização","31","2179","2178","",""
"647","refatoração","34","2181","2180","",""
"648","funções","1385","2183","2182","",""
"651","restrição-único","13","2185","2184","",""
"652","condição","170","2187","2186","",""
"654","programação-funcional","103","2189","2188","",""
"655","normalização","29","2191","2190","",""
"660","declaração-de-variável","130","417077","417076","",""
"661","paginação","166","2197","2196","",""
"662","instalador","110","2199","2198","",""
"663","serialização","76","2201","2200","",""
"669","xamarin","486","2218","2217","",""
"672","socket","336","2223","2222","",""
"676","internet-explorer-8","21","2264","2263","",""
"677","integração","47","","","",""
"678","log4j","17","27547","27546","",""
"679","erp","43","2266","2265","",""
"680","xamarin.ios","24","2251","2250","",""
"682","pdoexception","3","81672","81671","",""
"683","xamarin.android","99","2249","2248","",""
"691","recuperação-de-erros","20","","","",""
"693","html-option","22","","","",""
"695","subdomínio","23","2340","2339","",""
"697","google-charts","127","2338","2337","",""
"699","null","118","2336","2335","",""
"700","ireport","115","27476","27475","",""
"703","path-separator","4","","","",""
"706","caminho-relativo","6","","","",""
"708","instanciar-objeto","70","","","",""
"709","dom","292","2332","2331","",""
"710","ip","90","2330","2329","",""
"713","webrtc","13","148347","148346","",""
"714","textarea","57","5619","5618","",""
"716","framework","196","2378","2377","",""
"717","route","94","","","",""
"723","session","413","2459","2458","",""
"724","cliente-servidor","70","2376","2375","",""
"726","razor","367","5631","5630","",""
"728","polígono","3","12129","12128","",""
"729","triângulo","4","12266","12265","",""
"731","arquitetura-de-software","282","11919","11918","",""
"732","mono","23","2411","2410","",""
"733","senhas","49","10027","10026","",""
"734","criptografia","275","5633","5632","",""
"735","característica-linguagem","441","2421","2420","",""
"736","variância","6","","","",""
"737","mod-rewrite","55","103775","103774","",""
"741","posição-do-cursor","9","","","",""
"743","árvore","26","65215","65214","",""
"747","android-studio","1091","2434","2433","",""
"748","sublime-text-2","33","2438","2437","",""
"749","editor-de-texto","37","2436","2435","",""
"751","qftp","1","12116","12115","",""
"752","cookies","174","2961","2960","",""
"753","navegador-de-internet","266","5698","5697","",""
"756","return","162","20981","20980","",""
"758","bytecode","7","65034","65033","",""
"759","socket.io","72","","","",""
"760","extjs-4","8","2491","2490","",""
"763","ecmascript-6","138","2497","2496","",""
"764","ecmascript-5","22","2499","2498","",""
"765","jsf-2.2","240","2501","2500","",""
"766","python-2.7","474","2503","2502","",""
"767","foreach","328","21221","21220","",""
"773","lua","203","2698","2697","",""
"774","soundex","2","5663","5662","",""
"775","soap","204","5440","5439","",""
"776","jqgrid","30","5540","5539","",""
"777","jquery-blockui","3","74378","74377","",""
"779","glassfish","81","27469","27468","",""
"781","tinymce-4","12","20696","20695","",""
"782","backbone.js","4","7468","7467","",""
"783","acl","13","64868","64867","",""
"786","formview","2","","","",""
"787","expressões-lambda","304","148641","148640","",""
"789","reporting-services","26","","","",""
"791","opencart","28","21108","21107","",""
"793","localstorage","126","20757","20756","",""
"795","gridview","109","4259","4258","",""
"796","amazon-aws","232","2957","2956","",""
"798","detecção-de-colisão","14","","","",""
"800","innodb","15","3014","3013","",""
"801","stream-de-arquivos","36","","","",""
"802","uml","77","4919","4918","",""
"803","textbox","92","41244","41243","",""
"805","wamp","85","5624","5623","",""
"806","cobol","10","5930","5929","",""
"807","crud","184","5701","5700","",""
"809","operador-like","25","","","",""
"813","casos-de-uso","22","85493","85492","",""
"814","proteção","9","","","",""
"815","skype","7","3497","3496","",""
"818","cross-domain","29","3198","3197","",""
"819","cross-browser","38","3491","3490","",""
"820","popup","76","3205","3204","",""
"821","redirecionamento-de-url","37","317703","317702","",""
"822","gtk","31","11577","11576","",""
"823","mdi","13","11930","11929","",""
"825","desempenho","496","23468","23467","",""
"829","scrum","14","3432","3431","",""
"830","metodologia","29","27590","27589","",""
"831","centos","75","73637","73636","",""
"832","sass","128","4262","4261","",""
"833","grunt","41","8214","8213","",""
"836","firebird","350","3461","3460","",""
"837","polymer","18","3681","3680","",""
"838","x-tags","1","3507","3506","",""
"840","unix","45","5928","5927","",""
"841","wcf","106","3531","3530","",""
"842","array-multidimensional","142","389331","389330","",""
"843","classificação","310","11571","11570","",""
"844","jersey","47","31352","31351","",""
"846","jackson","23","197677","197676","",""
"849","interface","202","35507","35506","",""
"851","code-first","79","4706","4705","",""
"853","cursor","51","240250","240249","",""
"854","lazy-loading","21","3692","3691","",""
"855","inteiros","36","27592","27591","",""
"856","customelements","2","3706","3705","",""
"857","python-3.x","3362","8618","8617","",""
"858","windows-7","16","4016","4015","",""
"860","arquivo-header","7","","","",""
"862","google-app-engine","25","10407","10406","",""
"863","itextsharp","45","74302","74301","",""
"864","conversão-de-tipo","247","10244","10243","",""
"866","gerenciamento-de-memória","131","11542","11541","",""
"867","stack","119","205548","205547","",""
"868","heap","21","27559","27558","",""
"869","boot","15","12680","12679","",""
"872","opacity","11","5615","5614","",""
"873","sql-view","11","","","",""
"875","html5-audio","53","4098","4097","",""
"877","oauth","46","27506","27505","",""
"881","jasper-reports","157","27503","27502","",""
"884","cycle2","7","","","",""
"885","bxslider","14","4083","4082","",""
"886","linha-de-comando","62","597165","597164","",""
"888","batch","220","6984","6983","",""
"889","openssl","60","12334","12333","",""
"891","internet-explorer-9","10","11998","11997","",""
"893","eval","26","4900","4899","",""
"894","löve","3","9768","9767","",""
"898","redirecionamento","121","10052","10051","",""
"899","c++11","89","4271","4270","",""
"900","logging","5","12283","12282","",""
"901","websql","20","4320","4319","",""
"902","clone","37","4463","4462","",""
"904","qtranslate","2","8573","8572","",""
"905","javamail","24","74308","74307","",""
"906","imap","14","5640","5639","",""
"907","php-fpm","12","4377","4376","",""
"909","proxy","54","21252","21251","",""
"910","kendo-ui","40","74685","74684","",""
"911","timezone","43","4467","4466","",""
"914","mvc","747","5442","5441","",""
"915","nullpointerexception","197","4841","4840","",""
"916","resources","29","","","",""
"918","backup","68","5661","5660","",""
"921","plugin","145","10025","10024","",""
"927","injeção-de-dependência","100","20778","20777","",""
"931","jquery-validate","84","21218","21217","",""
"932","unity3d","290","27480","27479","",""
"933","querydsl","3","4691","4690","",""
"942","web2py","14","","","",""
"945","alocação","158","16230","16229","",""
"947","actionscript-3","53","5932","5931","",""
"948","scripting","13","7968","7967","",""
"950","ide","106","12561","12560","",""
"952","jar","64","10242","10241","",""
"953","phantomjs","11","4961","4960","",""
"954","joomla","47","4970","4969","",""
"957","path","67","","","",""
"962","drag-n-drop","52","55114","55113","",""
"969","oracle10g","22","","","",""
"970","phpmailer","233","27485","27484","",""
"971","matriz","533","10253","10252","",""
"972","gravatar","1","21090","21089","",""
"973","jquery-ui","216","5626","5625","",""
"974","datepicker","141","68803","68802","",""
"975","elasticsearch","36","179356","179355","",""
"976","notepad++","28","5340","5339","",""
"977","agendamento","24","221765","221764","",""
"979","gwt","5","5461","5460","",""
"980","apc","2","5368","5367","",""
"981","cross-platform","45","12572","12571","",""
"985","md5","48","5445","5444","",""
"986","delphi-xe4","16","13523","13522","",""
"987","dbgrid","16","11908","11907","",""
"989","vagrant","38","5453","5452","",""
"990","gradle","107","73966","73965","",""
"992","windows-ce","7","12023","12022","",""
"993","openmp","10","","","",""
"995","internet-explorer-7","2","21178","21177","",""
"998","team-foundation-server","69","111611","111610","",""
"1002","dpkg","1","5573","5572","",""
"1004","eventos-do-mouse","57","172530","172529","",""
"1005","ejb","72","12473","12472","",""
"1007","css-font-face","48","","","",""
"1009","shim","1","6312","6311","",""
"1010","polyfill","4","6307","6306","",""
"1013","asp.net-mvc-4","134","12272","12271","",""
"1014","blob","52","27549","27548","",""
"1015","highcharts","94","21214","21213","",""
"1018","firebug","6","21239","21238","",""
"1019","tinymce","23","","","",""
"1022","sql-injection","35","6947","6946","",""
"1025","struts2","15","67597","67596","",""
"1026","java-ee","615","8953","8952","",""
"1028","random","245","10929","10928","",""
"1031","makefile","36","27602","27601","",""
"1032","travis-ci","14","","","",""
"1033","sdl","19","23406","23405","",""
"1039","utf-8","132","6209","6208","",""
"1042","sistema-operacional","85","6942","6941","",""
"1043","console","153","12475","12474","",""
"1045","fancybox","24","6072","6071","",""
"1047","canvas","204","10258","10257","",""
"1049","fastcgi","8","27553","27552","",""
"1050","php-5","21","21105","21104","",""
"1051","pdo","915","10546","10545","",""
"1053","data.frame","182","6145","6144","",""
"1054","order","40","6148","6147","",""
"1057","ddos","11","21069","21068","",""
"1059","lm","8","6246","6245","",""
"1060","regressão","74","6244","6243","",""
"1062","plot","100","6284","6283","",""
"1063","resolução-de-tela","23","12140","12139","",""
"1064","app","186","41072","41071","",""
"1065","dll","139","12142","12141","",""
"1066","impressora","69","21180","21179","",""
"1068","jtextfield","26","199818","199817","",""
"1069","actionlistener","6","204437","204436","",""
"1070","procedure","117","145923","145922","",""
"1072","semântica","56","12264","12263","",""
"1075","árvores-de-expressão","2","6400","6399","",""
"1077","layout-responsivo","317","11567","11566","",""
"1079","testes-funcionais","21","6438","6437","",""
"1080","xml-schema","16","6744","6743","",""
"1084","oauth2","78","67658","67657","",""
"1085","scheduler","35","21115","21114","",""
"1089","newsletter","12","","","",""
"1090","jframe","67","12081","12080","",""
"1091","delphi-xe3","42","8217","8216","",""
"1092","timer","63","","","",""
"1095","crystal-reports","69","6936","6935","",""
"1096","solid","29","6632","6631","",""
"1098","widget","46","27545","27544","",""
"1103","advogado-de-linguagem","3","6730","6729","",""
"1105","visual-basic-6","212","148133","148132","",""
"1106","engine","12","","","",""
"1107","template","127","21110","21109","",""
"1109","ux","100","16726","16725","",""
"1110","coordenadas","24","","","",""
"1111","geometria","23","73934","73933","",""
"1114","gráfico-de-dispersão","7","6710","6709","",""
"1117","ssl","136","6931","6930","",""
"1118","gráfico-condicional","2","","","",""
"1119","histograma","25","6810","6809","",""
"1121","windows-phone","108","6938","6937","",""
"1122","buscador-google","264","13222","13221","",""
"1123","google-sites","5","21099","21098","",""
"1126","inteligência-artificial","63","74295","74294","",""
"1127","rede","126","6856","6855","",""
"1128","ponto-flutuante","25","6891","6890","",""
"1130","ogg","2","12551","12550","",""
"1131","bass","2","9195","9194","",""
"1132","imagem","695","41070","41069","",""
"1134","jquery-ui-multiselect","8","","","",""
"1135","warnings","25","","","",""
"1137","services","75","572402","572401","",""
"1138","cmd","274","6986","6985","",""
"1139","análise-numérica","4","6933","6932","",""
"1140","jsp","372","12137","12136","",""
"1148","trigger","207","7118","7117","",""
"1149","rscript","3","6988","6987","",""
"1150","ggplot2","319","6982","6981","",""
"1151","mvvm","58","375024","375023","",""
"1152","rotas","79","","","",""
"1155","rolamento","186","41151","41150","",""
"1156","query","1205","7116","7115","",""
"1158","comentários","37","7099","7098","",""
"1159","greensock-gsap","3","7130","7129","",""
"1161","websocket","131","7254","7253","",""
"1162","cors","116","7178","7177","",""
"1166","virtualbox","26","7319","7318","",""
"1167","vmware","6","7317","7316","",""
"1171","microsoft-azure","174","10526","10525","",""
"1172","descompilação","9","21258","21257","",""
"1173","ofuscação","9","14926","14925","",""
"1175","redmine","11","10042","10041","",""
"1176","less","46","7765","7764","",""
"1177","aplicação-web","920","148637","148636","",""
"1179","encode","27","","","",""
"1180","documentfragment","1","7759","7758","",""
"1182","erlang","9","7385","7384","",""
"1184","async","152","7499","7498","",""
"1185","read.table","2","7442","7441","",""
"1187","css-transições","39","","","",""
"1189","jquery-masked-input","19","","","",""
"1196","bcrypt","21","27551","27550","",""
"1198","data","924","11539","11538","",""
"1199","bash","288","7721","7720","",""
"1201","kohana","8","8352","8351","",""
"1203","sql-insert","206","17687","17686","",""
"1205","certificado-digital","119","11917","11916","",""
"1210","exportação","40","","","",""
"1211","importação","101","41186","41185","",""
"1213","delphi-7","178","13518","13517","",""
"1216","requirejs","25","7836","7835","",""
"1217","http-status","43","7866","7865","",""
"1218","collation","14","","","",""
"1219","input-output","15","","","",""
"1223","google-maps-android-api-2","60","25380","25379","",""
"1225","android-layout","693","21209","21208","",""
"1226","android-billing","6","25366","25365","",""
"1228","streaming","48","12468","12467","",""
"1231","combinações","27","","","",""
"1233","conexão","196","41236","41235","",""
"1235","rtf","8","27571","27570","",""
"1236","pagamento-online","42","12331","12330","",""
"1239","comparação","164","41215","41214","",""
"1242","pivot","39","","","",""
"1243","grafo","86","12342","12341","",""
"1249","apply","18","8058","8057","",""
"1250","sapply","2","8060","8059","",""
"1251","lapply","8","8062","8061","",""
"1252","mapply","2","8064","8063","",""
"1254","http-headers","70","","","",""
"1256","parallax","20","8959","8958","",""
"1258","sql-server-2005","9","","","",""
"1262","formatação","192","41188","41187","",""
"1263","wysiwyg","23","20844","20843","",""
"1265","asp","293","18981","18980","",""
"1266","windows-mobile","4","11928","11927","",""
"1267","windows-mobile-5","2","","","",""
"1269","sqldeveloper","49","448069","448068","",""
"1270","lubridate","11","8256","8255","",""
"1271","download","123","18985","18984","",""
"1272","try-catch","75","112420","112419","",""
"1273","syntax-error","112","20862","20861","",""
"1274","data.rable-r","11","8259","8258","",""
"1275","plyr","4","8261","8260","",""
"1276","dplyr","145","8265","8264","",""
"1279","webclient","19","","","",""
"1281","svn","47","11921","11920","",""
"1283","xsd","27","75317","75316","",""
"1284","diagrama","36","12329","12328","",""
"1286","modelo-relacional","126","8464","8463","",""
"1287","click","59","81667","81666","",""
"1288","tabela-html","247","20760","20759","",""
"1289","workflow","5","8542","8541","",""
"1290","análise-de-dados","9","8540","8539","",""
"1292","jsoup","16","187206","187205","",""
"1293","jcrop","5","8563","8562","",""
"1294","scipy","15","8575","8574","",""
"1296","convenções","17","8622","8621","",""
"1297","ipython","2","8629","8628","",""
"1299","anaconda","22","8655","8654","",""
"1300","sublimerepl","4","8657","8656","",""
"1303","symfony","68","13690","13689","",""
"1305","genéricos","133","9336","9335","",""
"1306","collection","77","52176","52175","",""
"1307","active-record","54","28034","28033","",""
"1312","asp.net-membership","11","","","",""
"1313","select","825","20802","20801","",""
"1314","sharepoint","44","8871","8870","",""
"1316","grid","124","27585","27584","",""
"1317","javadoc","11","27557","27556","",""
"1320","header","94","","","",""
"1321","contexto","9","","","",""
"1323","bbcode","3","9019","9018","",""
"1325","atualização","52","41246","41245","",""
"1326","flot","9","","","",""
"1331","slider","69","","","",""
"1332","submenu","39","","","",""
"1335","raspberry-pi","55","112429","112428","",""
"1339","escopo-de-variáveis","82","","","",""
"1341","ipv4","5","12613","12612","",""
"1342","ipv6","9","12338","12337","",""
"1345","echo","33","21268","21267","",""
"1346","factors","6","","","",""
"1348","federation-authentication","3","","","",""
"1351","servidor","362","11671","11670","",""
"1352","captura-de-tela","3","","","",""
"1354","http-métodos","8","385295","385294","",""
"1355","buffer","33","12678","12677","",""
"1356","teclado","92","41209","41208","",""
"1357","scanf","72","","","",""
"1359","media-queries","83","20775","20774","",""
"1360","saas","7","282857","282856","",""
"1361","sse","3","9561","9560","",""
"1365","htmlentities","5","","","",""
"1366","doctrine-2","60","54673","54672","",""
"1367","symfony-2","78","27500","27499","",""
"1368","habtm","4","","","",""
"1369","cpuid","1","12574","12573","",""
"1370","drawable","25","","","",""
"1371","bitmap","49","73625","73624","",""
"1372","wordpress-theme","160","37055","37054","",""
"1375","csv","345","18983","18982","",""
"1378","migrations","106","9622","9621","",""
"1380","delphi-2007","3","9643","9642","",""
"1386","broadcastreceiver","30","","","",""
"1388","summary","10","","","",""
"1389","filezilla","3","12615","12614","",""
"1390","hospedagem","47","143735","143734","",""
"1394","dreamweaver","6","21078","21077","",""
"1395","função-anônima","31","9949","9948","",""
"1396","fibonnaci","17","12617","12616","",""
"1398","ses","8","","","",""
"1400","rollback","5","11924","11923","",""
"1401","cracker","4","9974","9973","",""
"1407","indy-10","15","11913","11912","",""
"1408","android-fragment","321","21199","21198","",""
"1410","bit","17","12675","12674","",""
"1411","volatile","3","","","",""
"1412","qtgui","18","10187","10186","",""
"1414","boilerplate","2","10194","10193","",""
"1415","scala","28","32813","32812","",""
"1416","rnorm","2","10219","10218","",""
"1417","números-aleatórios","52","10217","10216","",""
"1418","twig","32","10225","10224","",""
"1420","mínimos-quadrados","1","10248","10247","",""
"1422","winapi","30","16106","16105","",""
"1424","filtro","134","","","",""
"1425","web-crawler","63","109835","109834","",""
"1427","bdd","11","65014","65013","",""
"1428","fortran","26","12110","12109","",""
"1429","intent","42","","","",""
"1430","deprecated","15","21270","21269","",""
"1431","dialog","68","70661","70660","",""
"1432","value","49","","","",""
"1433","gerenciamento-de-projetos","37","73941","73940","",""
"1435","dns","109","12567","12566","",""
"1437","terminal","137","27595","27594","",""
"1438","background","79","41217","41216","",""
"1439","multiple","18","","","",""
"1442","conversão","107","41254","41253","",""
"1443","datasnap","34","544769","544768","",""
"1444","xpath","58","51914","51913","",""
"1445","switch","140","398152","398151","",""
"1446","html5-history","5","10752","10751","",""
"1448","telerik","24","","","",""
"1449","phpmyadmin","322","21435","21434","",""
"1450","método","283","12103","12102","",""
"1451","construtor","156","73830","73829","",""
"1452","notificação","22","","","",""
"1454","hexadecimal","44","12818","12817","",""
"1455","xss","17","12030","12029","",""
"1457","hhvm","5","16391","16390","",""
"1459","assinatura-digital","41","11915","11914","",""
"1470","java-ee-6","5","","","",""
"1474","jaas","6","74306","74305","",""
"1475","matlab","114","12107","12106","",""
"1477","mpeg","1","12092","12091","",""
"1478","swiftmailer","9","32625","32624","",""
"1479","números","32","12336","12335","",""
"1481","standalone","4","11347","11346","",""
"1482","opengl","66","11374","11373","",""
"1483","iso-8859-1","20","","","",""
"1484","lattice","8","11984","11983","",""
"1485","fluent-nhibernate","52","11465","11464","",""
"1486","pgm","2","11565","11564","",""
"1487","xslt","18","12287","12286","",""
"1488","file-upload","188","41149","41148","",""
"1489","tclientdataset","18","","","",""
"1491","float","138","41238","41237","",""
"1493","char","133","355371","355370","",""
"1494","int","120","112416","112415","",""
"1495","byte","35","12673","12672","",""
"1496","advpl","36","11662","11661","",""
"1499","análise-estática","3","11817","11816","",""
"1501","porcentagem","41","12123","12122","",""
"1505","listener","23","","","",""
"1507","edittext","84","195206","195205","",""
"1510","jpa","664","12215","12214","",""
"1511","tor","2","11829","11828","",""
"1513","escalabilidade","13","","","",""
"1518","histórico","8","","","",""
"1520","3d","16","11966","11965","",""
"1521","rgl","1","11986","11985","",""
"1525","display","21","12327","12326","",""
"1528","galeria","36","476220","476219","",""
"1530","jquery-datatables","269","20686","20685","",""
"1532","logcat","6","","","",""
"1533","processamento-de-imagens","124","288683","288682","",""
"1534","portugol","107","12557","12556","",""
"1535","pseudocódigo","26","192002","192001","",""
"1536","filter","113","","","",""
"1539","microsoft-word","58","","","",""
"1541","visão-computacional","18","12937","12936","",""
"1542","drupal","8","21080","21079","",""
"1543","ormlite","6","","","",""
"1544","encapsulamento","45","209351","209350","",""
"1546","order-by","70","","","",""
"1551","bitwise","18","73627","73626","",""
"1554","coffeescript","15","101483","101482","",""
"1555","lazarus","36","14613","14612","",""
"1558","cdn","19","21075","21074","",""
"1565","gps","63","27508","27507","",""
"1566","xampp","163","17745","17744","",""
"1567","angular-providers","9","","","",""
"1568","jquery-mobile","76","74383","74382","",""
"1569","delete","73","41248","41247","",""
"1571","rmi","20","","","",""
"1576","ntp","1","27565","27564","",""
"1577","flash","45","73861","73860","",""
"1578","paradigma-de-programação","44","423828","423827","",""
"1579","haskell","68","30026","30025","",""
"1580","lista-encadeada","203","86957","86956","",""
"1581","garbage-collector","46","73886","73885","",""
"1585","infomaker","1","13451","13450","",""
"1586","pl-sql","285","27588","27587","",""
"1587","sql-server-2012","88","18976","18975","",""
"1589","entity-framework-6","368","21206","21205","",""
"1590","área-de-transferência","23","81117","81116","",""
"1591","libcurl","308","15171","15170","",""
"1592","apk","68","17747","17746","",""
"1595","servidor-de-aplicação","14","","","",""
"1598","áudio","85","27329","27328","",""
"1601","representação-numérica","6","184186","184185","",""
"1603","connectionstring","41","","","",""
"1605","números-binários","17","","","",""
"1608","active-directory","50","13763","13762","",""
"1609","sublime-text","59","52557","52556","",""
"1611","cloud","49","20820","20819","",""
"1621","apache-solr","10","","","",""
"1622","wget","13","27569","27568","",""
"1623","lista","1103","17691","17690","",""
"1625","look-and-feel","4","","","",""
"1626","xcode","220","14488","14487","",""
"1627","struct","409","27478","27477","",""
"1628","fopen","34","","","",""
"1629","sql-server-2014","57","","","",""
"1630","devise","33","28038","28037","",""
"1631","codename-one","2","","","",""
"1632","organização-de-projeto","32","","","",""
"1635","weka","8","26464","26463","",""
"1638","x64","12","20842","20841","",""
"1639","gráfico","191","73968","73967","",""
"1643","polimorfismo","74","14278","14277","",""
"1644","bitbucket","59","65023","65022","",""
"1646","heredoc","3","","","",""
"1648","pascal","71","18973","18972","",""
"1649","pandas","821","14399","14398","",""
"1651","zeos","13","14473","14472","",""
"1654","webgl","6","92455","92454","",""
"1657","nosql","84","16126","16125","",""
"1658","fullcalendar","113","14588","14587","",""
"1659","cron","85","17743","17742","",""
"1667","touch","20","","","",""
"1668","mobile-safari","8","21195","21194","",""
"1670","aprendizagem-de-máquina","43","49268","49267","",""
"1671","masked-input-plugin","3","14812","14811","",""
"1672","wsdl","56","20847","20846","",""
"1673","clr","23","14886","14885","",""
"1674","minitest","4","28043","28042","",""
"1675","sfml","13","14995","14994","",""
"1677","include","86","","","",""
"1679","delphi-6","9","15115","15114","",""
"1681","memory-limit","9","","","",""
"1682","memória","360","15266","15265","",""
"1683","protótipo","23","21184","21183","",""
"1684","clickonce","13","15276","15275","",""
"1685","cassandra","10","15304","15303","",""
"1688","resultset","27","","","",""
"1690","multi-tenancy","21","15402","15401","",""
"1692","jax-ws","14","74315","74314","",""
"1693","asp.net-identity","149","34842","34841","",""
"1695","sparql","2","15518","15517","",""
"1696","system-tray","4","20864","20863","",""
"1697","xls","47","41056","41055","",""
"1701","login","294","80879","80878","",""
"1702","wildfly","96","291571","291570","",""
"1705","jaxb","16","74313","74312","",""
"1709","heroku","109","17682","17681","",""
"1711","java-me","3","74311","74310","",""
"1713","chave-composta","17","17178","17177","",""
"1714","antivirus","13","18979","18978","",""
"1715","firewall","14","21250","21249","",""
"1717","favicon","14","17741","17740","",""
"1718","sql-select","248","20849","20848","",""
"1720","spss","6","","","",""
"1721","vraptor","54","20826","20825","",""
"1722","jquery-1.6","1","21197","21196","",""
"1726","delphi-xe5","43","103780","103779","",""
"1727","emulador","51","","","",""
"1731","toggle","30","","","",""
"1732","bootstrap-glyphicons","16","17175","17174","",""
"1733","uri","26","27543","27542","",""
"1736","rss","17","","","",""
"1739","try-finally","12","","","",""
"1741","propriedade","112","","","",""
"1745","buffer-overflow","4","","","",""
"1746","time","112","41213","41212","",""
"1748","xmldocument","22","","","",""
"1751","xna","5","17739","17738","",""
"1754","windows-8","16","16526","16525","",""
"1759","background-services","7","","","",""
"1765","independente-de-linguagem","104","34878","34877","",""
"1768","grails","31","16865","16864","",""
"1769","ckeditor","57","16994","16993","",""
"1771","xml-namespaces","9","16912","16911","",""
"1772","stdclass","11","20853","20852","",""
"1773","javafx","291","27483","27482","",""
"1774","assincronismo","128","190864","190863","",""
"1782","accordion","9","20698","20697","",""
"1784","edição-de-imagens","8","","","",""
"1785","opencv","201","17536","17535","",""
"1788","sortable","21","","","",""
"1789","enumerable","10","","","",""
"1792","dev-c++","54","27513","27512","",""
"1800","sequelize-js","137","17541","17540","",""
"1801","core-data","29","17673","17672","",""
"1802","nspredicate","4","","","",""
"1808","soa","12","17722","17721","",""
"1815","seo","139","18936","18935","",""
"1816","engenharia-de-software","297","18970","18969","",""
"1822","constraint","23","40571","40570","",""
"1823","mockito","33","288643","288642","",""
"1824","ajaxtoolkit","8","","","",""
"1825","stackexchange","3","20858","20857","",""
"1831","rgb","15","20988","20987","",""
"1832","cores","38","","","",""
"1836","angular-kendo","3","482158","482157","",""
"1837","swift","494","19467","19466","",""
"1840","linq-to-entities","52","20567","20566","",""
"1841","goto","10","20693","20692","",""
"1842","imagemagick","19","20690","20689","",""
"1845","sslstream","4","","","",""
"1847","jtable","125","156067","156066","",""
"1850","single-page-application","46","304640","304639","",""
"1852","compressão","16","","","",""
"1854","instagram-api","40","21175","21174","",""
"1856","xhtml","97","21237","21236","",""
"1857","groovy","49","27600","27599","",""
"1859","prolog","29","27563","27562","",""
"1861","izpack","1","74304","74303","",""
"1863","multiple-file-upload","32","184283","184282","",""
"1865","rsa","18","27510","27509","",""
"1868","dropzonejs","12","21663","21662","",""
"1869","fast-reports","21","21682","21681","",""
"1870","pop3","3","27561","27560","",""
"1872","sdk","53","27465","27464","",""
"1877","relacionamento","165","75375","75374","",""
"1878","woocommerce","133","21848","21847","",""
"1879","fila-thread","6","","","",""
"1880","twitter-api","61","","","",""
"1884","jvm","42","27366","27365","",""
"1886","unreal-engine","4","27467","27466","",""
"1897","controller","188","81679","81678","",""
"1900","mysqli","942","52189","52188","",""
"1902","chave-estrangeira","119","186451","186450","",""
"1906","android-loader","1","33679","33678","",""
"1907","metaprogramação","10","423826","423825","",""
"1909","genexus","62","22434","22433","",""
"1910","java-bean","24","27555","27554","",""
"1914","adobe-flex","10","64875","64874","",""
"1916","oledb","27","27358","27357","",""
"1917","odbc","49","27362","27361","",""
"1920","rich-faces","19","41066","41065","",""
"1921","pojo","8","27364","27363","",""
"1925","web.config","59","190929","190928","",""
"1927","windows-phone-8-1","56","110748","110747","",""
"1929","gorm","5","73949","73948","",""
"1930","delphi-xe6","26","130239","130238","",""
"1931","perl","42","23221","23220","",""
"1932","princípios-de-programação","25","53241","53240","",""
"1933","abstração","10","","","",""
"1935","jogos","108","23149","23148","",""
"1936","cakephp-2","88","27474","27473","",""
"1937","html-select","162","23156","23155","",""
"1939","knockoutjs","36","32505","32504","",""
"1941","tkinter","328","78299","78298","",""
"1944","mysql-find-in-set","1","23323","23322","",""
"1945","undefined","50","23334","23333","",""
"1947","directx","6","23404","23403","",""
"1949","powerpoint","14","27353","27352","",""
"1954","cpanel","39","23579","23578","",""
"1955","animação","165","23581","23580","",""
"1957","decorator-pattern","16","73838","73837","",""
"1959","xib","2","","","",""
"1960","storyboard","11","","","",""
"1965","webserver","18","27567","27566","",""
"1966","licença","49","23757","23756","",""
"1967","gpl","5","23759","23758","",""
"1968","chave-primária","43","27356","27355","",""
"1969","gui","113","74268","74267","",""
"1972","set","24","","","",""
"1974","bower","30","65031","65030","",""
"1975","yeoman","5","75333","75332","",""
"1980","checkbox","310","41191","41190","",""
"1984","input","502","137293","137292","",""
"1989","http-request","199","291563","291562","",""
"1992","metodologia-ágil","21","27343","27342","",""
"1997","openldap","11","26662","26661","",""
"2001","proguard-android","4","25708","25707","",""
"2004","lucene","9","25794","25793","",""
"2008","2d","12","27341","27340","",""
"2009","autômatos","14","27360","27359","",""
"2010","android-eclipse","36","148639","148638","",""
"2011","getters-setters","66","73943","73942","",""
"2016","sql-server-2008","55","","","",""
"2017","handlebars.js","33","74276","74275","",""
"2021","richtextbox","12","27349","27348","",""
"2022","window-builder","16","75355","75354","",""
"2023","avd","16","","","",""
"2025","indentação","25","","","",""
"2029","mongoose","196","47625","47624","",""
"2030","while","364","75336","75335","",""
"2031","fullscreen","20","","","",""
"2032","height","28","","","",""
"2038","syntactic-sugar","3","26652","26651","",""
"2039","pjax","3","27338","27337","",""
"2041","iphone","89","27345","27344","",""
"2045","jquery-select2","65","26885","26884","",""
"2049","report-builder","7","52185","52184","",""
"2052","i18n","29","27333","27332","",""
"2055","adobe-air","11","64872","64871","",""
"2058","transcrição-de-áudio","1","27458","27457","",""
"2059","physx","2","","","",""
"2062","asr","1","27325","27324","",""
"2064","ant","12","64887","64886","",""
"2067","erb","9","27725","27724","",""
"2068","devexpress","47","68493","68492","",""
"2071","shortcode","12","","","",""
"2073","mapa-cartográfico","138","137389","137388","",""
"2076","asmx","19","","","",""
"2080","atom","30","28101","28100","",""
"2083","awk","24","28169","28168","",""
"2084","xmlhttprequest","75","75314","75313","",""
"2085","authorization","17","","","",""
"2089","boleto","33","73630","73629","",""
"2093","android-manifest","32","28774","28773","",""
"2094","webview","154","172312","172311","",""
"2098","ms-dos","25","","","",""
"2100","sinatra","3","28621","28620","",""
"2105","jsonp","13","","","",""
"2114","csrf","18","28840","28839","",""
"2122","wordcloud","4","","","",""
"2124","phpstorm","25","78329","78328","",""
"2126","reportviewer","73","61270","61269","",""
"2127","wildcard","6","66625","66624","",""
"2137","contador","64","","","",""
"2140","ocr","18","187546","187545","",""
"2141","prompt","60","","","",""
"2148","java-8","208","66715","66714","",""
"2149","jquery-plugins","24","","","",""
"2150","context-menu","7","","","",""
"2154","java-ee-7","14","","","",""
"2155","jpql","50","30229","30228","",""
"2166","crux-framework","3","30493","30492","",""
"2167","hashset","7","","","",""
"2168","qrcode","38","80872","80871","",""
"2171","big-data","32","65016","65015","",""
"2172","scanner","51","","","",""
"2175","zurb-foundation","23","207841","207840","",""
"2183","teoria-da-computação","39","","","",""
"2189","firebase","788","30831","30830","",""
"2193","quicksort","25","","","",""
"2194","http-post","14","","","",""
"2198","slide","47","","","",""
"2202","bundle","18","","","",""
"2204","jquery.validate","16","74374","74373","",""
"2208","mongodb","583","47660","47659","",""
"2210","oracle11c","16","","","",""
"2212","mongodb-csharp","19","","","",""
"2213","lógica","412","137256","137255","",""
"2216","android-assets","3","156737","156736","",""
"2218","replicação","20","427664","427663","",""
"2222","dump","14","","","",""
"2224","virtualhost","34","66637","66636","",""
"2233","model-validation","18","","","",""
"2235","trait","17","32469","32468","",""
"2237","código-de-barras","20","73803","73802","",""
"2238","postfix","5","","","",""
"2242","ad","17","","","",""
"2243","orientação-a-aspectos","7","32753","32752","",""
"2245","poco","4","32925","32924","",""
"2251","repository","50","112418","112417","",""
"2252","jodatime","8","345424","345423","",""
"2253","asp.net-profile","4","","","",""
"2254","complexidade-de-algoritmo","86","112424","112423","",""
"2255","gulpjs","29","74272","74271","",""
"2256","jstree","5","","","",""
"2263","pic","12","","","",""
"2265","httpapplication","1","33764","33763","",""
"2267","acessibilidade","38","95103","95102","",""
"2268","shell-script","258","75379","75378","",""
"2282","redis","33","39531","39530","",""
"2283","uuid","15","52071","52070","",""
"2284","expressões","15","","","",""
"2285","silverlight","12","","","",""
"2291","primefaces-3.5","31","41367","41366","",""
"2294","actions","11","","","",""
"2295","captcha","31","64000","63999","",""
"2300","tesseract","9","34905","34904","",""
"2302","swift-playground","9","34952","34951","",""
"2308","play-framework","29","","","",""
"2310","lua-table","25","","","",""
"2313","portabilidade","8","","","",""
"2322","business-intelligence","33","593836","593835","",""
"2326","httr","7","","","",""
"2339","stored-procedures","172","75381","75380","",""
"2340","jekyll","15","36962","36961","",""
"2341","extensão","31","","","",""
"2342","jquery-toggleclass","6","","","",""
"2343","userscripts","5","37069","37068","",""
"2347","script","378","81114","81113","",""
"2348","request","143","103771","103770","",""
"2352","pydev","5","","","",""
"2356","gson","65","73985","73984","",""
"2357","mysqldump","13","","","",""
"2358","linq-to-sql","39","37325","37324","",""
"2361","mapkit","9","41835","41834","",""
"2364","microsoft-office","24","","","",""
"2365","transações","63","59292","59291","",""
"2367","actionbar","44","","","",""
"2375","uitextfield","11","","","",""
"2376","progress-bar","65","","","",""
"2377","hql","36","74282","74281","",""
"2383","resize","21","268884","268883","",""
"2394","d3.js","26","136574","136573","",""
"2397","css-hover","136","369238","369237","",""
"2399","android-activity","367","148403","148402","",""
"2401","vbs","41","156106","156105","",""
"2402","log-de-eventos-windows","2","","","",""
"2407","idle-ide","7","74286","74285","",""
"2408","taxonomia","21","","","",""
"2412","uitableview","35","","","",""
"2413","uitableviewcell","16","","","",""
"2419","memcached","6","39533","39532","",""
"2420","safari","31","","","",""
"2421","tempo-de-resposta","5","","","",""
"2428","busca-binária","21","","","",""
"2429","font","44","","","",""
"2430","drawing","16","","","",""
"2431","equals","10","","","",""
"2432","throw","7","421940","421939","",""
"2433","internacionalização","21","259135","259134","",""
"2435","indexof","18","424333","424332","",""
"2436","volley","54","47069","47068","",""
"2438","fpdf","31","73869","73868","",""
"2440","afnetworking","6","50992","50991","",""
"2441","nagios","3","","","",""
"2442","activex","8","39356","39355","",""
"2448","printf","61","","","",""
"2449","uisearchbar","5","","","",""
"2451","nullable","12","80874","80873","",""
"2453","calendar","58","70671","70670","",""
"2455","sha-256","14","","","",""
"2457","push-notification","84","447848","447847","",""
"2458","apns","3","","","",""
"2464","icalendar","1","39585","39584","",""
"2467","stringbuffer","2","","","",""
"2471","gcc","69","73923","73922","",""
"2472","mingw","32","","","",""
"2476","jquery-animate","23","","","",""
"2477","javascript-eventos","297","153747","153746","",""
"2478","background-color","26","","","",""
"2483","database-first","9","","","",""
"2485","apple-push-notification","15","","","",""
"2486","array-associativo","39","81111","81110","",""
"2490","timeout","26","","","",""
"2493","webrequest","20","","","",""
"2494","meteorjs","15","399581","399580","",""
"2495","automatização","67","","","",""
"2501","guid","8","74270","74269","",""
"2506","singleton","30","112427","112426","",""
"2510","driver","17","","","",""
"2518","navegação","15","","","",""
"2522","arquitetura-computadores","47","113167","113166","",""
"2523","ddd","125","41051","41050","",""
"2528","awt","25","73623","73622","",""
"2530","kinect","7","58234","58233","",""
"2532","c++-cli","4","","","",""
"2538","diff","20","542495","542494","",""
"2539","extension-method","10","","","",""
"2541","autocompletar","123","66712","66711","",""
"2547","uninfe","1","41853","41852","",""
"2548","stream","70","","","",""
"2550","rtti","7","52183","52182","",""
"2551","whm","10","75340","75339","",""
"2553","webix","1","42515","42514","",""
"2554","sitemap","7","93782","93781","",""
"2560","permissões","66","","","",""
"2571","visual-studio-2010","17","","","",""
"2575","animate.css","9","242699","242698","",""
"2577","jtree","11","253844","253843","",""
"2578","biblioteca","112","447466","447465","",""
"2585","tipo-de-conteúdo","4","","","",""
"2586","htpasswd","2","42769","42768","",""
"2596","bluetooth","45","73632","73631","",""
"2602","pygame","71","","","",""
"2603","file-put-contents","6","","","",""
"2608","iis-7","29","","","",""
"2609","constantes","45","80196","80195","",""
"2610","underscore.js","7","","","",""
"2611","aes","21","64883","64882","",""
"2614","join","297","80179","80178","",""
"2615","gammu","2","73881","73880","",""
"2619","sas","14","43719","43718","",""
"2623","getters","5","","","",""
"2625","back-end","122","73872","73871","",""
"2630","equações","13","241336","241335","",""
"2633","imagick","6","","","",""
"2634","clipper","8","73645","73644","",""
"2636","dbase","8","","","",""
"2639","microcontrolador-8051","3","","","",""
"2641","dependências","24","44028","44027","",""
"2642","durandal","2","44034","44033","",""
"2647","css-border-radius","10","","","",""
"2649","popover","19","184279","184278","",""
"2653","bittorrent","5","71942","71941","",""
"2656","capistrano","4","65038","65037","",""
"2657","lib","21","","","",""
"2658","mdx","2","44273","44272","",""
"2659","olap","2","44277","44276","",""
"2661","palavras-reservadas","9","","","",""
"2663","interpolação-de-string","16","","","",""
"2665","sidebar","9","","","",""
"2667","jndi","6","74319","74318","",""
"2668","view","186","81675","81674","",""
"2672","css-display","14","","","",""
"2674","onclick","111","490016","490015","",""
"2676","php-domdocument","14","78068","78067","",""
"2677","uiview","4","","","",""
"2678","blogger","44","94251","94250","",""
"2681","parse","47","70669","70668","",""
"2682","db2","24","48168","48167","",""
"2685","haxeflixel","1","74278","74277","",""
"2691","var-dump","6","71933","71932","",""
"2692","wxwidgets","9","75312","75311","",""
"2695","bootstrap-3","531","51800","51799","",""
"2699","árvore-binária","66","","","",""
"2701","windows-service","28","357015","357014","",""
"2703","callback","74","","","",""
"2704","vbulletin","2","46318","46317","",""
"2706","keylogger","2","58072","58071","",""
"2708","mask","66","","","",""
"2709","jquery-mask-plugin","15","","","",""
"2710","mac","40","","","",""
"2712","appstore","12","","","",""
"2713","iup","2","","","",""
"2715","vídeo","124","148644","148643","",""
"2716","vimeo-api","7","46468","46467","",""
"2718","ksoap2","19","46412","46411","",""
"2719","scrapy","57","46472","46471","",""
"2720","defer","3","46465","46464","",""
"2724","asp.net-mvc-routing","13","","","",""
"2725","armazenamento","26","","","",""
"2726","mariadb","115","52127","52126","",""
"2729","arc","3","","","",""
"2732","lamp","15","62899","62898","",""
"2734","openid","2","73946","73945","",""
"2741","uiimage","2","","","",""
"2742","proguard","9","","","",""
"2745","imgur","2","","","",""
"2758","ninject","14","153053","153052","",""
"2767","gulp","83","139560","139559","",""
"2769","merge","52","","","",""
"2770","binary","56","","","",""
"2779","tortoisesvn","10","52187","52186","",""
"2784","ssms","24","48816","48815","",""
"2787","jasper","90","258577","258576","",""
"2788","count","83","","","",""
"2789","distinct","22","","","",""
"2790","team-build","1","49106","49105","",""
"2791","mql4","3","49252","49251","",""
"2793","delphi-xe2","8","266337","266336","",""
"2794","create","12","","","",""
"2796","packagist","2","49354","49353","",""
"2800","silex","27","164726","164725","",""
"2803","ionic","904","65228","65227","",""
"2808","end-to-end","3","","","",""
"2809","jsfiddle","13","49929","49928","",""
"2811","carregamento","15","","","",""
"2813","case-insensitive","10","190876","190875","",""
"2817","css-padding","5","","","",""
"2820","dompdf","59","","","",""
"2821","webkit","16","75369","75368","",""
"2823","gdb","6","73927","73926","",""
"2824","macro","95","","","",""
"2826","grep","16","73973","73972","",""
"2828","nav-bar","61","","","",""
"2829","marker","21","","","",""
"2838","treeview","38","205358","205357","",""
"2841","tooltip","34","105201","105200","",""
"2846","jquery-validation-engine","6","","","",""
"2848","transição","41","579852","579851","",""
"2850","xcache","2","51742","51741","",""
"2851","opcode","2","51744","51743","",""
"2853","codificação-de-conteúdo","5","","","",""
"2858","longpolling","7","","","",""
"2860","django-1.8","11","","","",""
"2861","interpretador","12","52152","52151","",""
"2862","runtime","64","","","",""
"2863","breakpoints","10","","","",""
"2866","tcpclient","19","","","",""
"2871","kernel","19","74881","74880","",""
"2877","bigint","5","77970","77969","",""
"2880","benchmark","10","52637","52636","",""
"2884","amd","2","64885","64884","",""
"2886","xtrareport","4","75322","75321","",""
"2888","qtwebkit","4","","","",""
"2890","laravel-5","957","85296","85295","",""
"2892","radiobutton","91","70673","70672","",""
"2893","crosswalk","7","","","",""
"2894","indy-9","2","","","",""
"2897","spinners","39","","","",""
"2900","demoiselle-nimble","2","68432","68431","",""
"2906","preg-replace","34","370606","370605","",""
"2908","pouchdb","10","","","",""
"2909","couchdb","11","73832","73831","",""
"2912","qhull","1","54367","54366","",""
"2913","preg-match","54","268090","268089","",""
"2915","db4o","2","73836","73835","",""
"2916","jfreechart","8","74317","74316","",""
"2918","office-open-xml","6","54638","54637","",""
"2919","slim","74","54649","54648","",""
"2920","ng-repeat","34","","","",""
"2924","http-status-code-403","9","","","",""
"2926","io","40","150950","150949","",""
"2928","rgraph","3","54968","54967","",""
"2931","mercurial","5","75373","75372","",""
"2941","reactive-programming","10","55334","55333","",""
"2946","inferência","5","74289","74288","",""
"2954","ping","15","","","",""
"2958","object-pascal","33","241334","241333","",""
"2964","fila","53","72468","72467","",""
"2974","eclipse-link","21","","","",""
"2978","unidade-de-medida","1","56307","56306","",""
"2984","toolbox","6","","","",""
"2986","asp.net-web-api","449","68826","68825","",""
"2993","atributos","118","184500","184499","",""
"2995","argumento","43","146300","146299","",""
"2996","alias","15","77968","77967","",""
"2997","mschart","4","","","",""
"2998","dexie","1","56874","56873","",""
"3002","slim-lang","2","57051","57050","",""
"3011","fixtures","2","","","",""
"3012","uinavigationcontroller","9","","","",""
"3013","portrait","1","64835","64834","",""
"3014","landscape","3","64837","64836","",""
"3015","orientation","6","","","",""
"3019","rails4","63","","","",""
"3025","material-design","52","57535","57534","",""
"3027","intellij","23","","","",""
"3028","group-concat","10","","","",""
"3032","shebang","1","64861","64860","",""
"3033","contents","3","","","",""
"3034","quebras-de-linha","36","","","",""
"3035","intel-xdk","53","57781","57780","",""
"3039","android-styles","11","","","",""
"3040","app-compat-v7","11","57822","57821","",""
"3042","hyper-v","7","64823","64822","",""
"3043","linked-server","11","299100","299099","",""
"3044","asynctask","78","64866","64865","",""
"3048","geolocalização","117","73931","73930","",""
"3049","aptana","2","58065","58064","",""
"3050","pdt","2","58726","58725","",""
"3052","dkim","3","","","",""
"3058","ioc","20","74299","74298","",""
"3059","samba","4","64820","64819","",""
"3061","hasclass","1","80665","80664","",""
"3065","espaço-em-branco","7","58532","58531","",""
"3067","number-format","42","","","",""
"3068","monodevelop","9","","","",""
"3070","golang","131","73351","73350","",""
"3072","doctype","3","73841","73840","",""
"3073","delegate","16","","","",""
"3075","google-analytics-api","54","577140","577139","",""
"3077","where","84","","","",""
"3078","dateinterval","5","","","",""
"3081","backbone","2","65009","65008","",""
"3090","applet","11","64812","64811","",""
"3091","mips","18","59247","59246","",""
"3093","picturebox","19","","","",""
"3099","passagem-por-referência","21","78332","78331","",""
"3101","caelum-stella","3","59720","59719","",""
"3102","apache-poi","38","59722","59721","",""
"3107","boto","1","60021","60020","",""
"3109","longblob","9","","","",""
"3111","demoiselle-certificate","6","60275","60274","",""
"3116","ideone","1","64805","64804","",""
"3122","preprocessador","20","","","",""
"3124","tabbarcontroller","4","","","",""
"3126","sobrecarga","38","64800","64799","",""
"3128","redes-neurais","49","64809","64808","",""
"3129","mlp","2","","","",""
"3132","microsoft","40","66809","66808","",""
"3136","flask","175","63747","63746","",""
"3138","uitabbar","3","","","",""
"3147","marcadores","9","","","",""
"3150","gd","20","73925","73924","",""
"3153","zend-framework-2","35","","","",""
"3156","compiladores","65","64854","64853","",""
"3158","angularjs-services","28","","","",""
"3159","libgit2sharp","2","63566","63565","",""
"3160","trello","5","64783","64782","",""
"3162","nsis","1","63750","63749","",""
"3164","datagrid","34","","","",""
"3165","código-postal","8","63858","63857","",""
"3166","log4j2","6","64777","64776","",""
"3167","syslog","2","64846","64845","",""
"3170","aop","4","66807","66806","",""
"3171","recaptcha","46","64004","64003","",""
"3172","padrão-dao","40","64773","64772","",""
"3175","locale","15","","","",""
"3179","materialize","142","65259","65258","",""
"3180","middleware","25","64766","64765","",""
"3181","jetty","4","64757","64756","",""
"3189","scraping","35","64717","64716","",""
"3190","sftp","10","64843","64842","",""
"3193","visualg","112","104539","104538","",""
"3194","graphael","2","73970","73969","",""
"3195","ionic-popup","7","65080","65079","",""
"3204","dtd","3","73844","73843","",""
"3205","cuda","4","65602","65601","",""
"3206","opencl","2","65604","65603","",""
"3208","sql-server-localdb","7","65797","65796","",""
"3209","tortoisegit","4","73617","73616","",""
"3210","mailer","9","","","",""
"3211","web-scraping","189","136249","136248","",""
"3213","google-adsense","4","71937","71936","",""
"3214","api-youtube","6","","","",""
"3215","mime-type","21","71931","71930","",""
"3216","opensuse","4","","","",""
"3219","phonegap-buillder","21","","","",""
"3220","local-notification","5","","","",""
"3223","typeahead","15","","","",""
"3224","rich-snippets","2","67854","67853","",""
"3225","google-plus","5","73615","73614","",""
"3227","guzzle","22","73621","73620","",""
"3228","node.js","2696","90001","90000","",""
"3233","basic","8","67852","67851","",""
"3234","jms","5","73613","73612","",""
"3242","programação-dinâmica","8","73609","73608","",""
"3247","django-queryset","43","","","",""
"3248","mandrill","1","67847","67846","",""
"3249","homebrew","2","74280","74279","",""
"3252","annotation","53","","","",""
"3254","reflexão","123","68814","68813","",""
"3255","django-templates","124","447626","447625","",""
"3257","admob","43","69601","69600","",""
"3258","publicidade","5","69603","69602","",""
"3261","dsp","5","73611","73610","",""
"3263","google-translate","5","71935","71934","",""
"3267","balanceamento-carga","2","","","",""
"3268","wicket","3","73600","73599","",""
"3269","inner","53","","","",""
"3270","android-sdk","20","73603","73602","",""
"3271","webcam","11","","","",""
"3273","onblur","6","69415","69414","",""
"3274","textview","67","195210","195209","",""
"3275","owl-carousel","44","","","",""
"3281","codeblocks","54","73495","73494","",""
"3282","allegro","17","200007","200006","",""
"3283","html5-video","67","71080","71079","",""
"3284","cmake","25","73598","73597","",""
"3287","django-generic-views","4","","","",""
"3288","workspace","6","75307","75306","",""
"3289","hammerjs","2","74274","74273","",""
"3291","anúncio","8","","","",""
"3292","button","209","248132","248131","",""
"3293","flat-ui","3","73863","73862","",""
"3294","onsen","3","","","",""
"3296","embarcadero","15","","","",""
"3298","eai","1","73846","73845","",""
"3299","esb","3","73853","73852","",""
"3300","redimensionamento","23","","","",""
"3302","iscroll5","1","70492","70491","",""
"3303","cufon","2","70586","70585","",""
"3305","multi-core","3","","","",""
"3307","visual-studio-2015","206","112402","112401","",""
"3313","breadcrumbs","4","71058","71057","",""
"3319","viewport","13","71259","71258","",""
"3321","máquina-de-estado","4","","","",""
"3322","redirect","30","","","",""
"3324","libvlc","2","71939","71938","",""
"3327","facebook-sdk","372","102107","102106","",""
"3328","jspdf","37","228078","228077","",""
"3329","log4net","5","71426","71425","",""
"3331","itext","22","362268","362267","",""
"3337","redips.drag","2","71716","71715","",""
"3339","for","486","73867","73866","",""
"3343","horizontal","7","","","",""
"3344","inputstream","14","","","",""
"3346","qcamera","2","","","",""
"3347","e-commerce","54","73851","73850","",""
"3359","html-meta-tag","49","72818","72817","",""
"3360","owl","6","","","",""
"3365","camel-case","9","73635","73634","",""
"3367","exploit","3","73856","73855","",""
"3368","jade","20","","","",""
"3369","docker","307","72853","72852","",""
"3370","ini","14","74292","74291","",""
"3372","j","1","80877","80876","",""
"3373","integridade","2","","","",""
"3374","persistência","55","294433","294432","",""
"3375","parse.com","14","73198","73197","",""
"3379","interoperabilidade","12","74297","74296","",""
"3380","spring-tools-suite","7","73264","73263","",""
"3381","spring-boot","659","154182","154181","",""
"3383","resharper","13","","","",""
"3387","rtmpdump","2","73783","73782","",""
"3388","sweetalert","23","","","",""
"3389","microcontroladores-8bits","2","73733","73732","",""
"3390","multimedia","2","","","",""
"3392","dwoo","2","74327","74326","",""
"3395","servlet-3","9","73978","73977","",""
"3396","lumen","30","74892","74891","",""
"3402","visual-studio-online","5","","","",""
"3404","carousel","87","518532","518531","",""
"3407","restfb","1","74427","74426","",""
"3409","destrutor","8","","","",""
"3411","alert","52","146297","146296","",""
"3417","jmf","1","75469","75468","",""
"3418","axis2","4","","","",""
"3420","carga-preguiçosa","1","75668","75667","",""
"3421","carga-antecipada","1","75662","75661","",""
"3425","vpn","11","75811","75810","",""
"3427","google-cloud-messaging","11","","","",""
"3428","cakephp-3","68","78070","78069","",""
"3430","coleção","11","77965","77964","",""
"3433","django-filter","6","","","",""
"3434","c++-builder","12","","","",""
"3441","variáveis-de-ambiente","25","417080","417079","",""
"3445","genymotion","13","","","",""
"3448","bootsfaces","6","","","",""
"3451","visual-studio-code","336","77457","77456","",""
"3452","navigation-drawer","51","147439","147438","",""
"3454","double","43","448187","448186","",""
"3455","app.config","23","","","",""
"3456","jtextarea","17","172263","172262","",""
"3457","settimeout","25","","","",""
"3459","task","46","77912","77911","",""
"3465","sharedpreferences","46","380769","380768","",""
"3468","iptables","4","","","",""
"3470","spl","6","78581","78580","",""
"3471","metroframework","7","78578","78577","",""
"3473","babel","22","","","",""
"3475","html2canvas","13","78771","78770","",""
"3476","do-while","30","","","",""
"3480","microsoft-edge","14","79968","79967","",""
"3484","moq","12","80272","80271","",""
"3486","war","5","","","",""
"3487","build","65","","","",""
"3496","componentes","66","","","",""
"3497","chartjs","107","226725","226724","",""
"3500","jboss-weld","5","80846","80845","",""
"3502","yaml","18","80883","80882","",""
"3503","indução-de-tipo","3","81056","81055","",""
"3504","ashx","3","","","",""
"3505","quickreport","5","","","",""
"3506","append","43","","","",""
"3507","cardinalidade","10","306749","306748","",""
"3508","webgrid","11","81168","81167","",""
"3510","windows-10","55","","","",""
"3511",".net-compiler-platform","5","","","",""
"3512","modal","312","118397","118396","",""
"3516","sybase","15","","","",""
"3517","dapper","57","81637","81636","",""
"3518","ontologia","4","","","",""
"3523","css-animations","45","","","",""
"3531","timespan","9","","","",""
"3532","requisição","54","","","",""
"3536","jstl","21","359553","359552","",""
"3543","custom-post-types","17","","","",""
"3544","automapper","39","254291","254290","",""
"3547","static","54","","","",""
"3548","entidade-relacionamento","51","83099","83098","",""
"3552","indexeddb","13","","","",""
"3553","angular-module","24","","","",""
"3556","ícone-de-bandeja","2","","","",""
"3558","body","12","","","",""
"3559","footer","21","","","",""
"3561","testcase","2","","","",""
"3562","phpunit","33","186921","186920","",""
"3564","nuget","42","209489","209488","",""
"3565","powerpanel","2","","","",""
"3566","cocos2dx","1","84109","84108","",""
"3569","asp.net-mvc-helper","8","84160","84159","",""
"3570","input-type-date","2","84182","84181","",""
"3572","mediawiki","1","100942","100941","",""
"3573","jdk","33","","","",""
"3575","hadoop","13","236309","236308","",""
"3576","t4","6","85358","85357","",""
"3579","npm","213","286115","286114","",""
"3589","métodos-mágicos","6","","","",""
"3590","php-7","194","86253","86252","",""
"3592","dataset","44","","","",""
"3596","user-agent","8","","","",""
"3598","angular-routes","75","","","",""
"3601","flexslider","9","","","",""
"3602","branch","24","","","",""
"3608","app-hibrido","9","","","",""
"3609","iterator","55","","","",""
"3610","url-amigavel","12","","","",""
"3615","globalização","8","354433","354432","",""
"3617","tcp","24","","","",""
"3619","dispose","15","","","",""
"3620","apache-tiles","3","","","",""
"3621","md6","1","87334","87333","",""
"3622","jax-rs","26","","","",""
"3633","caracteres","51","","","",""
"3634","castle-windsor","2","","","",""
"3638","drawer-layout","6","","","",""
"3641","spl-autoloader-register","6","","","",""
"3642","minificação","16","","","",""
"3650","reprodutor-de-video","31","92701","92700","",""
"3651","sdn","3","","","",""
"3654","vuforia","2","","","",""
"3658","firefox-extensão","12","255760","255759","",""
"3660","prepared-statement","19","","","",""
"3661","jwt","98","310174","310173","",""
"3662","modularização","15","","","",""
"3663","spring-jpa","105","166342","166341","",""
"3666","dnx","3","","","",""
"3667","bem","5","","","",""
"3669","selenium-webdriver","422","90343","90342","",""
"3673","application-service","5","","","",""
"3677","diretivas-de-compilação","15","183769","183768","",""
"3679","internet","13","","","",""
"3682","routing","11","","","",""
"3683","processwire","2","90678","90677","",""
"3686","php-domxpath","7","","","",""
"3689","h2database","17","437037","437036","",""
"3691","ui-router","20","","","",""
"3693","countdown","11","","","",""
"3696","sourcetree","5","","","",""
"3700","decimal","62","","","",""
"3701","nesbox","2","","","",""
"3702","css-seletores","16","","","",""
"3707","arraylist","276","156071","156070","",""
"3708","loopback","3","91979","91978","",""
"3710","nan","16","536001","536000","",""
"3724","token","78","185646","185645","",""
"3725","scope","27","","","",""
"3727","slf4j","4","","","",""
"3728","jboss-modules","2","","","",""
"3729","edi","4","93361","93360","",""
"3732","factory","10","","","",""
"3734","cucumber","23","","","",""
"3737","default","11","","","",""
"3744","phalcon-php","7","164222","164221","",""
"3749","tradução","13","","","",""
"3754","tuple","17","","","",""
"3756","resteasy","6","","","",""
"3759","apache-storm","1","95505","95504","",""
"3761","microcontrolador","10","95002","95001","",""
"3765","emberjs","10","95125","95124","",""
"3766","valor-monetário","35","145875","145874","",""
"3769","prototypejs","5","","","",""
"3771","php-cpp","5","","","",""
"3772","software","18","","","",""
"3774","stmt","2","","","",""
"3778","localhost","70","","","",""
"3783","jni","10","135980","135979","",""
"3791","newline","4","","","",""
"3796","electron","88","101379","101378","",""
"3802","delphi-xe8","50","130237","130236","",""
"3807","extension","6","","","",""
"3810","entrada-de-dados","37","","","",""
"3813","php-cli","5","233606","233605","",""
"3827","artisan","30","98293","98292","",""
"3828","binding","40","","","",""
"3833","forms-authentication","12","98983","98982","",""
"3836","morris","3","","","",""
"3837","font-awesome","37","","","",""
"3838","text","48","","","",""
"3845","easyphp","14","99645","99644","",""
"3847","microdata","2","99701","99700","",""
"3848","thumbnail","22","190927","190926","",""
"3854","datapicker","19","","","",""
"3855","setinterval","31","309164","309163","",""
"3859","mpdf","75","","","",""
"3861","métodos-estáticos","32","","","",""
"3864","markdown","24","375280","375279","",""
"3868","retrofit","84","107987","107986","",""
"3871","abot","2","101408","101407","",""
"3876","dql","6","","","",""
"3877","pycharm","74","368038","368037","",""
"3882","biginteger","7","","","",""
"3883","using","23","","","",""
"3892","xamarin-studio","11","103851","103850","",""
"3894","bind","10","","","",""
"3899","stylus","11","288255","288254","",""
"3902","rtsp","5","","","",""
"3907","lollipop","4","","","",""
"3908","okhttp","13","","","",""
"3909","vitamio","1","102291","102290","",""
"3916","selectize.js","2","102449","102448","",""
"3918","pubcenter","2","","","",""
"3919","construct-2","10","112297","112296","",""
"3926","operador-lógico","10","","","",""
"3928","getjson","19","","","",""
"3929","ddl","3","","","",""
"3938","engenharia-reversa","14","159525","159524","",""
"3949","rvest","18","136374","136373","",""
"3965","android-service","33","147805","147804","",""
"3975","kotlin","246","106364","106363","",""
"3982","fluentvalidation","6","106936","106935","",""
"3984","unity-5","73","113194","113193","",""
"3985","angularjs-factorys","9","","","",""
"3992","rotação","13","113192","113191","",""
"3993","composição","19","","","",""
"3994","princípio-liskov","2","","","",""
"3995","magic-quotes-gpc","2","107627","107626","",""
"4001","plugin-wordpress","99","447237","447236","",""
"4002","django-admin","35","","","",""
"4007","c++14","27","113190","113189","",""
"4008","firemonkey","88","291596","291595","",""
"4010","profiling","5","","","",""
"4020","lwjgl","4","113185","113184","",""
"4021","select-limit","11","","","",""
"4022","inicialização","27","","","",""
"4023","tabela-temporária","10","","","",""
"4025","load","30","","","",""
"4028","imageview","57","","","",""
"4034","tablelayout","4","","","",""
"4035","span","8","","","",""
"4038","plpgsql","20","175847","175846","",""
"4041","ng-controller","6","109693","109692","",""
"4047","json.net","14","","","",""
"4048","https","101","374870","374869","",""
"4054","txt","191","113182","113181","",""
"4056","psr","6","111103","111102","",""
"4061",".exe","37","113178","113177","",""
"4062","alamofire","18","111241","111240","",""
"4063","alamofireimage","1","111243","111242","",""
"4064","pyopengl","8","111256","111255","",""
"4067","julia","7","111381","111380","",""
"4068","meteor","20","","","",""
"4075","octal","3","112724","112723","",""
"4080","lightbox","18","","","",""
"4081","maskmoney","16","","","",""
"4082","ember-data","1","112311","112310","",""
"4083","asp.net-web-api-2","14","","","",""
"4090","semantic-ui","13","","","",""
"4092","validator","18","","","",""
"4094","case","51","","","",""
"4104","analise-léxica","7","114907","114906","",""
"4105","summernote","13","113633","113632","",""
"4106","smart-pointer","6","","","",""
"4107","w3.css","3","113807","113806","",""
"4109","brainfuck","2","114905","114904","",""
"4112","regra-de-negócio","14","","","",""
"4114","itunes","6","","","",""
"4116","usb","9","116550","116549","",""
"4119","sublime-text-3","28","","","",""
"4121","django-1.9","4","","","",""
"4125","autohotkey","6","","","",""
"4133","with","7","","","",""
"4134","pagedlist","5","115013","115012","",""
"4136","w3c-validador","12","","","",""
"4141","timepicker","10","","","",""
"4143","event-dispatch-thread","6","121739","121738","",""
"4146","fabrio.io","1","115542","115541","",""
"4153","sql-server-2000","1","116173","116172","",""
"4156","handler","9","","","",""
"4158","watch","4","","","",""
"4161","padding","10","","","",""
"4166","posix","14","","","",""
"4169","uwp","61","195932","195931","",""
"4170","scenebuilder","15","","","",""
"4171","fxml","18","","","",""
"4174","php-doc","2","","","",""
"4175","php-document","3","","","",""
"4177","oracle11g","102","184222","184221","",""
"4178","asp.net-core","646","144046","144045","",""
"4179","semantic-versioning","3","149450","149449","",""
"4181","actionscript","7","195079","195078","",""
"4183","joptionpane","20","198735","198734","",""
"4190","booleano","65","193539","193538","",""
"4193","sistemas-distribuídos","18","","","",""
"4197","primefaces-5.2","18","","","",""
"4199","fetchall","4","","","",""
"4200","feed","7","172383","172382","",""
"4203","compass","5","","","",""
"4204","bootstrap","450","145734","145733","",""
"4207","swingworker","8","119548","119547","",""
"4208","angular-material","85","354441","354440","",""
"4210","ado","9","130296","130295","",""
"4211","outlook","25","","","",""
"4212","assinatura","8","","","",""
"4215","selected-option","15","","","",""
"4217","teste-de-mesa","3","","","",""
"4220","library","25","","","",""
"4224","scaffold","18","120765","120764","",""
"4230","visibilidade","16","296143","296142","",""
"4238","pgadmin","22","","","",""
"4242","promises","129","121759","121758","",""
"4243","ngroute","8","","","",""
"4245","threadpool","9","","","",""
"4249","angular2-directives","5","","","",""
"4256","angular-chart","4","","","",""
"4260","pechkin","3","122424","122423","",""
"4263","procedural","8","","","",""
"4282","each","16","","","",""
"4283","option","28","","","",""
"4284","blog","17","","","",""
"4285","gitlab","54","151446","151445","",""
"4294","prototipação","4","123340","123339","",""
"4295","when","10","","","",""
"4297","host","18","","","",""
"4301","nodemailer","20","","","",""
"4302","onedrive","4","124299","124298","",""
"4305","libgdx","12","","","",""
"4309","android-databinding","6","124489","124488","",""
"4312","partial","7","","","",""
"4313","pagespeed-insights","11","212500","212499","",""
"4315","id","55","","","",""
"4316","symfony3","5","126344","126343","",""
"4322","patch","4","","","",""
"4327","ionic2","215","184682","184681","",""
"4329","realmdb","15","195082","195081","",""
"4335","pixels","12","","","",""
"4338",".net-core","162","388589","388588","",""
"4339","dataannotations","33","126504","126503","",""
"4340","robots.txt","11","581165","581164","",""
"4346","assert","11","","","",""
"4348","zoom","15","","","",""
"4357","virtualenv","27","355901","355900","",""
"4362","jbutton","27","186997","186996","",""
"4364","física","7","150653","150652","",""
"4368","android-xml","51","172934","172933","",""
"4369","flexbox","111","356043","356042","",""
"4370","openlayers","3","135012","135011","",""
"4372","delphi-10","84","130445","130444","",""
"4375","contains","9","","","",""
"4378","jpanel","13","136983","136982","",""
"4390","programação-estruturada","42","136981","136980","",""
"4391","cgi","8","135006","135005","",""
"4397","rhino","2","","","",""
"4399","viewpager","10","","","",""
"4402","inappbrowser","6","","","",""
"4405","tablemodel","13","134987","134986","",""
"4406","openlayers-3","5","","","",""
"4410","postgis","12","541276","541275","",""
"4411","chromium","16","137138","137137","",""
"4414","dbset","3","137245","137244","",""
"4417","hack","4","216670","216669","",""
"4418","xdebug","16","","","",""
"4419","android-ndk","13","136634","136633","",""
"4421","sns","2","136946","136945","",""
"4424","clang","8","","","",""
"4425","tabela-verdade","5","137254","137253","",""
"4427","zlib","1","137442","137441","",""
"4431","q.js","1","137877","137876","",""
"4437","void","16","","","",""
"4438","snake-case","2","","","",""
"4441","key-value","3","","","",""
"4442","icons","36","","","",""
"4443","bookmarklet","3","453074","453073","",""
"4444","notifyicon","6","","","",""
"4448","kcfinder","4","","","",""
"4450","viewmodel","32","","","",""
"4451","momentjs","38","447220","447219","",""
"4455","querybuilder","21","","","",""
"4456","hangfire","7","140849","140848","",""
"4457","chosen-jquery-plugin","8","","","",""
"4464","fullpage.js","4","","","",""
"4465","slideshow","14","","","",""
"4470","react-native","713","186709","186708","",""
"4474","floating","3","","","",""
"4476","ciência-da-computação","82","150982","150981","",""
"4487","android-camera","44","145728","145727","",""
"4491","firebird-2.5","24","","","",""
"4493","sql-server-express","21","146291","146290","",""
"4494","delphi-2010","9","150979","150978","",""
"4495","cartão-de-crédito","2","150974","150973","",""
"4496","dados-hierárquicos","11","379243","379242","",""
"4499","webstorm","4","","","",""
"4504","uiviewcontroller","4","","","",""
"4506","clojure","12","146464","146463","",""
"4509","vue.js","752","146651","146650","",""
"4510","event-listener","30","","","",""
"4511","ejs","42","","","",""
"4513","d","1","147220","147219","",""
"4514","desserialização","42","147096","147095","",""
"4516","pyside","13","151116","151115","",""
"4519","k-means","8","147475","147474","",""
"4522","ng-animate","3","147608","147607","",""
"4524","checksum","8","150665","150664","",""
"4525",".net-assembly","13","226389","226388","",""
"4526","xamarin-forms","229","149108","149107","",""
"4527","dpi","3","150989","150988","",""
"4529","ansi","9","235507","235506","",""
"4530","padrão-de-texto","6","","","",""
"4531","identity-server","3","","","",""
"4532","google-location-api","11","148184","148183","",""
"4533","android-intent","42","148263","148262","",""
"4536","pyqt","57","159400","159399","",""
"4539","android-permission","36","148531","148530","",""
"4540","file-permission","19","148581","148580","",""
"4548","neo4j","12","199437","199436","",""
"4551","npgsql","14","193126","193125","",""
"4554","api-key","5","149260","149259","",""
"4559","reshape","7","","","",""
"4561","ícone","7","","","",""
"4567","android-notification","50","150266","150265","",""
"4571","fatorial","22","150660","150659","",""
"4575","range","32","150971","150970","",""
"4578","utf8-decode","11","","","",""
"4582","android-adapter","117","151341","151340","",""
"4583","collapse","29","","","",""
"4584","html5-canvas","11","","","",""
"4586","cortana","1","151860","151859","",""
"4598","voip","3","","","",""
"4599","sip","5","","","",""
"4603","gridlookupedit","1","152379","152378","",""
"4606","powerbi","54","161019","161018","",""
"4610","swagger","27","197583","197582","",""
"4617","alertdialog","27","","","",""
"4620","baas","2","153286","153285","",""
"4621","entity-framework-core","150","189523","189522","",""
"4624","union","25","427685","427684","",""
"4625","android-context","9","156110","156109","",""
"4626","android-recyclerview","115","172349","172348","",""
"4627","datetime-local","6","374543","374542","",""
"4629","component","40","","","",""
"4630","router","21","","","",""
"4631","angular-ui","4","","","",""
"4632","angular-ui-bootstrap","13","154105","154104","",""
"4636","android-alarmmanager","26","","","",""
"4638","progress-4gl","10","155314","155313","",""
"4639","sendgrid","6","","","",""
"4643","bison","2","","","",""
"4648","angular2-http","8","","","",""
"4649","linkagem","9","","","",""
"4661","image","65","","","",""
"4665","cordova-plugin","66","186904","186903","",""
"4666","cortex-a","3","","","",""
"4667","make","10","","","",""
"4668","microsserviços","44","160794","160793","",""
"4679","pyqt-4","17","","","",""
"4684","cygwin","2","","","",""
"4685","msys2","5","","","",""
"4687","clock","5","","","",""
"4688","cpu","17","296475","296474","",""
"4689","jlist","3","","","",""
"4691","replace","101","160349","160348","",""
"4692","soapclient","20","","","",""
"4696","angularjs-components","8","","","",""
"4702","background-image","30","","","",""
"4703","nasm","13","161897","161896","",""
"4715","python-requests","94","","","",""
"4716","jcombobox","26","162246","162245","",""
"4721","animate","7","","","",""
"4722","css-transform","9","","","",""
"4727","jmenu","6","220431","220430","",""
"4728","memo","5","","","",""
"4729","confirm","2","","","",""
"4742","memory-leaks","12","201323","201322","",""
"4744","simple-injector","12","163591","163590","",""
"4748","geometria-computacional","2","","","",""
"4749","android-webview","28","","","",""
"4751","qxorm","1","164036","164035","",""
"4753","python2exe","2","","","",""
"4754","delphi-berlin","17","164206","164205","",""
"4755","parsley","4","","","",""
"4757","react-dom","32","165843","165842","",""
"4758","webhook","11","164678","164677","",""
"4759","postman","57","164676","164675","",""
"4760","monogame","2","164867","164866","",""
"4764","style","30","","","",""
"4768","dropdownlist","29","","","",""
"4770","shiny","41","176240","176239","",""
"4771","simpledateformat","18","373515","373514","",""
"4772","partialview","12","","","",""
"4780","mask-plugin","3","","","",""
"4784","jsx","42","480882","480881","",""
"4785","swift-3","42","195039","195038","",""
"4786","self","8","","","",""
"4790","active-model-serializers","4","","","",""
"4792","rowsorter","5","167232","167231","",""
"4793","nativescript","10","","","",""
"4794","gulpfile","6","","","",""
"4797","jdialog","10","168013","168012","",""
"4802","paradox","4","","","",""
"4810","mormot","7","","","",""
"4820","react-router","70","","","",""
"4825","glmer","5","","","",""
"4836","codeigniter-3","58","","","",""
"4837","jpg","6","","","",""
"4838","harbour","8","","","",""
"4853","model","55","","","",""
"4855","passport-js","17","171430","171429","",""
"4860","sed","31","","","",""
"4861","legenda-de-gráfico","9","","","",""
"4865","vxml","1","172186","172185","",""
"4868","uiwebview","3","","","",""
"4879","mathematica","3","","","",""
"4881","apache-cordova","520","173168","173167","",""
"4883","inphinit","5","220534","220533","",""
"4886","pug","9","","","",""
"4893","putty","3","547694","547693","",""
"4896","realtime-database","44","","","",""
"4897","jlabel","17","207077","207076","",""
"4901","gpgpu","2","","","",""
"4909","love2d","5","175365","175364","",""
"4911","thymeleaf","86","175488","175487","",""
"4913","wowza","1","176015","176014","",""
"4918","linkedhashmap","1","176143","176142","",""
"4920","poppler","2","176285","176284","",""
"4921","break","17","","","",""
"4922","reconhecimento-de-voz","19","","","",""
"4929","import","53","","","",""
"4931","flex","4","","","",""
"4943","codeigniter-2","7","","","",""
"4944","response","23","","","",""
"4949","angularfire","6","","","",""
"4950","dry","6","209713","209712","",""
"4951","const","9","","","",""
"4959","jmeter","9","281490","281489","",""
"4960","j2me","2","","","",""
"4970","playlist","2","","","",""
"4974","embed","12","","","",""
"4983","elastic-beanstalk","9","","","",""
"4986","service-worker","20","","","",""
"4987","pwa","41","263273","263272","",""
"4996","img","43","","","",""
"5001","www","5","","","",""
"5010","xeditable","3","","","",""
"5013","input-mask","15","","","",""
"5016","homestead","6","","","",""
"5019","asterisk","5","274994","274993","",""
"5021","yarn","27","182724","182723","",""
"5022","intellitrace","2","","","",""
"5023","natural-language","4","","","",""
"5024","chatbot","41","388313","388312","",""
"5034","nicedit","2","","","",""
"5035","xcode-8","3","","","",""
"5036","debug-histórico","2","185396","185395","",""
"5038","scrollto","4","","","",""
"5039","psql","10","","","",""
"5044","offset","8","","","",""
"5045","mkdir","8","","","",""
"5046","sqlite-studio","8","185581","185580","",""
"5047","angular-views","2","","","",""
"5055","código-fonte","6","","","",""
"5059","xamarin.portable","3","","","",""
"5061","interop","4","","","",""
"5065","fluent-api","63","186769","186768","",""
"5072","telegram","9","388572","388571","",""
"5073","telegram-bot","18","388576","388575","",""
"5077","passagem-por-valor","8","187871","187870","",""
"5078","strategy-pattern","6","","","",""
"5080","backgroundworker","6","","","",""
"5081","diagrama-de-classes","10","","","",""
"5082","multiplicidade","2","","","",""
"5083","amp","3","489952","489951","",""
"5085","http-status-404","18","248315","248314","",""
"5086","slimframwork","3","","","",""
"5088","full-text","7","","","",""
"5093","visual-studio-2017","119","193146","193145","",""
"5096","texto","42","270071","270070","",""
"5098","sobrescrita","13","","","",""
"5099","margin","11","190748","190747","",""
"5100","jit","3","193176","193175","",""
"5101","web-component","10","","","",""
"5107","kendo-asp.net-mvc","3","","","",""
"5109","geckodriver","8","","","",""
"5112","blockchain","6","531798","531797","",""
"5116","slice","14","","","",""
"5118","bootgrid","7","","","",""
"5123","xdocument","2","","","",""
"5128","máquina-virtual","12","192952","192951","",""
"5130","pyqt-5","57","192955","192954","",""
"5133","marshalling","2","192963","192962","",""
"5135","match","10","","","",""
"5139","pseudo-classes","13","193189","193188","",""
"5141","totalcross","24","193497","193496","",""
"5142","multer","21","193642","193641","",""
"5149","pooling","6","","","",""
"5151","pervasive","1","194781","194780","",""
"5153","express.js","421","237492","237491","",""
"5154","mouse","7","194923","194922","",""
"5155","glob","5","","","",""
"5158","password","32","","","",""
"5159","torrent","1","195409","195408","",""
"5165","liquibase","7","278040","278039","",""
"5166","google-storage","9","195411","195410","",""
"5167","sizeof","5","215546","215545","",""
"5168","extern","4","","","",""
"5170","userform","12","195243","195242","",""
"5171","opera","3","195407","195406","",""
"5172","pseudo-elementos","10","195303","195302","",""
"5179","ibm","7","195688","195687","",""
"5186","ancora","11","","","",""
"5187","webpack","68","195966","195965","",""
"5189","fórmula","26","","","",""
"5190","procv","13","","","",""
"5192","listbox","25","","","",""
"5194","php-7.1","11","","","",""
"5196","rxjava","7","","","",""
"5205","mustache.js","5","","","",""
"5206","overhead","2","","","",""
"5210","editor","7","","","",""
"5218","floatingactionbutton","8","","","",""
"5224","webassembly","4","204488","204487","",""
"5231","jdatechooser","4","","","",""
"5237","slimframework","29","","","",""
"5238","bits","6","","","",""
"5239","excel-vba","361","204967","204966","",""
"5250","pear","2","202365","202364","",""
"5252","numeração","6","","","",""
"5259","react","1615","374176","374175","",""
"5262","tls","12","","","",""
"5267","kml","4","","","",""
"5272","chart","34","","","",""
"5279","lita","1","203582","203581","",""
"5280","iot","12","","","",""
"5281","variável-estática","5","","","",""
"5283","graphics","23","","","",""
"5286","keyup","7","","","",""
"5289","cout","4","","","",""
"5296","deep-learning","21","","","",""
"5297","machine-learning","93","","","",""
"5298","hdf5","6","204673","204672","",""
"5301","entity-framework-v1","2","","","",""
"5302","pyodbc","7","204783","204782","",""
"5304","android-gradle","20","","","",""
"5310","jmenubar","4","","","",""
"5311","jdesktoppane","5","205355","205354","",""
"5312","monitoramento","9","","","",""
"5313","sql-server-2016","6","","","",""
"5317","rotativa","6","","","",""
"5318","malloc","56","341655","341654","",""
"5319","álgebra-booleana","16","","","",""
"5320","jdom","3","","","",""
"5323","axios","201","325703","325702","",""
"5327","salt","3","","","",""
"5334","acid","3","215921","215920","",""
"5339","progressive-web-apps","7","","","",""
"5341","kanban","3","237395","237394","",""
"5343","visualbasic-powerpacks","1","208528","208527","",""
"5350","keystonejs","2","","","",""
"5355","tampermonkey","8","","","",""
"5358","semáforo","5","","","",""
"5360","typedef","9","","","",""
"5363","ionic3","253","365612","365611","",""
"5366","tcpdf","5","","","",""
"5368","jslider","3","210822","210821","",""
"5369","union-all","7","","","",""
"5376","vuetable","2","","","",""
"5378","code-golf","5","212706","212705","",""
"5379","jinternalframe","10","214801","214800","",""
"5389","pgadmin3","3","","","",""
"5390","pgadmin4","4","","","",""
"5396","oracle12c","35","","","",""
"5397","drive","2","","","",""
"5403","three.js","6","","","",""
"5406","autoload","15","","","",""
"5407","content-type","3","","","",""
"5409","8086","6","","","",""
"5413","vhdl","4","","","",""
"5417","sqlalchemy","41","522471","522470","",""
"5418","application-insights","3","","","",""
"5419","foreach-jstl","3","","","",""
"5420","teste-stress","3","","","",""
"5424","bitcoin","4","267716","267715","",""
"5425","pyinstaller","22","217423","217422","",""
"5428","dryioc","2","217590","217589","",""
"5430","plotly","17","218089","218088","",""
"5434","arredondamento","34","","","",""
"5442","zend-framework-3","5","","","",""
"5445","polly","2","219631","219630","",""
"5446","circuitbreaking","2","219634","219633","",""
"5451","prisma","17","220115","220114","",""
"5453","keystore","8","","","",""
"5457","ooxml","1","221270","221269","",""
"5458","arrow-functions","14","221303","221302","",""
"5461","linguagem-de-marcação","3","","","",""
"5463","delphi-seatle","4","266340","266339","",""
"5464","rowfilter","5","","","",""
"5466","npoi","4","","","",""
"5467","html-helpers","14","221852","221851","",""
"5468","bootstrap-4","323","352821","352820","",""
"5470","bootstrap-datepicker","10","438146","438145","",""
"5471","metronic","2","","","",""
"5473","elixir","21","224690","224689","",""
"5477","mqtt","9","224004","224003","",""
"5480","android-content-provider","2","","","",""
"5490","bootstrap-validator","4","","","",""
"5491","vbscript","33","225518","225517","",""
"5492","programação-reativa","7","","","",""
"5497","delphi-xe7","3","266333","266332","",""
"5499","angular-fire-2","8","","","",""
"5501","class-library","5","","","",""
"5505","graphql","30","381592","381591","",""
"5509","java-9","9","226580","226579","",""
"5510","jigsaw","3","226591","226590","",""
"5516","inline","11","","","",""
"5520","map","75","","","",""
"5527","testes-automatizados","48","260900","260899","",""
"5533","phaser-js","2","","","",""
"5535","game","26","","","",""
"5536","token-ajax","7","","","",""
"5541","jest","43","454668","454667","",""
"5550","data-class","4","","","",""
"5552","libreoffice","12","296463","296462","",""
"5554","cosmos-db","4","","","",""
"5562","document-db","2","","","",""
"5567","tensorflow","37","","","",""
"5572","ecmascript","11","484425","484424","",""
"5576","luis","2","","","",""
"5584","delphi-2006","1","235509","235508","",""
"5586","eslint","21","486712","486711","",""
"5587","syntax-highlight","3","","","",""
"5597","identificador","4","","","",""
"5602","quasar","18","","","",""
"5605","anexo","6","","","",""
"5606","crystal-lang","2","234015","234014","",""
"5607","superclasse","6","","","",""
"5608","subclasse","3","","","",""
"5609","hapijs","4","","","",""
"5610","scilab","4","","","",""
"5614","vuetify","38","535458","535457","",""
"5620","fasta","2","236405","236404","",""
"5621","dados-abertos","2","236535","236534","",""
"5630","sendmail","9","","","",""
"5633","django-annotate","2","","","",""
"5643","bot-framework","5","238882","238881","",""
"5652","jcalendar","4","","","",""
"5653","framework7","4","240266","240265","",""
"5655","geany","6","","","",""
"5659","crawling","4","","","",""
"5670","nltk","14","502807","502806","",""
"5674","corotina","4","","","",""
"5677","wow.js","1","242701","242700","",""
"5681","cross-compiler","4","","","",""
"5685","rabbitmq","11","569975","569974","",""
"5688","gamificação","2","247252","247251","",""
"5690","java2d","9","","","",""
"5693","lookbehind","1","244982","244981","",""
"5707","httpd","4","","","",""
"5721","usercontrol","11","","","",""
"5723","teste-de-carga","2","","","",""
"5724","vue-resource","4","","","",""
"5729","c3p0","6","","","",""
"5732","substring","33","","","",""
"5733","gml","2","249177","249176","",""
"5734","small-basic","1","249179","249178","",""
"5736","dfsort","1","249186","249185","",""
"5737","ocl","1","249190","249189","",""
"5738","datasource","7","","","",""
"5739","edit-and-continue","1","249736","249735","",""
"5741","yii2","20","341722","341721","",""
"5742","vue-router","28","","","",""
"5743","rust","28","485836","485835","",""
"5745","boost","4","","","",""
"5746","aspx","18","","","",""
"5748","python-kivy","45","","","",""
"5749","pyautogui","33","522793","522792","",""
"5752","tipo-anônimo","3","","","",""
"5753","code128","1","251362","251361","",""
"5758","mstest","2","","","",""
"5762","sklearn","25","425894","425893","",""
"5766","dynamic","10","","","",""
"5767","glm","9","","","",""
"5768","create-project","2","","","",""
"5770","mocha","7","","","",""
"5771",".net-standard","4","","","",""
"5773","data-warehouse","13","","","",""
"5774","data-attribute","6","","","",""
"5775","async-await","48","","","",""
"5788","lombok","4","300031","300030","",""
"5791","funções-puras","2","","","",""
"5792","scss","49","","","",""
"5796","quartz-scheduler","3","256074","256073","",""
"5801","vue.js-2","83","","","",""
"5802","froala-editor","2","","","",""
"5815","modelo-de-atores","2","","","",""
"5816","angular-cli","21","","","",""
"5820","chosen","2","","","",""
"5822","delphi-tokyo","8","","","",""
"5825","django-channels","2","","","",""
"5831","elementos","15","","","",""
"5836","método-abstrato","6","","","",""
"5837","stringr","6","259748","259747","",""
"5846","checkout","8","","","",""
"5849","aba","17","","","",""
"5851","getusermedia","2","","","",""
"5853","java-processing","16","286519","286518","",""
"5855","httpclient","22","","","",""
"5859","postsharp","2","","","",""
"5862","real-time","5","","","",""
"5863","mediarecorder","2","","","",""
"5864","jira","3","267854","267853","",""
"5866","bottomnavigationview","6","","","",""
"5878","redux","66","263614","263613","",""
"5879","sum","40","","","",""
"5882","watson","7","","","",""
"5886","razor-pages","24","494180","494179","",""
"5887","dotnet-cli","22","","","",""
"5893","ui","36","","","",""
"5895","beautifulsoup","56","265172","265171","",""
"5896","picture","4","476217","476216","",""
"5897","android-resources","4","","","",""
"5900","mahapps","2","","","",""
"5902","glsl","3","","","",""
"5906","deepin","4","","","",""
"5908","native","14","","","",""
"5912","udp","5","","","",""
"5913","ui-draggable","9","","","",""
"5916","dataframe","287","332393","332392","",""
"5918","musl","1","267534","267533","",""
"5922","jta","4","","","",""
"5923","criptomoeda","2","","","",""
"5930","lavarel","5","","","",""
"5944","renderização","11","","","",""
"5945","android-room","4","","","",""
"5956","webp","5","","","",""
"5957","vuex","23","","","",""
"5967","lme4","6","","","",""
"5969","sh","9","","","",""
"5976","aspxrichedit","2","272945","272944","",""
"5977","cloud-search","1","287595","287594","",""
"5983","gtk-python","6","","","",""
"5985","rgss3","2","274164","274163","",""
"5996","exec","10","","","",""
"5997","mixin","2","","","",""
"5998","drc","2","","","",""
"6000","soma","54","","","",""
"6006","minizinc","2","","","",""
"6008","symfony4","9","414280","414279","",""
"6011","angular","2073","277407","277406","",""
"6012","anova","7","","","",""
"6017","powerpivot","2","","","",""
"6022","angular-5","21","447113","447112","",""
"6033","firebase-cloud-messaging","24","356040","356039","",""
"6037","webengine","3","","","",""
"6042","tempo-real","5","","","",""
"6045","firebase-database","79","278700","278699","",""
"6046","hoisting","2","","","",""
"6047","vulnerabilidade","4","","","",""
"6049","lógica-difusa","3","","","",""
"6060","prism","3","","","",""
"6063","keyframes","11","","","",""
"6066","comandos","3","","","",""
"6071","database-partitioning","3","281830","281829","",""
"6080","tela","9","","","",""
"6081","django-2.0","62","","","",""
"6082","calendario","10","","","",""
"6084","fragment","17","","","",""
"6095","relação","2","","","",""
"6100","try-with-resources","6","","","",""
"6104","dagger","2","","","",""
"6108","fs","16","","","",""
"6111","dbeaver","16","511572","511571","",""
"6120","grid-layout","7","","","",""
"6132","clusterização","6","388301","388300","",""
"6133","guava","1","304654","304653","",""
"6143","tempo-de-vida","7","","","",""
"6147","instant-app","1","290731","290730","",""
"6152","keras","31","304101","304100","",""
"6157","jsonarray","2","","","",""
"6160","split","43","","","",""
"6161","nightwatch","2","","","",""
"6162","e2e","5","","","",""
"6164","ipad","3","","","",""
"6171","latin1","2","","","",""
"6174","jsonb","4","294338","294337","",""
"6180","array-push","16","","","",""
"6188","pthreads","6","","","",""
"6194","adminlte","14","425855","425854","",""
"6196","flyway","10","427700","427699","",""
"6203","identity","16","","","",""
"6205","ncurses","2","","","",""
"6209","expo","49","393983","393982","",""
"6211","newtonsoft","12","","","",""
"6216","estatística-bootstrap","7","","","",""
"6217","cypher","2","","","",""
"6218","boletophp","2","","","",""
"6222","java-10","3","345389","345388","",""
"6224","scratch","3","300772","300771","",""
"6225","catalina","3","","","",""
"6234","google-sheets","44","518690","518689","",""
"6243","cefsharp","4","","","",""
"6245","angular-6","115","447111","447110","",""
"6261","configurationmanager","3","","","",""
"6269","apache-kafka","5","","","",""
"6285","inner-join","61","","","",""
"6292","delphi-4","2","","","",""
"6302","tidyverse","56","423226","423225","",""
"6303","tomcat8","3","","","",""
"6304","ean-13","1","310905","310904","",""
"6309","cli","7","","","",""
"6311","linguagens-formais","12","","","",""
"6313","c++17","12","","","",""
"6330","restify","5","","","",""
"6335","interceptor","3","","","",""
"6336","vsts","1","329785","329784","",""
"6338","firestore","64","398474","398473","",""
"6340","mtv","2","358495","358494","",""
"6341","sonarlint","2","","","",""
"6344","restsharp","9","","","",""
"6349","cpython","8","319251","319250","",""
"6350","python-internals","18","332525","332524","",""
"6357","falha-de-segmentação","24","","","",""
"6358","asp.net-core-web-api","24","","","",""
"6360","webstorage","3","","","",""
"6364","rvm","2","","","",""
"6365","mysql-num-rows","2","","","",""
"6383","telnet","5","","","",""
"6384","tapply","3","","","",""
"6385","jalert","2","","","",""
"6398","fabric.js","5","","","",""
"6406","wildfly13","2","","","",""
"6409","sonarqube","9","","","",""
"6418","literal","4","","","",""
"6429","data-manipulation","11","","","",""
"6430","função-discriminante","2","","","",""
"6442","dev-tools","9","","","",""
"6448","toasts","6","","","",""
"6449","validation","10","","","",""
"6451","spark","14","535452","535451","",""
"6460","pipe","6","","","",""
"6468","rmarkdown","36","414266","414265","",""
"6480","valgrind","3","341103","341102","",""
"6482","react-navigation","71","","","",""
"6483","react-navigation-fluid-transitions","2","","","",""
"6489","kivy","45","348057","348056","",""
"6498","spring-rest","4","490025","490024","",""
"6515","bat","64","431546","431545","",""
"6518","user-interface","4","","","",""
"6523","wcag","1","339889","339888","",""
"6528","postgresql-10","14","340128","340127","",""
"6531","chatterbot","16","388315","388314","",""
"6533","material","7","","","",""
"6534","delphi-5","2","","","",""
"6535","randomforest","1","341640","341639","",""
"6548","câmera","11","","","",""
"6555","cte","8","344630","344629","",""
"6564","opencsv","2","","","",""
"6566","java-12","1","346347","346346","",""
"6567","flutter","579","346836","346835","",""
"6571","adonisjs","46","572144","572143","",""
"6572","reportlab","7","","","",""
"6574","x++","1","352276","352275","",""
"6578","lawtex","8","","","",""
"6581","contratos","2","","","",""
"6586","sweetalert2","10","","","",""
"6588","descriptors","4","","","",""
"6594","global","7","","","",""
"6599","ocaml","4","","","",""
"6601","schema","5","432882","432881","",""
"6604","dax","19","358823","358822","",""
"6605","java-11","11","364446","364445","",""
"6607","cqrs","5","","","",""
"6615","fetch","54","480842","480841","",""
"6618","urllib","9","","","",""
"6620","snmp","5","","","",""
"6621","analise-de-texto","4","573129","573128","",""
"6631","bottle","3","","","",""
"6632","leaflet","9","431736","431735","",""
"6636","spyder","5","","","",""
"6637","ambiente","5","","","",""
"6643","dml","3","360238","360237","",""
"6646","http2","4","359919","359918","",""
"6648","nunit","3","","","",""
"6649","testes-unitarios","3","360236","360235","",""
"6655","export","13","","","",""
"6656","angular-7","35","447510","447509","",""
"6662","asp-net-core","43","","","",""
"6676","aprendizado-supervisionado","4","","","",""
"6677","biblioteca-estática","2","","","",""
"6682","curto-circuito","3","","","",""
"6687","resiliência","2","","","",""
"6692","sso","3","","","",""
"6697","ldap","6","","","",""
"6698","pynput","6","368433","368432","",""
"6700","fsockopen","2","","","",""
"6703","openpyxl","13","","","",""
"6708","bubblesort","10","","","",""
"6714","explode","3","","","",""
"6716","php-8","11","412333","412332","",""
"6723","pupeteer","3","","","",""
"6726","séries-temporais","26","","","",""
"6727","mineração-de-textos","2","","","",""
"6731","oracle18c","3","","","",""
"6732","pymongo","12","548474","548473","",""
"6738","scheme","1","380710","380709","",""
"6739","shiny-server","2","380783","380782","",""
"6740","sqlfiddle","16","","","",""
"6742","ionic4","28","","","",""
"6743","elm","3","","","",""
"6745","seeders","5","","","",""
"6747","portugol-studio","10","","","",""
"6748","styled-components","32","","","",""
"6756","touch-events","3","","","",""
"6768","react-select","4","","","",""
"6770","gif","2","395382","395381","",""
"6780","console-application","25","","","",""
"6781","condição-de-corrida","3","","","",""
"6784","números-mágicos","2","389378","389377","",""
"6786","css-shape","2","","","",""
"6800","print","19","","","",""
"6804","visual-studio-2019","16","394102","394101","",""
"6810","lucid","2","","","",""
"6819","aspectj","2","","","",""
"6820","dinâmico","50","","","",""
"6824","msbuild","2","","","",""
"6838","rxjs","11","","","",""
"6839","angular-8","31","447512","447511","",""
"6845","logback","3","401750","401749","",""
"6848","jssc","4","402555","402554","",""
"6857","react-hooks","169","447451","447450","",""
"6862","outofrange","3","","","",""
"6868","this","12","","","",""
"6876","blazor","15","431220","431219","",""
"6878","postgresql-11","2","","","",""
"6882","q#","1","413990","413989","",""
"6885","metaclass","3","","","",""
"6891","cx-freeze","4","423590","423589","",""
"6895","flyweight","4","424074","424073","",""
"6901","material-ui","29","450169","450168","",""
"6905","caret","2","419627","419626","",""
"6906","java-13","1","419756","419755","",""
"6911","ciência-de-dados","51","421929","421928","",""
"6916","livelock","1","421420","421419","",""
"6920","entidade","4","","","",""
"6926","django-2.2","3","","","",""
"6929","apache-phoenix","1","425960","425959","",""
"6930","knex.js","19","424856","424855","",""
"6939","elixir-mix","1","425722","425721","",""
"6949","seaborn","15","518398","518397","",""
"6951","jre","3","427763","427762","",""
"6959","idempotência","2","","","",""
"6966","typeorm","26","","","",""
"6972","eclipse-plugin","2","429766","429765","",""
"6973","grails-plugin","1","429769","429768","",""
"6975","gdscript","5","430655","430654","",""
"6980","linguagem-de-máquina","2","430657","430656","",""
"6986","indicative","2","431126","431125","",""
"6994","series-temporais","10","","","",""
"6996","forecast","4","","","",""
"7007","togaf","1","433063","433062","",""
"7008","numeraljs","2","433201","433200","",""
"7011","g++","3","","","",""
"7014","bigquery","12","433614","433613","",""
"7015","pillow","4","433806","433805","",""
"7018","html2pdf-js","2","","","",""
"7028","flexdashboard","5","","","",""
"7034","yup","11","","","",""
"7035","react-router-dom","20","","","",""
"7047","lodash","2","","","",""
"7048","linting","1","441761","441760","",""
"7060","deno","3","444462","444461","",""
"7082",".net-5","7","448057","448056","",""
"7087","módulo-ecmascript","38","591308","591307","",""
"7091","super","2","","","",""
"7101","bulma","1","454040","454039","",""
"7102","columns","13","","","",""
"7104","android-uiautomator","1","451538","451537","",""
"7110","chai","2","","","",""
"7116","maui","3","455217","455216","",""
"7118","git-cherry-pick","3","","","",""
"7120","puppeteer","14","455788","455787","",""
"7121","git-remote","4","","","",""
"7122","storage","5","","","",""
"7123","revisão-de-código","74","456009","456008","",""
"7128","tibble","4","","","",""
"7133","kotlin-coroutines","2","","","",""
"7182","svelte","5","","","",""
"7183","heatmap.js","3","","","",""
"7186","influxdb","1","480614","480613","",""
"7190","date-fns","2","475604","475603","",""
"7201","primeng","4","482155","482154","",""
"7209","web-vitals","1","480598","480597","",""
"7213","cypress","8","481663","481662","",""
"7214","record-types","5","","","",""
"7218","sympy","3","","","",""
"7221","tailwind","5","484525","484524","",""
"7222","localstack","1","484846","484845","",""
"7231","laravel-8","19","485799","485798","",""
"7251","formik","4","","","",""
"7252","text-mining","1","491908","491907","",""
"7267","prettier","2","","","",""
"7268","swiftui","2","493780","493779","",""
"7272","temporal","1","507663","507662","",""
"7274","scala-3","1","495674","495673","",""
"7276","c++20","2","496169","496168","",""
"7277","gsl","1","496173","496172","",""
"7284","ctypes","1","497161","497160","",""
"7288","teoria-dos-tipos","2","","","",""
"7292","django3","2","","","",""
"7297","asyncstorage","11","502501","502500","",""
"7300","pattern-matching","7","","","",""
"7302","python-c-api","1","502776","502775","",""
"7334","tidyr","6","508656","508655","",""
"7344","akka","2","513256","513255","",""
"7345","entity-framework-5","1","513258","513257","",""
"7348","tipos-algébricos","2","","","",""
"7352","ieee-754","2","","","",""
"7353","llvm","2","","","",""
"7359","forms","9","","","",""
"7400","fastapi","3","","","",""
"7402","discord.py","5","","","",""
"7405","ballerina","1","535375","535374","",""
"7414","unity2d","4","","","",""
"7430","discord","6","538287","538286","",""
"7439","next.js","59","554772","554771","",""
"7454","appium","1","542233","542232","",""
"7456","jitsi","2","","","",""
"7457","jupyter-notebook","52","","","",""
"7460","react-testing-library","2","547198","547197","",""
"7468","autolisp","2","","","",""
"7499","programacao-quantica","1","557576","557575","",""
"7538","tsyringe","2","","","",""
"7539","zig","2","","","",""
"7559","bun","1","586752","586751","",""
"7572","módulo-python","21","","","",""
"7574","programação-modular","3","","","",""
"7594","untagged","1","","","",""