Day,AiQuestions,AstronomyQuestions,ComputerGraphicsQuestions,ComputerScienceQuestions,CsEducatorsQuestions,CsTheoryQuestions,DataScienceQuestions,EarthScienceQuestions,EngineeringQuestions,GenAIQuestions,MathematicsQuestions,MathEducatorsQuestions,MathOverflowQuestions,PhysicsQuestions,QuantQuestions,QuantumComputingQuestions,RoboticsQuestions,ScientificComputingQuestions,StatisticsQuestions,TeXQuestions,StackOverflowQuestions
"2008-07-31 00:00:00","0","0","0","0","0","0","0","0","0","0","0","0","0","0","0","0","0","0","0","0","4"
"2008-08-01 00:00:00","0","0","0","0","0","0","0","0","0","0","0","0","0","0","0","0","0","0","0","0","48"
"2008-08-02 00:00:00","0","0","0","0","0","0","0","0","0","0","0","0","0","0","0","0","0","0","0","0","25"
"2008-08-03 00:00:00","0","0","0","0","0","0","0","0","0","0","0","0","0","0","0","0","0","0","0","0","32"
"2008-08-04 00:00:00","0","0","0","0","0","0","0","0","0","0","0","0","0","0","0","0","0","0","0","0","76"
"2008-08-05 00:00:00","0","0","0","0","0","0","0","0","0","0","0","0","0","0","0","0","0","0","0","0","115"
"2008-08-06 00:00:00","0","0","0","0","0","0","0","0","0","0","0","0","0","0","0","0","0","0","0","0","105"
"2008-08-07 00:00:00","0","0","0","0","0","0","0","0","0","0","0","0","0","0","0","0","0","0","0","0","134"
"2008-08-08 00:00:00","0","0","0","0","0","0","0","0","0","0","0","0","0","0","0","0","0","0","0","0","87"
"2008-08-09 00:00:00","0","0","0","0","0","0","0","0","0","0","0","0","0","0","0","0","0","0","0","0","42"
"2008-08-10 00:00:00","0","0","0","0","0","0","0","0","0","0","0","0","0","0","0","0","0","0","0","0","35"
"2008-08-11 00:00:00","0","0","0","0","0","0","0","0","0","0","0","0","0","0","0","0","0","0","0","0","82"
"2008-08-12 00:00:00","0","0","0","0","0","0","0","0","0","0","0","0","0","0","0","0","0","0","0","0","109"
"2008-08-13 00:00:00","0","0","0","0","0","0","0","0","0","0","0","0","0","0","0","0","0","0","0","0","102"
"2008-08-14 00:00:00","0","0","0","0","0","0","0","0","0","0","0","0","0","0","0","0","0","0","0","0","122"
"2008-08-15 00:00:00","0","0","0","0","0","0","0","0","0","0","0","0","0","0","0","0","0","0","0","0","109"
"2008-08-16 00:00:00","0","0","0","0","0","0","0","0","0","0","0","0","0","0","0","0","0","0","0","0","39"
"2008-08-17 00:00:00","0","0","0","0","0","0","0","0","0","0","0","0","0","0","0","0","0","0","0","0","55"
"2008-08-18 00:00:00","0","0","0","0","0","0","0","0","0","0","0","0","0","0","0","0","0","0","0","1","143"
"2008-08-19 00:00:00","0","0","0","0","0","0","0","0","0","0","0","0","0","0","0","0","0","0","0","0","176"
"2008-08-20 00:00:00","0","0","0","0","0","0","0","0","0","0","0","0","0","0","0","0","0","0","0","0","171"
"2008-08-21 00:00:00","0","0","0","0","0","0","0","0","0","0","0","0","0","0","0","0","0","0","0","0","225"
"2008-08-22 00:00:00","0","0","0","0","0","0","0","0","0","0","0","0","0","0","0","0","0","0","0","0","208"
"2008-08-23 00:00:00","0","0","0","0","0","0","0","0","0","0","0","0","0","0","0","0","0","0","0","0","79"
"2008-08-24 00:00:00","0","0","0","0","0","0","0","0","0","0","0","0","0","0","0","0","0","0","0","0","80"
"2008-08-25 00:00:00","0","0","0","0","0","0","0","0","0","0","0","0","0","0","0","0","0","0","0","0","171"
"2008-08-26 00:00:00","0","0","0","0","0","0","0","0","0","0","0","0","0","0","0","0","0","0","0","0","221"
"2008-08-27 00:00:00","0","0","0","0","0","0","0","0","0","0","0","0","0","0","0","0","0","0","0","0","254"
"2008-08-28 00:00:00","0","0","0","0","0","0","0","0","0","0","0","0","0","0","0","0","0","0","0","0","256"
"2008-08-29 00:00:00","0","0","0","0","0","0","0","0","0","0","0","0","0","0","0","0","0","0","0","0","233"
"2008-08-30 00:00:00","0","0","0","0","0","0","0","0","0","0","0","0","0","0","0","0","0","0","0","0","121"
"2008-08-31 00:00:00","0","0","0","0","0","0","0","0","0","0","0","0","0","0","0","0","0","0","0","0","90"
"2008-09-01 00:00:00","0","0","0","0","0","0","0","0","0","0","0","0","0","0","0","0","0","0","0","0","177"
"2008-09-02 00:00:00","0","0","0","0","0","0","0","0","0","0","0","0","0","0","0","0","0","0","0","0","279"
"2008-09-03 00:00:00","0","0","0","0","0","0","0","0","0","0","0","0","0","0","0","0","0","0","0","0","241"
"2008-09-04 00:00:00","0","0","0","0","0","0","0","0","0","0","0","0","0","0","0","0","0","0","0","0","252"
"2008-09-05 00:00:00","0","0","0","0","0","0","0","0","0","0","0","0","0","0","0","0","0","0","0","0","266"
"2008-09-06 00:00:00","0","0","0","0","0","0","0","0","0","0","0","0","0","0","0","0","0","0","0","0","102"
"2008-09-07 00:00:00","0","0","0","0","0","0","0","0","0","0","0","0","0","0","0","0","0","0","0","0","108"
"2008-09-08 00:00:00","0","0","0","0","0","0","0","0","0","0","0","0","0","0","0","0","0","0","0","0","270"
"2008-09-09 00:00:00","0","0","0","0","0","0","0","0","0","0","0","0","0","0","0","0","0","0","0","0","299"
"2008-09-10 00:00:00","0","0","0","0","0","0","0","0","0","0","0","0","0","0","0","0","0","0","0","0","295"
"2008-09-11 00:00:00","0","0","0","0","0","0","0","0","0","0","0","0","0","0","0","0","0","0","0","0","332"
"2008-09-12 00:00:00","0","0","0","0","0","0","0","0","0","0","0","0","0","0","0","0","0","0","0","0","275"
"2008-09-13 00:00:00","0","0","0","0","0","0","0","0","0","0","0","0","0","0","0","0","0","0","0","0","111"
"2008-09-14 00:00:00","0","0","0","0","0","0","0","0","0","0","0","0","0","0","0","0","0","0","0","0","98"
"2008-09-15 00:00:00","0","0","0","0","0","0","0","0","0","0","0","0","0","0","0","0","0","0","0","0","690"
"2008-09-16 00:00:00","0","0","0","0","0","0","0","0","0","0","0","0","0","0","0","0","0","0","0","0","1083"
"2008-09-17 00:00:00","0","0","0","0","0","0","0","0","0","0","0","0","0","0","0","0","0","0","0","0","1127"
"2008-09-18 00:00:00","0","0","0","0","0","0","0","0","0","0","0","0","0","0","0","0","0","0","0","0","998"
"2008-09-19 00:00:00","0","0","0","0","0","0","0","0","0","0","0","0","0","0","0","0","0","0","0","0","909"
"2008-09-20 00:00:00","0","0","0","0","0","0","0","0","0","0","0","0","0","0","0","0","0","0","0","0","320"
"2008-09-21 00:00:00","0","0","0","0","0","0","0","0","0","0","0","0","0","0","0","0","0","0","0","0","277"
"2008-09-22 00:00:00","0","0","0","0","0","0","0","0","0","0","0","0","0","0","0","0","0","0","0","0","696"
"2008-09-23 00:00:00","0","0","0","0","0","0","0","0","0","0","0","0","0","0","0","0","0","0","0","0","805"
"2008-09-24 00:00:00","0","0","0","0","0","0","0","0","0","0","0","0","0","0","0","0","0","0","0","0","786"
"2008-09-25 00:00:00","0","0","0","0","0","0","0","0","0","0","0","0","0","0","0","0","0","0","0","0","775"
"2008-09-26 00:00:00","0","0","0","0","0","0","0","0","0","0","0","0","0","0","0","0","0","0","0","0","713"
"2008-09-27 00:00:00","0","0","0","0","0","0","0","0","0","0","0","0","0","0","0","0","0","0","0","0","259"
"2008-09-28 00:00:00","0","0","0","0","0","0","0","0","0","0","0","0","0","0","0","0","0","0","0","0","250"
"2008-09-29 00:00:00","0","0","0","0","0","0","0","0","0","0","0","0","0","0","0","0","0","0","0","0","584"
"2008-09-30 00:00:00","0","0","0","0","0","0","0","0","0","0","0","0","0","0","0","0","0","0","0","0","654"
"2008-10-01 00:00:00","0","0","0","0","0","0","0","0","0","0","0","0","0","0","0","0","0","0","0","0","609"
"2008-10-02 00:00:00","0","0","0","0","0","0","0","0","0","0","0","0","0","0","0","0","0","0","0","0","635"
"2008-10-03 00:00:00","0","0","0","0","0","0","0","0","0","0","0","0","0","0","0","0","0","0","0","0","532"
"2008-10-04 00:00:00","0","0","0","0","0","0","0","0","0","0","0","0","0","0","0","0","0","0","0","0","214"
"2008-10-05 00:00:00","0","0","0","0","0","0","0","0","0","0","0","0","0","0","0","0","0","0","0","0","214"
"2008-10-06 00:00:00","0","0","0","0","0","0","0","0","0","0","0","0","0","0","0","0","0","0","0","0","505"
"2008-10-07 00:00:00","0","0","0","0","0","0","0","0","0","0","0","0","0","0","0","0","0","0","0","0","594"
"2008-10-08 00:00:00","0","0","0","0","0","0","0","0","0","0","0","0","0","0","0","0","0","0","0","0","660"
"2008-10-09 00:00:00","0","0","0","0","0","0","0","0","0","0","0","0","0","0","0","0","0","0","0","0","658"
"2008-10-10 00:00:00","0","0","0","0","0","0","0","0","0","0","0","0","0","0","0","0","0","0","0","0","565"
"2008-10-11 00:00:00","0","0","0","0","0","0","0","0","0","0","0","0","0","0","0","0","0","0","0","0","182"
"2008-10-12 00:00:00","0","0","0","0","0","0","0","0","0","0","0","0","0","0","0","0","0","0","0","0","189"
"2008-10-13 00:00:00","0","0","0","0","0","0","0","0","0","0","0","0","0","0","0","0","0","0","0","0","501"
"2008-10-14 00:00:00","0","0","0","0","0","0","0","0","0","0","0","0","0","0","0","0","0","0","0","0","609"
"2008-10-15 00:00:00","0","0","0","0","0","0","0","0","0","0","0","0","0","0","0","0","0","0","0","0","548"
"2008-10-16 00:00:00","0","0","0","0","0","0","0","0","0","0","0","0","0","0","0","0","0","0","0","0","600"
"2008-10-17 00:00:00","0","0","0","0","0","0","0","0","0","0","0","0","0","0","0","0","0","0","0","0","523"
"2008-10-18 00:00:00","0","0","0","0","0","0","0","0","0","0","0","0","0","0","0","0","0","0","0","0","204"
"2008-10-19 00:00:00","0","0","0","0","0","0","0","0","0","0","0","0","0","0","0","0","0","0","0","0","187"
"2008-10-20 00:00:00","0","0","0","0","0","0","0","0","0","0","0","0","0","0","0","0","0","0","0","1","488"
"2008-10-21 00:00:00","0","0","0","0","0","0","0","0","0","0","0","0","0","0","0","0","0","0","0","0","604"
"2008-10-22 00:00:00","0","0","0","0","0","0","0","0","0","0","0","0","0","0","0","0","0","0","0","0","626"
"2008-10-23 00:00:00","0","0","0","0","0","0","0","0","0","0","0","0","0","0","0","0","0","0","0","0","571"
"2008-10-24 00:00:00","0","0","0","0","0","0","0","0","0","0","0","0","0","0","0","0","0","0","0","0","506"
"2008-10-25 00:00:00","0","0","0","0","0","0","0","0","0","0","0","0","0","0","0","0","0","0","0","0","212"
"2008-10-26 00:00:00","0","0","0","0","0","0","0","0","0","0","0","0","0","0","0","0","0","0","0","0","213"
"2008-10-27 00:00:00","0","0","0","0","0","0","0","0","0","0","0","0","0","0","0","0","0","0","0","1","435"
"2008-10-28 00:00:00","0","0","0","0","0","0","0","0","0","0","0","0","0","0","0","0","0","0","0","0","577"
"2008-10-29 00:00:00","0","0","0","0","0","0","0","0","0","0","0","0","0","0","0","0","0","0","0","0","579"
"2008-10-30 00:00:00","0","0","0","0","0","0","0","0","0","0","0","0","0","0","0","0","0","0","0","0","543"
"2008-10-31 00:00:00","0","0","0","0","0","0","0","0","0","0","0","0","0","0","0","0","0","0","0","0","492"
"2008-11-01 00:00:00","0","0","0","0","0","0","0","0","0","0","0","0","0","0","0","0","0","0","0","0","138"
"2008-11-02 00:00:00","0","0","0","0","0","0","0","0","0","0","0","0","0","0","0","0","0","0","0","1","188"
"2008-11-03 00:00:00","0","0","0","0","0","0","0","0","0","0","0","0","0","0","0","0","0","0","0","0","472"
"2008-11-04 00:00:00","0","0","0","0","0","0","0","0","0","0","0","0","0","0","0","0","0","0","0","0","595"
"2008-11-05 00:00:00","0","0","0","0","0","0","0","0","0","0","0","0","0","0","0","0","0","0","0","0","539"
"2008-11-06 00:00:00","0","0","0","0","0","0","0","0","0","0","0","0","0","0","0","0","0","0","0","0","634"
"2008-11-07 00:00:00","0","0","0","0","0","0","0","0","0","0","0","0","0","0","0","0","0","0","0","0","557"
"2008-11-08 00:00:00","0","0","0","0","0","0","0","0","0","0","0","0","0","0","0","0","0","0","0","0","205"
"2008-11-09 00:00:00","0","0","0","0","0","0","0","0","0","0","0","0","0","0","0","0","0","0","0","0","215"
"2008-11-10 00:00:00","0","0","0","0","0","0","0","0","0","0","0","0","0","0","0","0","0","0","0","0","529"
"2008-11-11 00:00:00","0","0","0","0","0","0","0","0","0","0","0","0","0","0","0","0","0","0","0","0","519"
"2008-11-12 00:00:00","0","0","0","0","0","0","0","0","0","0","0","0","0","0","0","0","0","0","0","0","606"
"2008-11-13 00:00:00","0","0","0","0","0","0","0","0","0","0","0","0","0","0","0","0","0","0","0","0","539"
"2008-11-14 00:00:00","0","0","0","0","0","0","0","0","0","0","0","0","0","0","0","0","0","0","0","0","522"
"2008-11-15 00:00:00","0","0","0","0","0","0","0","0","0","0","0","0","0","0","0","0","0","0","0","0","230"
"2008-11-16 00:00:00","0","0","0","0","0","0","0","0","0","0","0","0","0","0","0","0","0","0","0","0","201"
"2008-11-17 00:00:00","0","0","0","0","0","0","0","0","0","0","0","0","0","0","0","0","0","0","0","0","508"
"2008-11-18 00:00:00","0","0","0","0","0","0","0","0","0","0","0","0","0","0","0","0","0","0","0","0","590"
"2008-11-19 00:00:00","0","0","0","0","0","0","0","0","0","0","0","0","0","0","0","0","0","0","0","0","589"
"2008-11-20 00:00:00","0","0","0","0","0","0","0","0","0","0","0","0","0","0","0","0","0","0","0","0","599"
"2008-11-21 00:00:00","0","0","0","0","0","0","0","0","0","0","0","0","0","0","0","0","0","0","0","0","566"
"2008-11-22 00:00:00","0","0","0","0","0","0","0","0","0","0","0","0","0","0","0","0","0","0","0","1","212"
"2008-11-23 00:00:00","0","0","0","0","0","0","0","0","0","0","0","0","0","0","0","0","0","0","0","0","203"
"2008-11-24 00:00:00","0","0","0","0","0","0","0","0","0","0","0","0","0","0","0","0","0","0","0","0","506"
"2008-11-25 00:00:00","0","0","0","1","0","0","0","0","0","0","0","0","0","0","0","0","0","0","0","0","563"
"2008-11-26 00:00:00","0","0","0","0","0","0","0","0","0","0","0","0","0","0","0","0","0","0","0","0","543"
"2008-11-27 00:00:00","0","0","0","0","0","0","0","0","0","0","0","0","0","0","0","0","0","0","0","0","391"
"2008-11-28 00:00:00","0","0","0","1","0","0","0","0","0","0","0","0","0","0","0","0","0","0","0","0","351"
"2008-11-29 00:00:00","0","0","0","0","0","0","0","0","0","0","0","0","0","0","0","0","0","0","0","0","206"
"2008-11-30 00:00:00","0","0","0","0","0","0","0","0","0","0","0","0","0","0","0","0","0","0","0","0","196"
"2008-12-01 00:00:00","0","0","0","0","0","0","0","0","0","0","0","0","0","0","0","0","0","0","0","0","463"
"2008-12-02 00:00:00","0","0","0","0","0","0","0","0","0","0","0","0","0","0","0","0","0","0","0","0","558"
"2008-12-03 00:00:00","0","0","0","0","0","0","0","0","0","0","0","0","0","0","0","0","0","0","0","0","559"
"2008-12-04 00:00:00","0","0","0","0","0","0","0","0","0","0","0","0","0","0","0","0","0","0","0","0","573"
"2008-12-05 00:00:00","0","0","0","0","0","0","0","0","0","0","0","0","0","0","0","0","0","0","0","0","506"
"2008-12-06 00:00:00","0","0","0","0","0","0","0","0","0","0","0","0","0","0","0","0","0","0","0","0","219"
"2008-12-07 00:00:00","0","0","0","0","0","0","0","0","0","0","0","0","0","0","0","0","0","0","0","0","211"
"2008-12-08 00:00:00","0","0","0","1","0","0","0","0","0","0","0","0","0","0","0","0","0","0","0","0","490"
"2008-12-09 00:00:00","0","0","0","0","0","0","0","0","0","0","0","0","0","0","0","0","0","0","0","0","550"
"2008-12-10 00:00:00","0","0","0","0","0","0","0","0","0","0","0","0","0","0","0","0","0","0","0","0","575"
"2008-12-11 00:00:00","0","0","0","0","0","0","0","0","0","0","0","0","0","0","0","0","0","0","0","0","579"
"2008-12-12 00:00:00","0","0","0","0","0","0","0","0","0","0","0","0","0","0","0","0","0","0","0","0","490"
"2008-12-13 00:00:00","0","0","0","0","0","0","0","0","0","0","0","0","0","0","0","0","0","0","0","0","213"
"2008-12-14 00:00:00","0","0","0","0","0","0","0","0","0","0","0","0","0","0","0","0","0","0","0","0","181"
"2008-12-15 00:00:00","0","0","0","0","0","0","0","0","0","0","0","0","0","0","0","0","0","0","0","0","511"
"2008-12-16 00:00:00","0","0","0","0","0","0","0","0","0","0","0","0","0","0","0","0","0","0","0","0","551"
"2008-12-17 00:00:00","0","0","0","0","0","0","0","0","0","0","0","0","0","0","0","0","0","0","0","0","567"
"2008-12-18 00:00:00","0","0","0","0","0","0","0","0","0","0","0","0","0","0","0","0","0","0","0","0","559"
"2008-12-19 00:00:00","0","0","0","0","0","0","0","0","0","0","0","0","0","0","0","0","0","0","0","0","482"
"2008-12-20 00:00:00","0","0","0","0","0","0","0","0","0","0","0","0","0","0","0","0","0","0","0","0","178"
"2008-12-21 00:00:00","0","0","0","0","0","0","0","0","0","0","0","0","0","0","0","0","0","0","0","0","179"
"2008-12-22 00:00:00","0","0","0","0","0","0","0","0","0","0","0","0","0","0","0","0","0","0","0","0","411"
"2008-12-23 00:00:00","0","0","0","0","0","0","0","0","0","0","0","0","0","0","0","0","0","0","0","0","420"
"2008-12-24 00:00:00","0","0","0","0","0","0","0","0","0","0","0","0","0","0","0","0","0","0","0","0","287"
"2008-12-25 00:00:00","0","0","0","0","0","0","0","0","0","0","0","0","0","0","0","0","0","0","0","0","122"
"2008-12-26 00:00:00","0","0","0","0","0","0","0","0","0","0","0","0","0","0","0","0","0","0","0","0","172"
"2008-12-27 00:00:00","0","0","0","0","0","0","0","0","0","0","0","0","0","0","0","0","0","0","0","0","175"
"2008-12-28 00:00:00","0","0","0","0","0","0","0","0","0","0","0","0","0","0","0","0","0","0","0","0","183"
"2008-12-29 00:00:00","0","0","0","0","0","0","0","0","0","0","0","0","0","0","0","0","0","0","0","0","356"
"2008-12-30 00:00:00","0","0","0","0","0","0","0","0","0","0","0","0","0","0","0","0","0","0","0","0","440"
"2008-12-31 00:00:00","0","0","0","0","0","0","0","0","0","0","0","0","0","0","0","0","0","0","0","0","317"
"2009-01-01 00:00:00","0","0","0","0","0","0","0","0","0","0","0","0","0","0","0","0","0","0","0","0","189"
"2009-01-02 00:00:00","0","0","0","0","0","0","0","0","0","0","0","0","0","0","0","0","0","0","0","0","372"
"2009-01-03 00:00:00","0","0","0","0","0","0","0","0","0","0","0","0","0","0","0","0","0","0","0","0","229"
"2009-01-04 00:00:00","0","0","0","0","0","0","0","0","0","0","0","0","0","0","0","0","0","0","0","0","277"
"2009-01-05 00:00:00","0","0","0","0","0","0","0","0","0","0","0","0","0","0","0","0","0","0","0","0","466"
"2009-01-06 00:00:00","0","0","0","0","0","0","0","0","0","0","0","0","0","0","0","0","0","0","0","0","585"
"2009-01-07 00:00:00","0","0","0","0","0","0","0","0","0","0","0","0","0","0","0","0","0","0","0","0","626"
"2009-01-08 00:00:00","0","0","0","0","0","0","0","0","0","0","0","0","0","0","0","0","0","0","0","0","610"
"2009-01-09 00:00:00","0","0","0","0","0","0","0","0","0","0","0","0","0","0","0","0","0","0","0","0","585"
"2009-01-10 00:00:00","0","0","0","0","0","0","0","0","0","0","0","0","0","0","0","0","0","0","0","0","272"
"2009-01-11 00:00:00","0","0","0","0","0","0","0","0","0","0","0","0","0","0","0","0","0","0","0","0","330"
"2009-01-12 00:00:00","0","0","0","0","0","0","0","0","0","0","0","0","0","0","0","0","0","0","0","0","610"
"2009-01-13 00:00:00","0","0","0","0","0","0","0","0","0","0","0","0","0","0","0","0","0","0","0","0","662"
"2009-01-14 00:00:00","0","0","0","0","0","0","0","0","0","0","0","0","0","0","0","0","0","0","0","0","662"
"2009-01-15 00:00:00","0","0","0","0","0","0","0","0","0","0","0","0","0","0","0","0","0","0","0","0","695"
"2009-01-16 00:00:00","0","0","0","0","0","0","0","0","0","0","0","0","0","0","0","0","0","0","0","0","593"
"2009-01-17 00:00:00","0","0","0","0","0","0","0","0","0","0","0","0","0","0","0","0","0","0","0","0","300"
"2009-01-18 00:00:00","0","0","0","0","0","0","0","0","0","0","0","0","0","0","0","0","0","0","0","0","293"
"2009-01-19 00:00:00","0","0","0","0","0","0","0","0","0","0","0","0","0","0","0","0","0","0","0","0","627"
"2009-01-20 00:00:00","0","0","0","0","0","0","0","0","0","0","0","0","0","0","0","0","0","0","0","0","666"
"2009-01-21 00:00:00","0","0","0","0","0","0","0","0","0","0","0","0","0","0","0","0","0","0","0","0","686"
"2009-01-22 00:00:00","0","0","0","0","0","0","0","0","0","0","0","0","0","0","0","0","0","0","0","0","653"
"2009-01-23 00:00:00","0","0","0","0","0","0","0","0","0","0","0","0","0","0","0","0","0","0","0","0","657"
"2009-01-24 00:00:00","0","0","0","0","0","0","0","0","0","0","0","0","0","0","0","0","0","0","0","0","284"
"2009-01-25 00:00:00","0","0","0","0","0","0","0","0","0","0","0","0","0","0","0","0","0","0","0","0","268"
"2009-01-26 00:00:00","0","0","0","0","0","0","0","0","0","0","0","0","0","0","0","0","0","0","0","0","614"
"2009-01-27 00:00:00","0","0","0","0","0","0","0","0","0","0","0","0","0","0","0","0","0","0","0","0","686"
"2009-01-28 00:00:00","0","0","0","0","0","0","0","0","0","0","0","0","0","0","0","0","0","0","0","0","679"
"2009-01-29 00:00:00","0","0","0","0","0","0","0","0","0","0","0","0","0","0","0","0","0","0","0","0","709"
"2009-01-30 00:00:00","0","0","0","0","0","0","0","0","0","0","0","0","0","0","0","0","0","0","0","0","632"
"2009-01-31 00:00:00","0","0","0","0","0","0","0","0","0","0","0","0","0","0","0","0","0","0","0","0","309"
"2009-02-01 00:00:00","0","0","0","0","0","0","0","0","0","0","0","0","0","0","0","0","0","0","0","1","287"
"2009-02-02 00:00:00","0","0","0","0","0","0","0","0","0","0","0","0","0","0","0","0","0","0","1","0","610"
"2009-02-03 00:00:00","0","0","0","0","0","0","0","0","0","0","0","0","0","0","0","0","0","0","0","0","715"
"2009-02-04 00:00:00","0","0","0","0","0","0","0","0","0","0","0","0","0","0","0","0","0","0","0","2","783"
"2009-02-05 00:00:00","0","0","0","0","0","0","0","0","0","0","0","0","0","0","0","0","0","0","0","1","785"
"2009-02-06 00:00:00","0","0","0","0","0","0","0","0","0","0","0","0","0","0","0","0","0","0","0","1","696"
"2009-02-07 00:00:00","0","0","0","0","0","0","0","0","0","0","0","0","0","0","0","0","0","0","0","0","335"
"2009-02-08 00:00:00","0","0","0","0","0","0","0","0","0","0","0","0","0","0","0","0","0","0","0","0","312"
"2009-02-09 00:00:00","0","0","0","0","0","0","0","0","0","0","0","0","0","0","0","0","0","0","0","0","702"
"2009-02-10 00:00:00","0","0","0","0","0","0","0","0","0","0","0","0","0","0","0","0","0","0","0","0","787"
"2009-02-11 00:00:00","0","0","0","0","0","0","0","0","0","0","0","0","0","0","0","0","0","0","0","0","802"
"2009-02-12 00:00:00","0","0","0","0","0","0","0","0","0","0","0","0","0","0","0","0","0","0","0","0","893"
"2009-02-13 00:00:00","0","0","0","0","0","0","0","0","0","0","0","0","0","0","0","0","0","0","0","0","717"
"2009-02-14 00:00:00","0","0","0","0","0","0","0","0","0","0","0","0","0","0","0","0","0","0","0","0","291"
"2009-02-15 00:00:00","0","0","0","0","0","0","0","0","0","0","0","0","0","0","0","0","0","0","0","1","306"
"2009-02-16 00:00:00","0","0","0","0","0","0","0","0","0","0","0","0","0","0","0","0","0","0","0","0","608"
"2009-02-17 00:00:00","0","0","0","0","0","0","0","0","0","0","0","0","0","0","0","0","0","0","0","0","732"
"2009-02-18 00:00:00","0","0","0","0","0","0","0","0","0","0","0","0","0","0","0","0","0","0","0","0","767"
"2009-02-19 00:00:00","0","0","0","0","0","0","0","0","0","0","0","0","0","0","0","0","0","0","0","0","757"
"2009-02-20 00:00:00","0","0","0","0","0","0","0","0","0","0","0","0","0","0","0","0","0","0","0","0","690"
"2009-02-21 00:00:00","0","0","0","0","0","0","0","0","0","0","0","0","0","0","0","0","0","0","0","0","328"
"2009-02-22 00:00:00","0","0","0","0","0","0","0","0","0","0","0","0","0","0","0","0","0","0","0","0","367"
"2009-02-23 00:00:00","0","0","0","0","0","0","0","0","0","0","0","0","0","0","0","0","0","0","0","0","728"
"2009-02-24 00:00:00","0","0","0","0","0","0","0","0","0","0","0","0","0","0","0","0","0","0","0","0","791"
"2009-02-25 00:00:00","0","0","0","0","0","0","0","0","0","0","0","0","0","0","0","0","0","0","0","0","818"
"2009-02-26 00:00:00","0","0","0","0","0","0","0","0","0","0","0","0","0","0","0","0","0","0","0","0","865"
"2009-02-27 00:00:00","0","0","0","0","0","0","0","0","0","0","0","0","0","0","0","0","0","0","0","0","774"
"2009-02-28 00:00:00","0","0","0","0","0","0","0","0","0","0","0","0","0","0","0","0","0","0","0","0","329"
"2009-03-01 00:00:00","0","0","0","0","0","0","0","0","0","0","0","0","0","0","0","0","0","0","0","0","327"
"2009-03-02 00:00:00","0","0","0","0","0","0","0","0","0","0","0","0","0","0","0","0","0","0","0","0","680"
"2009-03-03 00:00:00","0","0","0","0","0","0","0","0","0","0","0","0","0","0","0","0","0","0","0","0","850"
"2009-03-04 00:00:00","0","0","0","0","0","0","0","0","0","0","0","0","0","0","0","0","0","0","0","0","827"
"2009-03-05 00:00:00","0","0","0","0","0","0","0","0","0","0","0","0","0","0","0","0","0","0","0","0","794"
"2009-03-06 00:00:00","0","0","0","0","0","0","0","0","0","0","0","0","0","0","0","0","0","0","0","0","727"
"2009-03-07 00:00:00","0","0","0","0","0","0","0","0","0","0","0","0","0","0","0","0","0","0","0","1","335"
"2009-03-08 00:00:00","0","0","0","0","0","0","0","0","0","0","0","0","0","0","0","0","0","0","0","0","342"
"2009-03-09 00:00:00","0","0","0","0","0","0","0","0","0","0","0","0","0","0","0","0","0","0","0","0","750"
"2009-03-10 00:00:00","0","0","0","0","0","0","0","0","0","0","0","0","0","0","0","0","0","0","0","0","796"
"2009-03-11 00:00:00","0","0","0","0","0","0","0","0","0","0","0","0","0","0","0","0","0","0","0","0","780"
"2009-03-12 00:00:00","0","0","0","0","0","0","0","0","0","0","0","0","0","0","0","0","0","0","0","0","821"
"2009-03-13 00:00:00","0","0","0","0","0","0","0","0","0","0","0","0","0","0","0","0","0","0","0","0","785"
"2009-03-14 00:00:00","0","0","0","0","0","0","0","0","0","0","0","0","0","0","0","0","0","0","0","0","358"
"2009-03-15 00:00:00","0","0","0","0","0","0","0","0","0","0","0","0","0","0","0","0","0","0","0","0","339"
"2009-03-16 00:00:00","0","0","0","0","0","0","0","0","0","0","0","0","0","0","0","0","0","0","0","0","782"
"2009-03-17 00:00:00","0","0","0","0","0","0","0","0","0","0","0","0","0","0","0","0","0","0","0","0","775"
"2009-03-18 00:00:00","0","0","0","0","0","0","0","0","0","0","0","0","0","0","0","0","0","0","0","0","788"
"2009-03-19 00:00:00","0","0","0","0","0","0","0","0","0","0","0","0","0","0","0","0","0","0","0","0","763"
"2009-03-20 00:00:00","0","0","0","0","0","0","0","0","0","0","0","0","0","0","0","0","0","0","0","0","796"
"2009-03-21 00:00:00","0","0","0","0","0","0","0","0","0","0","0","0","0","0","0","0","0","0","0","0","348"
"2009-03-22 00:00:00","0","0","0","0","0","0","0","0","0","0","0","0","0","0","0","0","0","0","0","0","301"
"2009-03-23 00:00:00","0","0","0","0","0","0","0","0","0","0","0","0","0","0","0","0","0","0","0","0","777"
"2009-03-24 00:00:00","0","0","0","0","0","0","0","0","0","0","0","0","0","0","0","0","0","0","0","0","824"
"2009-03-25 00:00:00","0","0","0","0","0","0","0","0","0","0","0","0","0","0","0","0","0","0","0","0","884"
"2009-03-26 00:00:00","0","0","0","0","0","0","0","0","0","0","0","0","0","0","0","0","0","0","0","0","819"
"2009-03-27 00:00:00","0","0","0","0","0","0","0","0","0","0","0","0","0","0","0","0","0","0","0","0","781"
"2009-03-28 00:00:00","0","0","0","0","0","0","0","0","0","0","0","0","0","0","0","0","0","0","0","1","387"
"2009-03-29 00:00:00","0","0","0","0","0","0","0","0","0","0","0","0","0","0","0","0","0","0","0","0","345"
"2009-03-30 00:00:00","0","0","0","0","0","0","0","0","0","0","0","0","0","0","0","0","0","0","0","1","782"
"2009-03-31 00:00:00","0","0","0","0","0","0","0","0","0","0","0","0","0","0","0","0","0","0","0","0","817"
"2009-04-01 00:00:00","0","0","0","0","0","0","0","0","0","0","0","0","0","0","0","0","0","0","0","0","867"
"2009-04-02 00:00:00","0","0","0","0","0","0","0","0","0","0","0","0","0","0","0","0","0","0","0","1","886"
"2009-04-03 00:00:00","0","0","0","0","0","0","0","0","0","0","0","0","0","0","0","0","0","0","0","0","768"
"2009-04-04 00:00:00","0","0","0","0","0","0","0","0","0","0","0","0","0","0","0","0","0","0","0","0","364"
"2009-04-05 00:00:00","0","0","0","0","0","0","0","0","0","0","0","0","0","0","0","0","0","0","0","0","362"
"2009-04-06 00:00:00","0","0","0","0","0","0","0","0","0","0","0","0","0","0","0","0","0","0","0","0","743"
"2009-04-07 00:00:00","0","0","0","0","0","0","0","0","0","0","0","0","0","0","0","0","0","0","0","0","876"
"2009-04-08 00:00:00","0","0","0","0","0","0","0","0","0","0","0","0","0","0","0","0","0","0","0","0","886"
"2009-04-09 00:00:00","0","0","0","0","0","0","0","0","0","0","0","0","0","0","0","0","0","0","0","0","813"
"2009-04-10 00:00:00","0","0","0","0","0","0","0","0","0","0","0","0","0","0","0","0","0","0","0","0","560"
"2009-04-11 00:00:00","0","0","0","0","0","0","0","0","0","0","0","0","0","0","0","0","0","0","0","0","369"
"2009-04-12 00:00:00","0","0","0","0","0","0","0","0","0","0","0","0","0","0","0","0","0","0","1","0","336"
"2009-04-13 00:00:00","0","0","0","0","0","0","0","0","0","0","0","0","0","0","0","0","0","0","0","0","644"
"2009-04-14 00:00:00","0","0","0","0","0","0","0","0","0","0","0","0","0","0","0","0","0","0","0","0","761"
"2009-04-15 00:00:00","0","0","0","0","0","0","0","0","0","0","0","0","0","0","0","0","0","0","0","1","859"
"2009-04-16 00:00:00","0","0","0","0","0","0","0","0","0","0","0","0","0","0","0","0","0","0","0","0","826"
"2009-04-17 00:00:00","0","0","0","0","0","0","0","0","0","0","0","0","0","0","0","0","0","0","0","0","834"
"2009-04-18 00:00:00","0","0","0","0","0","0","0","0","0","0","0","0","0","0","0","0","0","0","0","0","365"
"2009-04-19 00:00:00","0","0","0","0","0","0","0","0","0","0","0","0","0","0","0","0","0","0","0","0","386"
"2009-04-20 00:00:00","0","0","0","0","0","0","0","0","0","0","0","0","0","0","0","0","0","0","0","0","837"
"2009-04-21 00:00:00","0","0","0","0","0","0","0","0","0","0","0","0","0","0","0","0","0","0","0","0","956"
"2009-04-22 00:00:00","0","0","0","0","0","0","0","0","0","0","0","0","0","0","0","0","0","0","0","0","893"
"2009-04-23 00:00:00","0","0","0","0","0","0","0","0","0","0","0","0","0","0","0","0","0","0","0","0","880"
"2009-04-24 00:00:00","0","0","0","0","0","0","0","0","0","0","0","0","0","0","0","0","0","0","0","0","797"
"2009-04-25 00:00:00","0","0","0","0","0","0","0","0","0","0","0","0","0","0","0","0","0","0","0","0","431"
"2009-04-26 00:00:00","0","0","0","0","0","0","0","0","0","0","0","0","0","0","0","0","0","0","0","0","385"
"2009-04-27 00:00:00","0","0","0","0","0","0","0","0","0","0","0","0","0","0","0","0","0","0","0","0","826"
"2009-04-28 00:00:00","0","0","0","0","0","0","0","0","0","0","0","0","0","0","0","0","0","0","0","0","942"
"2009-04-29 00:00:00","0","0","0","0","0","0","0","0","0","0","0","0","0","0","0","0","0","0","0","0","902"
"2009-04-30 00:00:00","0","0","0","0","0","0","0","0","0","0","0","0","0","0","0","0","0","0","0","0","980"
"2009-05-01 00:00:00","0","0","0","0","0","0","0","0","0","0","0","0","0","0","0","0","0","0","0","0","785"
"2009-05-02 00:00:00","0","0","0","0","0","0","0","0","0","0","0","0","0","0","0","0","0","0","0","0","410"
"2009-05-03 00:00:00","0","0","0","0","0","0","0","0","0","0","0","0","0","0","0","0","0","0","0","0","474"
"2009-05-04 00:00:00","0","0","0","0","0","0","0","0","0","0","0","0","0","0","0","0","0","0","0","0","905"
"2009-05-05 00:00:00","0","0","0","0","0","0","0","0","0","0","0","0","0","0","0","0","0","0","0","0","1030"
"2009-05-06 00:00:00","0","0","0","0","0","0","0","0","0","0","0","0","0","0","0","0","0","0","0","0","1045"
"2009-05-07 00:00:00","0","0","0","0","0","0","0","0","0","0","0","0","0","0","0","0","0","0","0","0","1115"
"2009-05-08 00:00:00","0","0","0","0","0","0","0","0","0","0","0","0","0","0","0","0","0","0","0","0","999"
"2009-05-09 00:00:00","0","0","0","0","0","0","0","0","0","0","0","0","0","0","0","0","0","0","0","0","438"
"2009-05-10 00:00:00","0","0","0","0","0","0","0","0","0","0","0","0","0","0","0","0","0","0","0","0","399"
"2009-05-11 00:00:00","0","0","0","0","0","0","0","0","0","0","0","0","0","0","0","0","0","0","0","0","937"
"2009-05-12 00:00:00","0","0","0","0","0","0","0","0","0","0","0","0","0","0","0","0","0","0","0","0","1082"
"2009-05-13 00:00:00","0","0","0","0","0","0","0","0","0","0","0","0","0","0","0","0","0","0","0","1","1159"
"2009-05-14 00:00:00","0","0","0","0","0","0","0","0","0","0","0","0","0","0","0","0","0","0","0","0","1105"
"2009-05-15 00:00:00","0","0","0","0","0","0","0","0","0","0","0","0","0","0","0","0","0","0","0","0","982"
"2009-05-16 00:00:00","0","0","0","0","0","0","0","0","0","0","0","0","0","0","0","0","0","0","0","0","434"
"2009-05-17 00:00:00","0","0","0","0","0","0","0","0","0","0","0","0","0","0","0","0","0","0","0","0","435"
"2009-05-18 00:00:00","0","0","0","0","0","0","0","0","0","0","0","0","0","0","0","0","0","0","0","0","981"
"2009-05-19 00:00:00","0","0","0","0","0","0","0","0","0","0","0","0","0","0","0","0","0","0","0","0","1115"
"2009-05-20 00:00:00","0","0","0","0","0","0","0","0","0","0","0","0","0","0","0","0","0","0","0","0","1098"
"2009-05-21 00:00:00","0","0","0","0","0","0","0","0","0","0","0","0","0","0","0","0","0","0","0","0","1047"
"2009-05-22 00:00:00","0","0","0","0","0","0","0","0","0","0","0","0","0","0","0","0","0","0","0","0","966"
"2009-05-23 00:00:00","0","0","0","0","0","0","0","0","0","0","0","0","0","0","0","0","0","0","0","0","452"
"2009-05-24 00:00:00","0","0","0","0","0","0","0","0","0","0","0","0","0","0","0","0","0","0","0","0","422"
"2009-05-25 00:00:00","0","0","0","0","0","0","0","0","0","0","0","0","0","0","0","0","0","0","0","0","731"
"2009-05-26 00:00:00","0","0","0","0","0","0","0","0","0","0","0","0","0","0","0","0","0","0","0","0","1022"
"2009-05-27 00:00:00","0","0","0","0","0","0","0","0","0","0","0","0","0","0","0","0","0","0","0","0","1151"
"2009-05-28 00:00:00","0","0","0","0","0","0","0","0","0","0","0","0","0","0","0","0","0","0","0","0","1143"
"2009-05-29 00:00:00","0","0","0","0","0","0","0","0","0","0","0","0","0","0","0","0","0","0","0","0","1037"
"2009-05-30 00:00:00","0","0","0","0","0","0","0","0","0","0","0","0","0","0","0","0","0","0","0","0","472"
"2009-05-31 00:00:00","0","0","0","0","0","0","0","0","0","0","0","0","0","0","0","0","0","0","0","0","440"
"2009-06-01 00:00:00","0","0","0","0","0","0","0","0","0","0","0","0","0","0","0","0","0","0","0","0","933"
"2009-06-02 00:00:00","0","0","0","0","0","0","0","0","0","0","0","0","0","0","0","0","0","0","0","1","1097"
"2009-06-03 00:00:00","0","0","0","0","0","0","0","0","0","0","0","0","0","0","0","0","0","0","0","1","1145"
"2009-06-04 00:00:00","0","0","0","0","0","0","0","0","0","0","0","0","0","0","0","0","0","0","0","0","1189"
"2009-06-05 00:00:00","0","0","0","0","0","0","0","0","0","0","0","0","0","0","0","0","0","0","0","0","989"
"2009-06-06 00:00:00","0","0","0","0","0","0","0","0","0","0","0","0","0","0","0","0","0","0","0","0","444"
"2009-06-07 00:00:00","0","0","0","0","0","0","0","0","0","0","0","0","0","0","0","0","0","0","0","0","427"
"2009-06-08 00:00:00","0","0","0","0","0","0","0","0","0","0","0","0","0","0","0","0","0","0","0","0","1002"
"2009-06-09 00:00:00","0","0","0","0","0","0","0","0","0","0","0","0","0","0","0","0","0","0","0","0","1164"
"2009-06-10 00:00:00","0","0","0","0","0","0","0","0","0","0","0","0","0","0","0","0","0","0","0","0","1217"
"2009-06-11 00:00:00","0","0","0","0","0","0","0","0","0","0","0","0","0","0","0","0","0","0","0","0","1182"
"2009-06-12 00:00:00","0","0","0","0","0","0","0","0","0","0","0","0","0","0","0","0","0","0","0","0","1073"
"2009-06-13 00:00:00","0","0","0","0","0","0","0","0","0","0","0","0","0","0","0","0","0","0","0","0","449"
"2009-06-14 00:00:00","0","0","0","0","0","0","0","0","0","0","0","0","0","0","0","0","0","0","0","0","430"
"2009-06-15 00:00:00","0","0","0","0","0","0","0","0","0","0","0","0","0","0","0","0","0","0","0","0","1051"
"2009-06-16 00:00:00","0","0","0","0","0","0","0","0","0","0","0","0","0","0","0","0","0","0","0","0","1147"
"2009-06-17 00:00:00","0","0","0","0","0","0","0","0","0","0","0","0","0","0","0","0","0","0","0","0","1172"
"2009-06-18 00:00:00","0","0","0","0","0","0","0","0","0","0","0","0","0","0","0","0","0","0","0","0","1233"
"2009-06-19 00:00:00","0","0","0","0","0","0","0","0","0","0","0","0","0","0","0","0","0","0","0","0","948"
"2009-06-20 00:00:00","0","0","0","0","0","0","0","0","0","0","0","0","0","0","0","0","0","0","0","0","445"
"2009-06-21 00:00:00","0","0","0","0","0","0","0","0","0","0","0","0","0","0","0","0","0","0","0","0","484"
"2009-06-22 00:00:00","0","0","0","0","0","0","0","0","0","0","0","0","0","0","0","0","0","0","0","0","1065"
"2009-06-23 00:00:00","0","0","0","0","0","0","0","0","0","0","0","0","0","0","0","0","0","0","0","0","1258"
"2009-06-24 00:00:00","0","0","0","0","0","0","0","0","0","0","0","0","0","0","0","0","0","0","0","0","1222"
"2009-06-25 00:00:00","0","0","0","0","0","0","0","0","0","0","0","0","0","0","0","0","0","0","0","0","1148"
"2009-06-26 00:00:00","0","0","0","0","0","0","0","0","0","0","0","0","0","0","0","0","0","0","0","1","1112"
"2009-06-27 00:00:00","0","0","0","0","0","0","0","0","0","0","0","0","0","0","0","0","0","0","0","0","453"
"2009-06-28 00:00:00","0","0","0","0","0","0","0","0","0","0","0","0","0","0","0","0","0","0","0","0","488"
"2009-06-29 00:00:00","0","0","0","0","0","0","0","0","0","0","0","0","0","0","0","0","0","0","0","0","1123"
"2009-06-30 00:00:00","0","0","0","0","0","0","0","0","0","0","0","0","0","0","0","0","0","0","0","0","1229"
"2009-07-01 00:00:00","0","0","0","0","0","0","0","0","0","0","0","0","0","0","0","0","0","0","0","0","1137"
"2009-07-02 00:00:00","0","0","0","0","0","0","0","0","0","0","0","0","0","0","0","0","0","0","0","0","1167"
"2009-07-03 00:00:00","0","0","0","0","0","0","0","0","0","0","0","0","0","0","0","0","0","0","0","0","820"
"2009-07-04 00:00:00","0","0","0","0","0","0","0","0","0","0","0","0","0","0","0","0","0","0","0","0","414"
"2009-07-05 00:00:00","0","0","0","0","0","0","0","0","0","0","0","0","0","0","0","0","0","0","0","0","386"
"2009-07-06 00:00:00","0","0","0","0","0","0","0","0","0","0","0","0","0","0","0","0","0","0","0","0","1019"
"2009-07-07 00:00:00","0","0","0","0","0","0","0","0","0","0","0","0","0","0","0","0","0","0","0","0","1246"
"2009-07-08 00:00:00","0","0","0","0","0","0","0","0","0","0","0","0","0","0","0","0","0","0","0","0","1275"
"2009-07-09 00:00:00","0","0","0","0","0","0","0","0","0","0","0","0","0","0","0","0","0","0","0","0","1261"
"2009-07-10 00:00:00","0","0","0","0","0","0","0","0","0","0","0","0","0","0","0","0","0","0","0","0","1185"
"2009-07-11 00:00:00","0","0","0","0","0","0","0","0","0","0","0","0","0","0","0","0","0","0","0","0","535"
"2009-07-12 00:00:00","0","0","0","0","0","0","0","0","0","0","0","0","0","0","0","0","0","0","0","0","465"
"2009-07-13 00:00:00","0","0","0","0","0","0","0","0","0","0","0","0","0","0","0","0","0","0","0","0","1164"
"2009-07-14 00:00:00","0","0","0","0","0","0","0","0","0","0","0","0","0","0","0","0","0","0","0","0","1222"
"2009-07-15 00:00:00","0","0","0","0","0","0","0","0","0","0","0","0","0","0","0","0","0","0","0","0","1343"
"2009-07-16 00:00:00","0","0","0","0","0","0","0","0","0","0","0","0","0","0","0","0","0","0","0","0","1381"
"2009-07-17 00:00:00","0","0","0","0","0","0","0","0","0","0","0","0","0","0","0","0","0","0","0","0","1187"
"2009-07-18 00:00:00","0","0","0","0","0","0","0","0","0","0","0","0","0","0","0","0","0","0","0","0","565"
"2009-07-19 00:00:00","0","0","0","0","0","0","0","0","0","0","0","0","0","0","0","0","0","0","0","0","507"
"2009-07-20 00:00:00","0","0","0","0","0","0","0","0","0","0","0","0","0","0","0","0","0","0","0","0","1192"
"2009-07-21 00:00:00","0","0","0","0","0","0","0","0","0","0","0","0","0","0","0","0","0","0","0","0","1293"
"2009-07-22 00:00:00","0","0","0","0","0","0","0","0","0","0","0","0","0","0","0","0","0","0","0","0","1443"
"2009-07-23 00:00:00","0","0","0","0","0","0","0","0","0","0","0","0","0","0","0","0","0","0","0","0","1399"
"2009-07-24 00:00:00","0","0","0","0","0","0","0","0","0","0","0","0","0","0","0","0","0","0","0","0","1206"
"2009-07-25 00:00:00","0","0","0","0","0","0","0","0","0","0","0","0","0","0","0","0","0","0","0","0","570"
"2009-07-26 00:00:00","0","0","0","0","0","0","0","0","0","0","0","0","0","0","0","0","0","0","0","0","532"
"2009-07-27 00:00:00","0","0","0","0","0","0","0","0","0","0","0","0","0","0","0","0","0","0","0","0","1212"
"2009-07-28 00:00:00","0","0","0","0","0","0","0","0","0","0","0","0","0","0","0","0","0","0","0","0","1363"
"2009-07-29 00:00:00","0","0","0","0","0","0","0","0","0","0","0","0","0","0","0","0","0","0","0","0","1420"
"2009-07-30 00:00:00","0","0","0","0","0","0","0","0","0","0","0","0","0","0","0","0","0","0","0","0","1342"
"2009-07-31 00:00:00","0","0","0","0","0","0","0","0","0","0","0","0","0","0","0","0","0","0","0","0","1224"
"2009-08-01 00:00:00","0","0","0","0","0","0","0","0","0","0","0","0","0","0","0","0","0","0","0","1","532"
"2009-08-02 00:00:00","0","0","0","0","0","0","0","0","0","0","0","0","0","0","0","0","0","0","0","0","502"
"2009-08-03 00:00:00","0","0","0","0","0","0","0","0","0","0","0","0","0","0","0","0","0","0","0","0","1157"
"2009-08-04 00:00:00","0","0","0","0","0","0","0","0","0","0","0","0","0","0","0","0","0","0","0","0","1201"
"2009-08-05 00:00:00","0","0","0","0","0","0","0","0","0","0","0","0","0","0","0","0","0","0","0","0","1322"
"2009-08-06 00:00:00","0","0","0","0","0","0","0","0","0","0","0","0","0","0","0","0","0","0","0","0","1372"
"2009-08-07 00:00:00","0","0","0","0","0","0","0","0","0","0","0","0","0","0","0","0","0","0","0","0","1197"
"2009-08-08 00:00:00","0","0","0","0","0","0","0","0","0","0","0","0","0","0","0","0","0","0","0","0","553"
"2009-08-09 00:00:00","0","0","0","0","0","0","0","0","0","0","0","0","0","0","0","0","0","0","0","0","538"
"2009-08-10 00:00:00","0","0","0","0","0","0","0","0","0","0","0","0","0","0","0","0","0","0","0","0","1211"
"2009-08-11 00:00:00","0","0","0","0","0","0","0","0","0","0","0","0","0","0","0","0","0","0","0","0","1291"
"2009-08-12 00:00:00","0","0","0","0","0","0","0","0","0","0","0","0","0","0","0","0","0","0","0","1","1342"
"2009-08-13 00:00:00","0","0","0","0","0","0","0","0","0","0","0","0","0","0","0","0","0","0","0","0","1354"
"2009-08-14 00:00:00","0","0","0","0","0","0","0","0","0","0","0","0","0","0","0","0","0","0","0","0","1246"
"2009-08-15 00:00:00","0","0","0","0","0","0","0","0","0","0","0","0","0","0","0","0","0","0","0","0","496"
"2009-08-16 00:00:00","0","0","0","0","0","0","0","0","0","0","0","0","0","0","0","0","0","0","0","0","548"
"2009-08-17 00:00:00","0","0","0","0","0","0","0","0","0","0","0","0","0","0","0","0","0","0","0","0","1250"
"2009-08-18 00:00:00","0","0","0","0","0","0","0","0","0","0","0","0","0","0","0","0","0","0","0","0","1391"
"2009-08-19 00:00:00","0","0","0","0","0","0","0","0","0","0","0","0","0","0","0","0","0","0","0","0","1386"
"2009-08-20 00:00:00","0","0","0","0","0","0","0","0","0","0","0","0","0","0","0","0","0","0","0","0","1428"
"2009-08-21 00:00:00","0","0","0","0","0","0","0","0","0","0","0","0","0","0","0","0","0","0","0","0","1146"
"2009-08-22 00:00:00","0","0","0","0","0","0","0","0","0","0","0","0","0","0","0","0","0","0","0","0","563"
"2009-08-23 00:00:00","0","0","0","0","0","0","0","0","0","0","0","0","0","0","0","0","0","0","0","0","531"
"2009-08-24 00:00:00","0","0","0","0","0","0","0","0","0","0","0","0","0","0","0","0","0","0","0","0","1247"
"2009-08-25 00:00:00","0","0","0","0","0","0","0","0","0","0","0","0","0","0","0","0","0","0","0","0","1408"
"2009-08-26 00:00:00","0","0","0","0","0","0","0","0","0","0","0","0","0","0","0","0","0","0","0","0","1487"
"2009-08-27 00:00:00","0","0","0","0","0","0","0","0","0","0","0","0","0","0","0","0","0","0","0","0","1437"
"2009-08-28 00:00:00","0","0","0","0","0","0","0","0","0","0","0","0","0","0","0","0","0","0","0","0","1263"
"2009-08-29 00:00:00","0","0","0","0","0","0","0","0","0","0","0","0","0","0","0","0","0","0","0","0","600"
"2009-08-30 00:00:00","0","0","0","0","0","0","0","0","0","0","0","0","0","0","0","0","0","0","0","0","603"
"2009-08-31 00:00:00","0","0","0","0","0","0","0","0","0","0","0","0","0","0","0","0","0","0","0","0","1165"
"2009-09-01 00:00:00","0","0","0","0","0","0","0","0","0","0","0","0","0","0","0","0","0","0","0","0","1241"
"2009-09-02 00:00:00","0","0","0","0","0","0","0","0","0","0","0","0","0","0","0","0","0","0","0","0","1336"
"2009-09-03 00:00:00","0","0","0","0","0","0","0","0","0","0","0","0","0","0","0","0","0","0","0","0","1407"
"2009-09-04 00:00:00","0","0","0","0","0","0","0","0","0","0","0","0","0","0","0","0","0","0","0","0","1224"
"2009-09-05 00:00:00","0","0","0","0","0","0","0","0","0","0","0","0","0","0","0","0","0","0","0","0","567"
"2009-09-06 00:00:00","0","0","0","0","0","0","0","0","0","0","0","0","0","0","0","0","0","0","0","0","559"
"2009-09-07 00:00:00","0","0","0","0","0","0","0","0","0","0","0","0","0","0","0","0","0","0","0","0","1014"
"2009-09-08 00:00:00","0","0","0","0","0","0","0","0","0","0","0","0","0","0","0","0","0","0","0","0","1362"
"2009-09-09 00:00:00","0","0","0","0","0","0","0","0","0","0","0","0","0","0","0","0","0","0","0","0","1373"
"2009-09-10 00:00:00","0","0","0","0","0","0","0","0","0","0","0","0","0","0","0","0","0","0","0","0","1359"
"2009-09-11 00:00:00","0","0","0","0","0","0","0","0","0","0","0","0","0","0","0","0","0","0","0","0","1270"
"2009-09-12 00:00:00","0","0","0","0","0","0","0","0","0","0","0","0","0","0","0","0","0","0","0","0","582"
"2009-09-13 00:00:00","0","0","0","0","0","0","0","0","0","0","0","0","0","0","0","0","0","0","0","0","603"
"2009-09-14 00:00:00","0","0","0","0","0","0","0","0","0","0","0","0","0","0","0","0","0","0","0","0","1244"
"2009-09-15 00:00:00","0","0","0","0","0","0","0","0","0","0","0","0","0","0","0","0","0","0","0","1","1356"
"2009-09-16 00:00:00","0","0","0","0","0","0","0","0","0","0","0","0","0","0","0","0","0","0","0","0","1338"
"2009-09-17 00:00:00","0","0","0","0","0","0","0","0","0","0","0","0","0","0","0","0","0","0","0","0","1370"
"2009-09-18 00:00:00","0","0","0","0","0","0","0","0","0","0","0","0","0","0","0","0","0","0","0","0","1195"
"2009-09-19 00:00:00","0","0","0","0","0","0","0","0","0","0","0","0","0","0","0","0","0","0","0","0","574"
"2009-09-20 00:00:00","0","0","0","0","0","0","0","0","0","0","0","0","0","0","0","0","0","0","0","0","577"
"2009-09-21 00:00:00","0","0","0","0","0","0","0","0","0","0","0","0","0","0","0","0","0","0","0","0","1206"
"2009-09-22 00:00:00","0","0","0","0","0","0","0","0","0","0","0","0","0","0","0","0","0","0","0","0","1381"
"2009-09-23 00:00:00","0","0","0","0","0","0","0","0","0","0","0","0","0","0","0","0","0","0","0","2","1376"
"2009-09-24 00:00:00","0","0","0","0","0","0","0","0","0","0","0","0","0","0","0","0","0","0","0","0","1322"
"2009-09-25 00:00:00","0","0","0","0","0","0","0","0","0","0","0","0","0","0","0","0","0","0","0","1","1211"
"2009-09-26 00:00:00","0","0","0","0","0","0","0","0","0","0","0","0","0","0","0","0","0","0","0","0","544"
"2009-09-27 00:00:00","0","0","0","0","0","0","0","0","0","0","0","0","0","0","0","0","0","0","0","0","574"
"2009-09-28 00:00:00","0","0","0","0","0","0","0","0","0","0","0","0","4","0","0","0","0","0","0","0","1152"
"2009-09-29 00:00:00","0","0","0","0","0","0","0","0","0","0","0","0","8","0","0","0","0","0","0","0","1343"
"2009-09-30 00:00:00","0","0","0","0","0","0","0","0","0","0","0","0","2","0","0","0","0","0","0","0","1385"
"2009-10-01 00:00:00","0","0","0","0","0","0","0","0","0","0","0","0","3","0","0","0","0","0","0","0","1336"
"2009-10-02 00:00:00","0","0","0","0","0","0","0","0","0","0","0","0","6","0","0","0","0","0","0","0","1209"
"2009-10-03 00:00:00","0","0","0","0","0","0","0","0","0","0","0","0","4","0","0","0","0","0","0","0","655"
"2009-10-04 00:00:00","0","0","0","0","0","0","0","0","0","0","0","0","4","0","0","0","0","0","0","0","595"
"2009-10-05 00:00:00","0","0","0","0","0","0","0","0","0","0","0","0","7","0","0","0","0","0","0","0","1261"
"2009-10-06 00:00:00","0","0","0","0","0","0","0","0","0","0","0","0","12","0","0","0","0","0","0","0","1425"
"2009-10-07 00:00:00","0","0","0","0","0","0","0","0","0","0","0","0","7","0","0","0","0","0","0","0","1428"
"2009-10-08 00:00:00","0","0","0","0","0","0","0","0","0","0","0","0","9","0","0","0","0","0","0","0","1510"
"2009-10-09 00:00:00","0","0","0","0","0","0","0","0","0","0","0","0","11","0","0","0","0","0","0","0","1248"
"2009-10-10 00:00:00","0","0","0","0","0","0","0","0","0","0","0","0","4","0","0","0","0","0","0","0","622"
"2009-10-11 00:00:00","0","0","0","0","0","0","0","0","0","0","0","0","16","0","0","0","0","0","0","0","617"
"2009-10-12 00:00:00","0","0","0","0","0","0","0","0","0","0","0","0","16","0","0","0","0","0","0","0","1304"
"2009-10-13 00:00:00","0","0","0","0","0","0","0","0","0","0","0","0","22","0","0","0","0","0","0","0","1465"
"2009-10-14 00:00:00","0","0","0","0","0","0","0","0","0","0","0","0","14","0","0","0","0","0","0","1","1432"
"2009-10-15 00:00:00","0","0","0","0","0","0","0","0","0","0","0","0","30","0","0","0","0","0","0","0","1416"
"2009-10-16 00:00:00","0","0","0","0","0","0","0","0","0","0","0","0","27","0","0","0","0","0","0","0","1201"
"2009-10-17 00:00:00","0","0","0","0","0","0","0","0","0","0","0","0","32","0","0","0","0","0","0","0","593"
"2009-10-18 00:00:00","0","0","0","0","0","0","0","0","0","0","0","0","35","0","0","0","0","0","0","0","620"
"2009-10-19 00:00:00","0","0","0","0","0","0","0","0","0","0","0","0","42","0","0","0","0","0","0","0","1280"
"2009-10-20 00:00:00","0","0","0","0","0","0","0","0","0","0","0","0","43","0","0","0","0","0","0","0","1501"
"2009-10-21 00:00:00","0","0","0","0","0","0","0","0","0","0","0","0","48","0","0","0","0","0","0","0","1466"
"2009-10-22 00:00:00","0","0","0","0","0","0","0","0","0","0","0","0","47","0","0","0","0","0","0","0","1504"
"2009-10-23 00:00:00","0","0","0","0","0","0","0","0","0","0","0","0","52","0","0","0","0","0","0","0","1376"
"2009-10-24 00:00:00","0","0","0","0","0","0","0","0","0","0","0","0","28","0","0","0","0","0","0","0","681"
"2009-10-25 00:00:00","0","0","0","0","0","0","0","0","0","0","0","0","31","0","0","0","0","0","0","0","667"
"2009-10-26 00:00:00","0","0","0","0","0","0","0","0","0","0","0","0","36","0","0","0","0","0","0","0","1327"
"2009-10-27 00:00:00","0","0","0","0","0","0","0","0","0","0","0","0","46","0","0","0","0","0","0","0","1518"
"2009-10-28 00:00:00","0","0","0","0","0","0","0","0","0","0","0","0","43","0","0","0","0","0","0","1","1517"
"2009-10-29 00:00:00","0","0","0","0","0","0","0","0","0","0","0","0","45","0","0","0","0","0","0","0","1507"
"2009-10-30 00:00:00","0","0","0","0","0","0","0","0","0","0","0","0","32","0","0","0","0","0","0","0","1324"
"2009-10-31 00:00:00","0","0","0","0","0","0","0","0","0","0","0","0","21","0","0","0","0","0","0","0","718"
"2009-11-01 00:00:00","0","0","0","0","0","0","0","0","0","0","0","0","17","0","0","0","0","0","0","0","633"
"2009-11-02 00:00:00","0","0","0","0","0","0","0","0","0","0","0","0","26","0","0","0","0","0","0","0","1335"
"2009-11-03 00:00:00","0","0","0","0","0","0","0","0","0","0","0","0","24","0","0","0","0","0","0","0","1460"
"2009-11-04 00:00:00","0","0","0","0","0","0","0","0","0","0","0","0","32","0","0","0","0","0","0","0","1592"
"2009-11-05 00:00:00","0","0","0","0","0","0","0","0","0","0","0","0","24","0","0","0","0","0","0","0","1582"
"2009-11-06 00:00:00","0","0","0","0","0","0","0","0","0","0","0","0","26","0","0","0","0","0","0","0","1476"
"2009-11-07 00:00:00","0","0","0","0","0","0","0","0","0","0","0","0","17","0","0","0","0","0","0","0","721"
"2009-11-08 00:00:00","0","0","0","0","0","0","0","0","0","0","0","0","28","0","0","0","0","0","0","0","751"
"2009-11-09 00:00:00","0","0","0","0","0","0","0","0","0","0","0","0","22","0","0","0","0","0","0","0","1472"
"2009-11-10 00:00:00","0","0","0","0","0","0","0","0","0","0","0","0","32","0","0","0","0","0","0","0","1690"
"2009-11-11 00:00:00","0","0","0","0","0","0","0","0","0","0","0","0","40","0","0","0","0","0","0","0","1585"
"2009-11-12 00:00:00","0","0","0","0","0","0","0","0","0","0","0","0","38","0","0","0","0","0","0","0","1660"
"2009-11-13 00:00:00","0","0","0","0","0","0","0","0","0","0","0","0","27","0","0","0","0","0","0","0","1449"
"2009-11-14 00:00:00","0","0","0","0","0","0","0","0","0","0","0","0","21","0","0","0","0","0","0","0","803"
"2009-11-15 00:00:00","0","0","0","0","0","0","0","0","0","0","0","0","7","0","0","0","0","0","0","0","732"
"2009-11-16 00:00:00","0","0","0","0","0","0","0","0","0","0","0","0","18","0","0","0","0","0","0","0","1500"
"2009-11-17 00:00:00","0","0","0","0","0","0","0","0","0","0","0","0","26","0","0","0","0","0","0","0","1618"
"2009-11-18 00:00:00","0","0","0","0","0","0","0","0","0","0","0","0","34","0","0","0","0","0","0","0","1691"
"2009-11-19 00:00:00","0","0","0","0","0","0","0","0","0","0","0","0","38","0","0","0","0","0","0","0","1729"
"2009-11-20 00:00:00","0","0","0","0","0","0","0","0","0","0","0","0","27","0","0","0","0","0","0","0","1438"
"2009-11-21 00:00:00","0","0","0","0","0","0","0","0","0","0","0","0","13","0","0","0","0","0","0","0","737"
"2009-11-22 00:00:00","0","0","0","0","0","0","0","0","0","0","0","0","26","0","0","0","0","0","0","0","716"
"2009-11-23 00:00:00","0","0","0","0","0","0","0","0","0","0","0","0","21","0","0","0","0","0","0","0","1524"
"2009-11-24 00:00:00","0","0","0","0","0","0","0","0","0","0","0","0","22","0","0","0","0","0","0","0","1603"
"2009-11-25 00:00:00","0","0","0","0","0","0","0","0","0","0","0","0","24","0","0","0","0","0","0","0","1688"
"2009-11-26 00:00:00","0","0","0","0","0","0","0","0","0","0","0","0","15","0","0","0","0","0","0","0","1302"
"2009-11-27 00:00:00","0","0","0","0","0","0","0","0","0","0","0","0","18","0","0","0","0","0","0","0","1118"
"2009-11-28 00:00:00","0","0","0","0","0","0","0","0","0","0","0","0","16","0","0","0","0","0","0","0","725"
"2009-11-29 00:00:00","0","0","0","0","0","0","0","0","0","0","0","0","25","0","0","0","0","0","0","0","719"
"2009-11-30 00:00:00","0","0","0","0","0","0","0","0","0","0","0","0","18","0","0","0","0","0","0","0","1457"
"2009-12-01 00:00:00","0","0","0","0","0","0","0","0","0","0","0","0","39","0","0","0","0","0","0","0","1586"
"2009-12-02 00:00:00","0","0","0","0","0","0","0","0","0","0","0","0","18","0","0","0","0","0","0","0","1679"
"2009-12-03 00:00:00","0","0","0","0","0","0","0","0","0","0","0","0","25","0","0","0","0","0","0","0","1599"
"2009-12-04 00:00:00","0","0","0","0","0","0","0","0","0","0","0","0","17","0","0","0","0","0","0","1","1475"
"2009-12-05 00:00:00","0","0","0","0","0","0","0","0","0","0","0","0","23","0","0","0","0","0","1","0","779"
"2009-12-06 00:00:00","0","0","0","1","0","0","0","0","0","0","0","0","19","0","0","0","0","0","0","0","682"
"2009-12-07 00:00:00","0","0","0","0","0","0","0","0","0","0","0","0","18","0","0","0","0","0","0","1","1509"
"2009-12-08 00:00:00","0","0","0","0","0","0","0","0","0","0","0","0","33","0","0","0","0","0","0","0","1585"
"2009-12-09 00:00:00","0","0","0","0","0","0","0","0","0","0","0","0","23","0","0","0","0","0","0","0","1598"
"2009-12-10 00:00:00","0","0","0","0","0","0","0","0","0","0","0","0","20","0","0","0","0","0","0","0","1668"
"2009-12-11 00:00:00","0","0","0","0","0","0","0","0","0","0","0","0","24","0","0","0","0","0","0","0","1511"
"2009-12-12 00:00:00","0","0","0","0","0","0","0","0","0","0","0","0","21","0","0","0","0","0","0","0","738"
"2009-12-13 00:00:00","0","0","0","0","0","0","0","0","0","0","0","0","19","0","0","0","0","0","0","0","723"
"2009-12-14 00:00:00","0","0","0","0","0","0","0","0","0","0","0","0","29","0","0","0","0","0","0","0","1453"
"2009-12-15 00:00:00","0","0","0","0","0","0","0","0","0","0","0","0","30","0","0","0","0","0","0","0","1647"
"2009-12-16 00:00:00","0","0","0","0","0","0","0","0","0","0","0","0","18","0","0","0","0","0","0","0","1708"
"2009-12-17 00:00:00","0","0","0","0","0","0","0","0","0","0","0","0","16","0","0","0","0","0","0","0","1587"
"2009-12-18 00:00:00","0","0","0","0","0","0","0","0","0","0","0","0","26","0","0","0","0","0","0","0","1369"
"2009-12-19 00:00:00","0","0","0","0","0","0","0","0","0","0","0","0","12","0","0","0","0","0","0","0","696"
"2009-12-20 00:00:00","0","0","0","0","0","0","0","0","0","0","0","0","10","0","0","0","0","0","0","0","672"
"2009-12-21 00:00:00","0","0","0","0","0","0","0","0","0","0","0","0","17","0","0","0","0","0","0","0","1381"
"2009-12-22 00:00:00","0","0","0","0","0","0","0","0","0","0","0","0","14","0","0","0","0","0","0","0","1510"
"2009-12-23 00:00:00","0","0","0","0","0","0","0","0","0","0","0","0","19","0","0","0","0","0","0","0","1395"
"2009-12-24 00:00:00","0","0","0","0","0","0","0","0","0","0","0","0","17","0","0","0","0","0","0","0","939"
"2009-12-25 00:00:00","0","0","0","0","0","0","0","0","0","0","0","0","15","0","0","0","0","0","0","0","484"
"2009-12-26 00:00:00","0","0","0","0","0","0","0","0","0","0","0","0","16","0","0","0","0","0","0","0","515"
"2009-12-27 00:00:00","0","0","0","0","0","0","0","0","0","0","0","0","18","0","0","0","0","0","0","0","646"
"2009-12-28 00:00:00","0","0","0","0","0","0","0","0","0","0","0","0","20","0","0","0","0","0","0","0","1101"
"2009-12-29 00:00:00","0","0","0","0","0","0","0","0","0","0","0","0","20","0","0","0","0","0","0","0","1290"
"2009-12-30 00:00:00","0","0","0","0","0","0","0","0","0","0","0","0","26","0","0","0","0","0","0","0","1279"
"2009-12-31 00:00:00","0","0","0","0","0","0","0","0","0","0","0","0","31","0","0","0","0","0","0","0","980"
"2010-01-01 00:00:00","0","0","0","0","0","0","0","0","0","0","0","0","23","0","0","0","0","0","0","0","608"
"2010-01-02 00:00:00","0","0","0","0","0","0","0","0","0","0","0","0","30","0","0","0","0","0","0","0","746"
"2010-01-03 00:00:00","0","0","0","0","0","0","0","0","0","0","0","0","20","0","0","0","0","0","0","0","763"
"2010-01-04 00:00:00","0","0","0","0","0","0","0","0","0","0","0","0","23","0","0","0","0","0","0","0","1509"
"2010-01-05 00:00:00","0","0","0","0","0","0","0","0","0","0","0","0","29","0","0","0","0","0","0","1","1587"
"2010-01-06 00:00:00","0","0","0","0","0","0","0","0","0","0","0","0","32","0","0","0","0","0","0","0","1732"
"2010-01-07 00:00:00","0","0","0","0","0","0","0","0","0","0","0","0","22","0","0","0","0","0","0","0","1798"
"2010-01-08 00:00:00","0","0","0","0","0","0","0","0","0","0","0","0","29","0","0","0","0","0","0","0","1618"
"2010-01-09 00:00:00","0","0","0","0","0","0","0","0","0","0","0","0","19","0","0","0","0","0","0","0","870"
"2010-01-10 00:00:00","0","0","0","0","0","0","0","0","0","0","0","0","30","0","0","0","0","0","0","0","906"
"2010-01-11 00:00:00","0","0","0","0","0","0","0","0","0","0","0","0","22","0","0","0","0","0","0","0","1591"
"2010-01-12 00:00:00","0","0","0","0","0","0","0","0","0","0","0","0","28","0","0","0","0","0","0","0","1818"
"2010-01-13 00:00:00","0","0","0","0","0","0","0","0","0","0","0","0","29","0","0","0","0","0","0","0","1898"
"2010-01-14 00:00:00","0","0","0","0","0","0","0","0","0","0","0","0","27","0","0","0","0","0","0","0","1794"
"2010-01-15 00:00:00","0","0","0","0","0","0","0","0","0","0","0","0","28","0","0","0","0","0","0","0","1697"
"2010-01-16 00:00:00","0","0","0","0","0","0","0","0","0","0","0","0","24","0","0","0","0","0","0","0","932"
"2010-01-17 00:00:00","0","0","0","0","0","0","0","0","0","0","0","0","32","0","0","0","0","0","0","0","894"
"2010-01-18 00:00:00","0","0","0","0","0","0","0","0","0","0","0","0","18","0","0","0","0","0","0","0","1706"
"2010-01-19 00:00:00","0","0","0","0","0","0","0","0","0","0","0","0","21","0","0","0","0","0","0","0","1919"
"2010-01-20 00:00:00","0","0","0","0","0","0","0","0","0","0","0","0","30","0","0","0","0","0","0","0","1894"
"2010-01-21 00:00:00","0","0","0","0","0","0","0","0","0","0","0","0","32","0","0","0","0","0","0","0","1973"
"2010-01-22 00:00:00","0","0","0","0","0","0","0","0","0","0","0","0","26","0","0","0","0","0","0","0","1743"
"2010-01-23 00:00:00","0","0","0","0","0","0","0","0","0","0","0","0","22","0","0","0","0","0","0","0","926"
"2010-01-24 00:00:00","0","0","0","0","0","0","0","0","0","0","0","0","18","0","0","0","0","0","0","0","1010"
"2010-01-25 00:00:00","0","0","0","0","0","0","0","0","0","0","0","0","30","0","0","0","0","0","0","0","1760"
"2010-01-26 00:00:00","0","0","0","0","0","0","0","0","0","0","0","0","24","0","0","0","0","0","0","0","1730"
"2010-01-27 00:00:00","0","0","0","0","0","0","0","0","0","0","0","0","34","0","0","0","0","0","0","0","1899"
"2010-01-28 00:00:00","0","0","0","0","0","0","0","0","0","0","0","0","24","0","0","0","0","0","0","0","1869"
"2010-01-29 00:00:00","0","0","0","0","0","0","0","0","0","0","0","0","36","0","0","0","0","0","0","1","1809"
"2010-01-30 00:00:00","0","0","0","0","0","0","0","0","0","0","0","0","22","0","0","0","0","0","0","0","923"
"2010-01-31 00:00:00","0","0","0","0","0","0","0","0","0","0","0","0","20","0","0","0","0","0","0","0","1005"
"2010-02-01 00:00:00","0","0","0","0","0","0","0","0","0","0","0","0","30","0","0","0","0","0","0","0","1760"
"2010-02-02 00:00:00","0","0","0","0","0","0","0","0","0","0","0","0","30","0","0","0","0","0","0","0","1949"
"2010-02-03 00:00:00","0","0","0","0","0","0","0","0","0","0","0","0","40","0","0","0","0","0","0","0","1930"
"2010-02-04 00:00:00","0","0","0","0","0","0","0","0","0","0","0","0","26","0","0","0","0","0","0","0","1910"
"2010-02-05 00:00:00","0","0","0","0","0","0","0","0","0","0","0","0","31","0","0","0","0","0","0","0","1744"
"2010-02-06 00:00:00","0","0","0","0","0","0","0","0","0","0","0","0","24","0","0","0","0","0","0","0","916"
"2010-02-07 00:00:00","0","0","0","0","0","0","0","0","0","0","0","0","32","0","0","0","0","0","0","0","864"
"2010-02-08 00:00:00","0","0","0","0","0","0","0","0","0","0","0","0","34","0","0","0","0","0","0","0","1709"
"2010-02-09 00:00:00","0","0","0","0","0","0","0","0","0","0","0","0","36","0","0","0","0","0","0","2","1937"
"2010-02-10 00:00:00","0","0","0","0","0","0","0","0","0","0","0","0","26","0","0","0","0","0","0","0","2001"
"2010-02-11 00:00:00","0","0","0","0","0","0","0","0","0","0","0","0","29","0","0","0","0","0","0","0","1882"
"2010-02-12 00:00:00","0","0","0","0","0","0","0","0","0","0","0","0","32","0","0","0","0","0","0","0","1797"
"2010-02-13 00:00:00","0","0","0","0","0","0","0","0","0","0","0","0","17","0","0","0","0","0","0","0","935"
"2010-02-14 00:00:00","0","0","0","0","0","0","0","0","0","0","0","0","21","0","0","0","0","0","0","0","899"
"2010-02-15 00:00:00","0","0","0","0","0","0","0","0","0","0","0","0","24","0","0","0","0","0","0","0","1615"
"2010-02-16 00:00:00","0","0","0","0","0","0","0","0","0","0","0","0","37","0","0","0","0","0","0","0","1886"
"2010-02-17 00:00:00","0","0","0","0","0","0","0","0","0","0","0","0","31","0","0","0","0","0","0","0","2039"
"2010-02-18 00:00:00","0","0","0","0","0","0","0","0","0","0","0","0","25","0","0","0","0","0","0","0","1988"
"2010-02-19 00:00:00","0","0","0","0","0","0","0","0","0","0","0","0","20","0","0","0","0","0","0","2","1823"
"2010-02-20 00:00:00","0","0","0","0","0","0","0","0","0","0","0","0","20","0","0","0","0","0","0","0","935"
"2010-02-21 00:00:00","0","0","0","0","0","0","0","0","0","0","0","0","16","0","0","0","0","0","0","0","925"
"2010-02-22 00:00:00","0","0","0","0","0","0","0","0","0","0","0","0","28","0","0","0","0","0","0","0","1861"
"2010-02-23 00:00:00","0","0","0","0","0","0","0","0","0","0","0","0","22","0","0","0","0","0","0","0","1922"
"2010-02-24 00:00:00","0","0","0","0","0","0","0","0","0","0","0","0","26","0","0","0","0","0","0","0","2029"
"2010-02-25 00:00:00","0","0","0","0","0","0","0","0","0","0","0","0","38","0","0","0","0","0","0","0","1963"
"2010-02-26 00:00:00","0","0","0","0","0","0","0","0","0","0","0","0","27","0","0","0","0","0","0","0","1733"
"2010-02-27 00:00:00","0","0","0","0","0","0","0","0","0","0","0","0","19","0","0","0","0","0","0","0","937"
"2010-02-28 00:00:00","0","0","0","0","0","0","0","0","0","0","0","0","18","0","0","0","0","0","0","0","916"
"2010-03-01 00:00:00","0","0","0","0","0","0","0","0","0","0","0","0","28","0","0","0","0","0","0","0","1733"
"2010-03-02 00:00:00","0","0","0","0","0","0","0","0","0","0","0","0","33","0","0","0","0","0","0","0","1963"
"2010-03-03 00:00:00","0","0","0","0","0","0","0","0","0","0","0","0","28","0","0","0","0","0","0","0","2085"
"2010-03-04 00:00:00","0","0","0","0","0","0","0","0","0","0","0","0","27","0","0","0","0","0","0","0","2017"
"2010-03-05 00:00:00","0","0","0","0","0","0","0","0","0","0","0","0","28","0","0","0","0","0","0","0","1838"
"2010-03-06 00:00:00","0","0","0","0","0","0","0","0","0","0","0","0","19","0","0","0","0","0","0","0","959"
"2010-03-07 00:00:00","0","0","0","0","0","0","0","0","0","0","0","0","27","0","0","0","0","0","0","0","991"
"2010-03-08 00:00:00","0","0","0","0","0","0","0","0","0","0","0","0","29","0","0","0","0","0","0","0","1876"
"2010-03-09 00:00:00","0","0","0","0","0","0","0","0","0","0","0","0","34","0","0","0","0","0","0","1","2004"
"2010-03-10 00:00:00","0","0","0","0","0","0","0","0","0","0","0","0","29","0","0","0","0","0","0","0","2062"
"2010-03-11 00:00:00","0","0","0","0","0","0","0","0","0","0","0","0","33","0","0","0","0","0","0","0","2046"
"2010-03-12 00:00:00","0","0","0","0","0","0","0","0","0","0","0","0","23","0","0","0","0","0","0","1","1774"
"2010-03-13 00:00:00","0","0","0","0","0","0","0","0","0","0","0","0","22","0","0","0","0","0","0","1","1012"
"2010-03-14 00:00:00","0","0","0","0","0","0","0","0","0","0","0","0","26","0","0","0","0","0","0","1","955"
"2010-03-15 00:00:00","0","0","0","0","0","0","0","0","0","0","0","0","21","0","0","0","0","0","0","0","1796"
"2010-03-16 00:00:00","0","0","0","0","0","0","0","0","0","0","0","0","38","0","0","0","0","0","0","0","2009"
"2010-03-17 00:00:00","0","0","0","0","0","0","0","0","0","0","0","0","18","0","0","0","0","0","0","0","2003"
"2010-03-18 00:00:00","0","0","0","0","0","0","0","0","0","0","0","0","37","0","0","0","0","0","0","0","1918"
"2010-03-19 00:00:00","0","0","0","0","0","0","0","0","0","0","0","0","34","0","0","0","0","0","0","1","1824"
"2010-03-20 00:00:00","0","0","0","0","0","0","0","0","0","0","0","0","16","0","0","0","0","0","0","0","1001"
"2010-03-21 00:00:00","0","0","0","0","0","0","0","0","0","0","0","0","19","0","0","0","0","0","0","0","975"
"2010-03-22 00:00:00","0","0","0","0","0","0","0","0","0","0","0","0","30","0","0","0","0","0","0","0","1847"
"2010-03-23 00:00:00","0","0","0","0","0","0","0","0","0","0","0","0","28","0","0","0","0","0","0","1","2031"
"2010-03-24 00:00:00","0","0","0","0","0","0","0","0","0","0","0","0","26","0","0","0","0","0","0","0","2021"
"2010-03-25 00:00:00","0","0","0","0","0","0","0","0","0","0","0","0","29","0","0","0","0","0","0","0","2016"
"2010-03-26 00:00:00","0","0","0","0","0","0","0","0","0","0","0","0","30","0","0","0","0","0","0","0","1836"
"2010-03-27 00:00:00","0","0","0","0","0","0","0","0","0","0","1","0","20","0","0","0","0","0","0","0","970"
"2010-03-28 00:00:00","0","0","0","0","0","0","0","0","0","0","0","0","28","0","0","0","0","0","0","0","973"
"2010-03-29 00:00:00","0","0","0","0","0","0","0","0","0","0","0","0","27","0","0","0","0","0","0","0","1812"
"2010-03-30 00:00:00","0","0","0","0","0","0","0","0","0","0","0","0","30","0","0","0","0","0","0","0","1927"
"2010-03-31 00:00:00","0","0","0","0","0","0","0","0","0","0","0","0","32","0","0","0","0","0","0","0","1955"
"2010-04-01 00:00:00","0","0","0","0","0","0","0","0","0","0","0","0","24","0","0","0","0","0","0","0","1786"
"2010-04-02 00:00:00","0","0","0","0","0","0","0","0","0","0","0","0","28","0","0","0","0","0","0","0","1373"
"2010-04-03 00:00:00","0","0","0","0","0","0","0","0","0","0","0","0","16","0","0","0","0","0","0","0","826"
"2010-04-04 00:00:00","0","0","0","0","0","0","0","0","0","0","0","0","20","0","0","0","0","0","0","0","839"
"2010-04-05 00:00:00","0","0","0","0","0","0","0","0","0","0","0","0","29","0","0","0","0","0","0","0","1479"
"2010-04-06 00:00:00","0","0","0","0","0","0","0","0","0","0","0","0","32","0","0","0","0","0","0","0","1870"
"2010-04-07 00:00:00","0","0","0","0","0","0","0","0","0","0","0","0","24","0","0","0","0","0","0","0","2008"
"2010-04-08 00:00:00","0","0","0","0","0","0","0","0","0","0","0","0","38","0","0","0","0","0","0","1","1968"
"2010-04-09 00:00:00","0","0","0","0","0","0","0","0","0","0","0","0","24","0","0","0","0","0","0","2","1891"
"2010-04-10 00:00:00","0","0","0","0","0","0","0","0","0","0","0","0","27","0","0","0","0","0","0","1","961"
"2010-04-11 00:00:00","0","0","0","0","0","0","0","0","0","0","0","0","23","0","0","0","0","0","0","0","961"
"2010-04-12 00:00:00","0","0","0","0","0","0","0","0","0","0","0","0","26","0","0","0","0","0","0","0","1836"
"2010-04-13 00:00:00","0","0","0","0","0","0","0","0","0","0","0","0","27","0","0","0","0","0","0","0","2075"
"2010-04-14 00:00:00","0","0","0","0","0","0","0","0","0","0","0","0","36","0","0","0","0","0","0","0","2066"
"2010-04-15 00:00:00","0","0","0","0","0","0","0","0","0","0","0","0","28","0","0","0","0","0","0","1","2099"
"2010-04-16 00:00:00","0","0","0","0","0","0","0","0","0","0","0","0","30","0","0","0","0","0","0","1","1830"
"2010-04-17 00:00:00","0","0","0","0","0","0","0","0","0","0","0","0","23","0","0","0","0","0","0","0","991"
"2010-04-18 00:00:00","0","0","0","0","0","0","0","0","0","0","0","0","25","0","0","0","0","0","0","0","1017"
"2010-04-19 00:00:00","0","0","0","0","0","0","0","0","0","0","0","0","29","0","0","0","0","0","0","2","1896"
"2010-04-20 00:00:00","0","0","0","0","0","0","0","0","0","0","0","0","24","0","0","0","0","0","0","0","2066"
"2010-04-21 00:00:00","0","0","0","0","0","0","0","0","0","0","0","0","39","0","0","0","0","0","0","1","2120"
"2010-04-22 00:00:00","0","0","0","0","0","0","0","0","0","0","0","0","37","0","0","0","0","0","0","0","2181"
"2010-04-23 00:00:00","0","0","0","0","0","0","0","0","0","0","0","0","33","0","0","0","0","0","0","0","1925"
"2010-04-24 00:00:00","0","0","0","0","0","0","0","0","0","0","0","0","14","0","0","0","0","0","0","0","1046"
"2010-04-25 00:00:00","0","0","0","0","0","0","0","0","0","0","0","0","20","0","0","0","0","0","0","0","992"
"2010-04-26 00:00:00","0","0","0","0","0","0","0","0","0","0","0","0","33","0","0","0","0","0","0","0","1964"
"2010-04-27 00:00:00","0","0","0","0","0","0","0","0","0","0","0","0","33","0","0","0","0","0","0","0","2168"
"2010-04-28 00:00:00","0","0","0","0","0","0","0","0","0","0","0","0","40","0","0","0","0","0","0","0","2091"
"2010-04-29 00:00:00","0","0","0","0","0","0","0","0","0","0","0","0","39","0","0","0","0","0","0","0","1986"
"2010-04-30 00:00:00","0","0","0","0","0","0","0","0","0","0","0","0","24","0","0","0","0","0","0","0","1763"
"2010-05-01 00:00:00","0","0","0","0","0","0","0","0","0","0","0","0","18","0","0","0","0","0","0","1","932"
"2010-05-02 00:00:00","0","0","0","0","0","0","0","0","0","0","0","0","26","0","0","0","0","0","0","0","929"
"2010-05-03 00:00:00","0","0","0","0","0","0","0","0","0","0","0","0","28","0","0","0","0","0","0","0","1740"
"2010-05-04 00:00:00","0","0","0","0","0","0","0","0","0","0","0","0","39","0","0","0","0","0","0","1","2032"
"2010-05-05 00:00:00","0","0","0","0","0","0","0","0","0","0","0","0","25","0","0","0","0","0","0","0","2063"
"2010-05-06 00:00:00","0","0","0","0","0","0","0","0","0","0","0","0","37","0","0","0","0","0","0","0","2056"
"2010-05-07 00:00:00","0","0","0","0","0","0","0","0","0","0","0","0","32","0","0","0","0","0","0","1","1794"
"2010-05-08 00:00:00","0","0","0","0","0","0","0","0","0","0","0","0","17","0","0","0","0","0","0","0","981"
"2010-05-09 00:00:00","0","0","0","0","0","0","0","0","0","0","0","0","25","0","0","0","0","0","0","0","935"
"2010-05-10 00:00:00","0","0","0","0","0","0","0","0","0","0","0","0","35","0","0","0","0","0","0","0","1953"
"2010-05-11 00:00:00","0","0","0","0","0","0","0","0","0","0","0","0","33","0","0","0","0","0","0","0","2083"
"2010-05-12 00:00:00","0","0","0","0","0","0","0","0","0","0","0","0","36","0","0","0","0","0","0","0","2207"
"2010-05-13 00:00:00","0","0","0","0","0","0","0","0","0","0","0","0","28","0","0","0","0","0","0","0","1955"
"2010-05-14 00:00:00","0","0","0","0","0","0","0","0","0","0","0","0","29","0","0","0","0","0","0","0","1872"
"2010-05-15 00:00:00","0","0","0","0","0","0","0","0","0","0","0","0","44","0","0","0","0","0","0","0","936"
"2010-05-16 00:00:00","0","0","0","0","0","0","0","0","0","0","0","0","20","0","0","0","0","0","0","0","1041"
"2010-05-17 00:00:00","0","0","0","0","0","0","0","0","0","0","0","0","33","0","0","0","0","0","0","0","2053"
"2010-05-18 00:00:00","0","0","0","0","0","0","0","0","0","0","0","0","26","0","0","0","0","0","0","0","2143"
"2010-05-19 00:00:00","0","0","0","0","0","0","0","0","0","0","0","0","35","0","0","0","0","0","0","1","2137"
"2010-05-20 00:00:00","0","0","0","0","0","0","0","0","0","0","0","0","37","0","0","0","0","0","0","1","2248"
"2010-05-21 00:00:00","0","0","0","0","0","0","0","0","0","0","0","0","27","0","0","0","0","0","0","0","1979"
"2010-05-22 00:00:00","0","0","0","0","0","0","0","0","0","0","0","0","14","0","0","0","0","0","0","0","1020"
"2010-05-23 00:00:00","0","0","0","0","0","0","0","0","0","0","0","0","26","0","0","0","0","0","0","0","998"
"2010-05-24 00:00:00","0","0","0","0","0","0","0","0","0","0","0","0","23","0","0","0","0","0","0","0","1891"
"2010-05-25 00:00:00","0","0","0","0","0","0","0","0","0","0","0","0","33","0","0","0","0","0","0","0","2105"
"2010-05-26 00:00:00","0","0","0","0","0","0","0","0","0","0","0","0","34","0","0","0","0","0","0","0","2247"
"2010-05-27 00:00:00","0","0","0","0","0","0","0","0","0","0","0","0","30","0","0","0","0","0","0","0","2157"
"2010-05-28 00:00:00","0","0","0","0","0","0","0","0","0","0","0","0","30","0","0","0","0","0","0","0","1866"
"2010-05-29 00:00:00","0","0","0","0","0","0","0","0","0","0","0","0","24","0","0","0","0","0","0","1","1050"
"2010-05-30 00:00:00","0","0","0","0","0","0","0","0","0","0","0","0","30","0","0","0","0","0","0","0","962"
"2010-05-31 00:00:00","0","0","0","0","0","0","0","0","0","0","0","0","32","0","0","0","0","0","0","0","1623"
"2010-06-01 00:00:00","0","0","0","0","0","0","0","0","0","0","0","0","29","0","0","0","0","0","0","0","2095"
"2010-06-02 00:00:00","0","0","0","0","0","0","0","0","0","0","0","0","26","0","0","0","0","0","0","0","2232"
"2010-06-03 00:00:00","0","0","0","0","0","0","0","0","0","0","0","0","30","0","0","0","0","0","0","0","2202"
"2010-06-04 00:00:00","0","0","0","0","0","0","0","0","0","0","0","0","33","0","0","0","0","0","0","0","2073"
"2010-06-05 00:00:00","0","0","0","0","0","0","0","0","0","0","0","0","23","0","0","0","0","0","0","0","1072"
"2010-06-06 00:00:00","0","0","0","0","0","0","0","0","0","0","0","0","21","0","0","0","0","0","0","1","1018"
"2010-06-07 00:00:00","0","0","0","0","0","0","0","0","0","0","0","0","27","0","0","0","0","0","0","0","2081"
"2010-06-08 00:00:00","0","0","0","0","0","0","0","0","0","0","0","0","27","0","0","0","0","0","0","0","2223"
"2010-06-09 00:00:00","0","0","0","0","0","0","0","0","0","0","0","0","21","0","0","0","0","0","0","0","2300"
"2010-06-10 00:00:00","0","0","0","0","0","0","0","0","0","0","0","0","36","0","0","0","0","0","0","1","2316"
"2010-06-11 00:00:00","0","0","0","0","0","0","0","0","0","0","0","0","33","0","0","0","0","0","0","1","2027"
"2010-06-12 00:00:00","0","0","0","0","0","0","0","0","0","0","0","0","20","0","0","0","0","0","0","0","961"
"2010-06-13 00:00:00","0","0","0","0","0","0","0","0","0","0","0","0","29","0","0","0","0","0","0","0","1051"
"2010-06-14 00:00:00","0","0","0","0","0","0","0","0","0","0","0","0","32","0","0","0","0","0","0","0","1977"
"2010-06-15 00:00:00","0","0","0","0","0","0","0","0","0","0","0","0","31","0","0","0","0","0","0","0","2190"
"2010-06-16 00:00:00","0","0","0","0","0","0","0","0","0","0","0","0","33","0","0","0","0","0","0","0","2193"
"2010-06-17 00:00:00","0","0","0","0","0","0","0","0","0","0","0","0","29","0","0","0","0","0","0","0","2240"
"2010-06-18 00:00:00","0","0","0","0","0","0","0","0","0","0","0","0","26","0","0","0","0","0","0","0","1907"
"2010-06-19 00:00:00","0","0","0","0","0","0","0","0","0","0","0","0","21","0","0","0","0","0","0","0","1044"
"2010-06-20 00:00:00","0","0","0","0","0","0","0","0","0","0","0","0","25","0","0","0","0","0","0","0","1019"
"2010-06-21 00:00:00","0","0","0","0","0","0","0","0","0","0","0","0","33","0","0","0","0","0","0","0","2141"
"2010-06-22 00:00:00","0","0","0","0","0","0","0","0","0","0","0","0","43","0","0","0","0","0","0","0","2297"
"2010-06-23 00:00:00","0","0","0","0","0","0","0","0","0","0","0","0","35","0","0","0","0","0","0","0","2218"
"2010-06-24 00:00:00","0","0","0","0","0","0","0","0","0","0","0","0","33","0","0","0","0","0","0","0","2198"
"2010-06-25 00:00:00","0","0","0","0","0","0","0","0","0","0","0","0","26","0","0","0","0","0","0","0","1994"
"2010-06-26 00:00:00","0","0","0","0","0","0","0","0","0","0","0","0","28","0","0","0","0","0","0","0","947"
"2010-06-27 00:00:00","0","0","0","0","0","0","0","0","0","0","0","0","16","0","0","0","0","0","0","0","951"
"2010-06-28 00:00:00","0","0","0","0","0","0","0","0","0","0","0","0","29","0","0","0","0","0","0","0","2084"
"2010-06-29 00:00:00","0","0","0","0","0","0","0","0","0","0","0","0","37","0","0","0","0","0","0","2","2331"
"2010-06-30 00:00:00","0","0","0","0","0","0","0","0","0","0","0","0","46","0","0","0","0","0","0","0","2357"
"2010-07-01 00:00:00","0","0","0","0","0","0","0","0","0","0","0","0","31","0","0","0","0","0","0","1","2208"
"2010-07-02 00:00:00","0","0","0","0","0","0","0","0","0","0","0","0","29","0","0","0","0","0","0","0","1946"
"2010-07-03 00:00:00","0","0","0","0","0","0","0","0","0","0","0","0","25","0","0","0","0","0","0","0","968"
"2010-07-04 00:00:00","0","0","0","0","0","0","0","0","0","0","0","0","37","0","0","0","0","0","0","0","899"
"2010-07-05 00:00:00","0","0","0","0","0","0","0","0","0","0","0","0","36","0","0","0","0","0","0","0","1706"
"2010-07-06 00:00:00","0","0","0","0","0","0","0","0","0","0","0","0","32","0","0","0","0","0","0","1","2253"
"2010-07-07 00:00:00","0","0","0","0","0","0","0","0","0","0","0","0","27","0","0","0","0","0","0","0","2346"
"2010-07-08 00:00:00","0","0","0","0","0","0","0","0","0","0","0","0","38","0","0","0","0","0","0","0","2417"
"2010-07-09 00:00:00","0","0","0","0","0","0","0","0","0","0","0","0","27","0","0","0","0","0","0","1","2173"
"2010-07-10 00:00:00","0","0","0","0","0","0","0","0","0","0","0","0","19","0","0","0","0","0","1","0","1103"
"2010-07-11 00:00:00","0","0","0","0","0","0","0","0","0","0","0","0","33","0","0","0","0","0","0","0","1041"
"2010-07-12 00:00:00","0","0","0","0","0","0","0","0","0","0","0","0","41","0","0","0","0","0","0","0","2260"
"2010-07-13 00:00:00","0","0","0","0","0","0","0","0","0","0","0","0","35","0","0","0","0","0","0","0","2477"
"2010-07-14 00:00:00","0","0","0","0","0","0","0","0","0","0","0","0","38","0","0","0","0","0","0","0","2498"
"2010-07-15 00:00:00","0","0","0","0","0","0","0","0","0","0","0","0","40","0","0","0","0","0","0","1","2521"
"2010-07-16 00:00:00","0","0","0","0","0","0","0","0","0","0","0","0","42","0","0","0","0","0","0","0","2321"
"2010-07-17 00:00:00","0","0","0","0","0","0","0","0","0","0","0","0","31","0","0","0","0","0","0","0","1143"
"2010-07-18 00:00:00","0","0","0","0","0","0","0","0","0","0","0","0","28","0","0","0","0","0","0","1","1046"
"2010-07-19 00:00:00","0","0","0","0","0","0","0","0","0","0","0","0","33","0","0","0","0","0","58","0","2242"
"2010-07-20 00:00:00","0","0","0","0","0","0","0","0","0","0","47","0","29","0","0","0","0","0","42","2","2537"
"2010-07-21 00:00:00","0","0","0","0","0","0","0","0","0","0","38","0","42","0","0","0","0","0","17","0","2542"
"2010-07-22 00:00:00","0","0","0","0","0","0","0","0","0","0","25","0","41","0","0","0","0","0","13","0","2543"
"2010-07-23 00:00:00","0","0","0","0","0","0","0","0","0","0","29","0","31","0","0","0","0","0","13","0","2305"
"2010-07-24 00:00:00","0","0","0","0","0","0","0","0","0","0","17","0","27","0","0","0","0","0","5","0","1094"
"2010-07-25 00:00:00","0","0","0","0","0","0","0","0","0","0","14","0","23","0","0","0","0","0","3","0","1083"
"2010-07-26 00:00:00","0","0","0","0","0","0","0","0","0","0","19","0","33","0","0","0","0","0","14","57","2292"
"2010-07-27 00:00:00","0","0","0","0","0","0","0","0","0","0","29","0","38","0","0","0","0","0","27","61","2412"
"2010-07-28 00:00:00","0","0","0","0","0","0","0","0","0","0","41","0","40","0","0","0","0","0","25","31","2571"
"2010-07-29 00:00:00","0","0","0","0","0","0","0","0","0","0","23","0","37","0","0","0","0","0","13","19","2550"
"2010-07-30 00:00:00","0","0","0","0","0","0","0","0","0","0","15","0","24","0","0","0","0","0","5","22","2249"
"2010-07-31 00:00:00","0","0","0","0","0","0","0","0","0","0","12","0","26","0","0","0","0","0","6","9","1090"
"2010-08-01 00:00:00","0","0","0","0","0","0","0","0","0","0","9","0","22","0","0","0","0","0","5","12","1060"
"2010-08-02 00:00:00","0","0","0","0","0","0","0","0","0","0","13","0","35","0","0","0","0","0","9","16","2346"
"2010-08-03 00:00:00","0","0","0","0","0","0","0","0","0","0","11","0","42","0","0","0","0","0","10","22","2379"
"2010-08-04 00:00:00","0","0","0","0","0","0","0","0","0","0","18","0","27","0","0","0","0","0","17","24","2547"
"2010-08-05 00:00:00","0","0","0","0","0","0","0","0","0","0","25","0","38","0","0","0","0","0","10","24","2527"
"2010-08-06 00:00:00","0","0","0","0","0","0","0","0","0","0","20","0","29","0","0","0","0","0","10","16","2285"
"2010-08-07 00:00:00","0","0","0","0","0","0","0","0","0","0","10","0","16","0","0","0","0","0","6","20","1016"
"2010-08-08 00:00:00","0","0","0","0","0","0","0","0","0","0","11","0","27","0","0","0","0","0","3","13","1112"
"2010-08-09 00:00:00","0","0","0","0","0","0","0","0","0","0","32","0","29","0","0","0","0","0","17","23","2366"
"2010-08-10 00:00:00","0","0","0","0","0","0","0","0","0","0","22","0","26","0","0","0","0","0","8","13","2510"
"2010-08-11 00:00:00","0","0","0","0","0","0","0","0","0","0","23","0","39","0","0","0","0","0","18","21","2502"
"2010-08-12 00:00:00","0","0","0","0","0","0","0","0","0","0","30","0","29","0","0","0","0","0","10","10","2571"
"2010-08-13 00:00:00","0","0","0","0","0","0","0","0","0","0","28","0","38","0","0","0","0","0","12","20","2287"
"2010-08-14 00:00:00","0","0","0","0","0","0","0","0","0","0","18","0","15","0","0","0","0","0","4","8","1153"
"2010-08-15 00:00:00","0","0","0","0","0","0","0","0","0","0","14","0","21","0","0","0","0","0","5","16","1149"
"2010-08-16 00:00:00","0","0","0","0","0","27","0","0","0","0","26","0","37","0","0","0","0","0","7","22","2377"
"2010-08-17 00:00:00","0","0","0","0","0","41","0","0","0","0","10","0","26","0","0","0","0","0","11","17","2622"
"2010-08-18 00:00:00","0","0","0","0","0","16","0","0","0","0","16","0","31","0","0","0","0","0","16","20","2643"
"2010-08-19 00:00:00","0","0","0","0","0","9","0","0","0","0","14","0","28","0","0","0","0","0","19","19","2662"
"2010-08-20 00:00:00","0","0","0","0","0","3","0","0","0","0","14","0","31","0","0","0","0","0","10","14","2212"
"2010-08-21 00:00:00","0","0","0","0","0","3","0","0","0","0","17","0","23","0","0","0","0","0","1","11","1058"
"2010-08-22 00:00:00","0","0","0","0","0","5","0","0","0","0","21","0","21","0","0","0","0","0","9","6","1219"
"2010-08-23 00:00:00","0","0","0","0","0","15","0","0","0","0","15","0","26","0","0","0","0","0","4","12","2360"
"2010-08-24 00:00:00","0","0","0","0","0","16","0","0","0","0","25","0","29","1","0","0","0","0","6","12","2529"
"2010-08-25 00:00:00","0","0","0","0","0","13","0","0","0","0","13","0","26","0","0","0","0","0","13","17","2481"
"2010-08-26 00:00:00","0","0","0","0","0","15","0","0","0","0","30","0","40","0","0","0","0","0","7","13","2579"
"2010-08-27 00:00:00","0","0","0","0","0","9","0","0","0","0","18","0","29","0","0","0","0","0","7","14","2276"
"2010-08-28 00:00:00","0","0","0","0","0","7","0","0","0","0","26","0","19","0","0","0","0","0","3","10","1095"
"2010-08-29 00:00:00","0","0","0","0","0","7","0","0","0","0","12","0","22","0","0","0","0","0","2","12","1130"
"2010-08-30 00:00:00","0","0","0","0","0","4","0","0","0","0","17","0","24","0","0","0","0","0","6","12","2177"
"2010-08-31 00:00:00","0","0","0","0","0","10","0","0","0","0","17","0","38","0","0","0","0","0","6","13","2410"
"2010-09-01 00:00:00","0","0","0","0","0","11","0","0","0","0","17","0","34","0","0","0","0","0","11","14","2497"
"2010-09-02 00:00:00","0","0","0","0","0","9","0","0","0","0","16","0","25","0","0","0","0","0","6","6","2499"
"2010-09-03 00:00:00","0","0","0","0","0","10","0","0","0","0","21","0","37","0","0","0","0","0","12","9","2228"
"2010-09-04 00:00:00","0","0","0","0","0","9","0","0","0","0","14","0","26","0","0","0","0","0","3","6","1151"
"2010-09-05 00:00:00","0","0","0","0","0","6","0","0","0","0","22","0","18","0","0","0","0","0","6","10","1053"
"2010-09-06 00:00:00","0","0","0","0","0","5","0","0","0","0","15","0","24","0","0","0","0","0","7","21","1881"
"2010-09-07 00:00:00","0","0","0","0","0","11","0","0","0","0","17","0","27","0","0","0","0","0","4","14","2366"
"2010-09-08 00:00:00","0","0","0","0","0","7","0","0","0","0","25","0","32","0","0","0","0","0","10","20","2585"
"2010-09-09 00:00:00","0","0","0","0","0","7","0","0","0","0","6","0","35","0","0","0","0","0","5","7","2338"
"2010-09-10 00:00:00","0","0","0","0","0","7","0","0","0","0","13","0","33","0","0","0","0","0","3","10","2153"
"2010-09-11 00:00:00","0","0","0","0","0","4","0","0","0","0","14","0","18","0","0","0","0","0","8","5","1097"
"2010-09-12 00:00:00","0","0","0","0","0","7","0","0","0","0","14","0","29","0","0","0","0","0","7","7","1081"
"2010-09-13 00:00:00","0","0","0","0","0","12","0","0","0","0","23","0","32","0","0","0","0","0","8","6","2324"
"2010-09-14 00:00:00","0","0","0","0","0","13","0","0","0","0","31","0","35","0","0","0","0","0","7","10","2382"
"2010-09-15 00:00:00","0","0","0","0","0","5","0","0","0","0","19","0","44","0","0","0","0","0","8","11","2534"
"2010-09-16 00:00:00","0","0","0","0","0","13","0","0","0","0","24","0","32","0","0","0","0","0","12","20","2486"
"2010-09-17 00:00:00","0","0","0","0","0","9","0","0","0","0","28","0","34","0","0","0","0","0","8","13","2257"
"2010-09-18 00:00:00","0","0","0","0","0","5","0","0","0","0","13","0","23","0","0","0","0","0","5","14","1174"
"2010-09-19 00:00:00","0","0","0","0","0","3","0","0","0","0","17","0","20","0","1","0","0","0","7","11","1089"
"2010-09-20 00:00:00","0","0","0","0","0","8","0","0","0","0","19","0","33","0","0","0","0","0","14","15","2328"
"2010-09-21 00:00:00","0","0","0","0","0","12","0","0","0","0","26","0","33","0","0","0","0","0","7","8","2448"
"2010-09-22 00:00:00","0","0","0","0","0","10","0","0","0","0","23","0","37","1","0","0","0","0","10","6","2488"
"2010-09-23 00:00:00","0","0","0","0","0","12","0","0","0","0","25","0","39","0","0","0","0","0","4","17","2376"
"2010-09-24 00:00:00","0","0","0","0","0","6","0","0","0","0","16","0","26","0","0","0","0","0","9","10","2328"
"2010-09-25 00:00:00","0","0","0","0","0","5","0","0","0","0","13","0","16","0","0","0","0","0","1","6","1160"
"2010-09-26 00:00:00","0","0","0","0","0","6","0","0","0","0","14","0","17","0","0","0","0","0","4","10","1196"
"2010-09-27 00:00:00","0","0","0","0","0","6","0","0","0","0","22","0","41","0","0","0","0","0","11","14","2303"
"2010-09-28 00:00:00","0","0","0","0","0","7","0","0","0","0","22","0","37","0","0","0","0","0","6","2","2512"
"2010-09-29 00:00:00","0","0","0","0","0","5","0","0","0","0","20","0","46","0","0","0","0","0","7","8","2455"
"2010-09-30 00:00:00","0","0","0","0","0","12","0","0","0","0","15","0","32","0","0","0","0","0","12","15","2443"
"2010-10-01 00:00:00","0","0","0","0","0","7","0","0","0","0","22","0","36","0","0","0","0","0","8","9","2187"
"2010-10-02 00:00:00","0","0","0","0","0","4","0","0","0","0","9","0","24","0","0","0","0","0","7","12","1176"
"2010-10-03 00:00:00","0","0","0","0","0","7","0","0","0","0","29","0","24","0","0","0","0","0","6","10","1136"
"2010-10-04 00:00:00","0","0","0","0","0","3","0","0","0","0","22","0","31","0","0","0","0","0","9","8","2239"
"2010-10-05 00:00:00","0","0","0","0","0","13","0","0","0","0","30","0","43","0","0","0","0","0","7","12","2415"
"2010-10-06 00:00:00","0","0","0","0","0","6","0","0","0","0","23","0","38","0","0","0","0","0","6","18","2576"
"2010-10-07 00:00:00","0","0","0","0","0","6","0","0","0","0","16","0","32","0","0","0","0","0","9","13","2509"
"2010-10-08 00:00:00","0","0","0","0","0","10","0","0","0","0","21","0","25","0","0","0","0","0","7","17","2302"
"2010-10-09 00:00:00","0","0","0","0","0","7","0","0","0","0","14","0","25","0","0","0","0","0","3","8","927"
"2010-10-10 00:00:00","0","0","0","0","0","6","0","0","0","0","24","0","30","0","0","0","0","0","5","9","1252"
"2010-10-11 00:00:00","0","0","0","0","0","6","0","0","0","0","36","0","38","0","0","0","0","0","7","7","2264"
"2010-10-12 00:00:00","0","0","0","0","0","13","0","0","0","0","22","0","29","0","0","0","0","0","11","9","2510"
"2010-10-13 00:00:00","0","0","0","0","0","9","0","0","0","0","29","0","40","0","0","0","0","0","8","19","2550"
"2010-10-14 00:00:00","0","0","0","0","0","5","0","0","0","0","34","0","43","0","0","0","0","0","10","11","2644"
"2010-10-15 00:00:00","0","0","0","0","0","9","0","0","0","0","25","0","36","0","0","0","0","0","12","10","2261"
"2010-10-16 00:00:00","0","0","0","0","0","2","0","0","0","0","24","0","22","0","0","0","0","0","1","8","1196"
"2010-10-17 00:00:00","0","0","0","0","0","5","0","0","0","0","18","0","28","0","0","0","0","0","4","11","1213"
"2010-10-18 00:00:00","0","0","0","0","0","6","0","0","0","0","22","0","40","0","0","0","0","0","12","14","2377"
"2010-10-19 00:00:00","0","0","0","0","0","7","0","0","0","0","31","0","39","0","0","0","0","0","12","10","2574"
"2010-10-20 00:00:00","0","0","0","0","0","7","0","0","0","0","41","0","33","0","0","0","0","0","16","11","2623"
"2010-10-21 00:00:00","0","0","0","0","0","5","0","0","0","0","24","0","37","0","0","0","0","0","11","12","2697"
"2010-10-22 00:00:00","0","0","0","0","0","11","0","0","0","0","29","0","33","0","0","0","0","0","12","10","2430"
"2010-10-23 00:00:00","0","0","0","0","0","6","0","0","0","0","22","0","27","0","0","0","0","0","9","13","1344"
"2010-10-24 00:00:00","0","0","0","0","0","7","0","0","0","0","35","0","30","0","0","0","0","0","7","15","1235"
"2010-10-25 00:00:00","0","0","0","0","0","4","0","0","0","0","31","0","39","0","0","0","0","0","5","11","2411"
"2010-10-26 00:00:00","0","0","0","0","0","7","0","0","0","0","37","0","33","0","0","0","0","0","8","10","2541"
"2010-10-27 00:00:00","0","0","0","0","0","3","0","0","0","0","50","0","44","0","0","0","0","0","9","10","2713"
"2010-10-28 00:00:00","0","0","0","0","0","8","0","0","0","0","29","0","37","0","0","0","0","0","5","8","2567"
"2010-10-29 00:00:00","0","0","0","0","0","4","0","0","0","0","40","0","45","0","0","0","0","0","5","8","2344"
"2010-10-30 00:00:00","0","0","0","0","0","3","0","0","0","0","29","0","30","0","0","0","0","0","3","6","1259"
"2010-10-31 00:00:00","0","0","0","0","0","7","0","0","0","0","20","0","16","0","0","0","0","0","4","13","1288"
"2010-11-01 00:00:00","0","0","0","0","0","5","0","0","0","0","32","0","24","1","0","0","0","0","7","17","2310"
"2010-11-02 00:00:00","0","0","0","0","0","9","0","0","0","0","31","0","41","37","0","0","0","0","7","16","2470"
"2010-11-03 00:00:00","0","0","0","0","0","7","0","0","0","0","40","0","35","22","0","0","0","0","6","13","2621"
"2010-11-04 00:00:00","0","0","0","0","0","7","0","0","0","0","53","0","37","20","0","0","0","0","10","15","2632"
"2010-11-05 00:00:00","0","0","0","0","0","7","0","0","0","0","33","0","31","6","0","0","0","0","14","12","2318"
"2010-11-06 00:00:00","0","0","0","0","0","4","0","0","0","0","38","0","33","6","0","0","0","0","3","10","1312"
"2010-11-07 00:00:00","0","0","0","0","0","7","0","0","0","0","35","0","32","6","0","0","0","0","8","11","1299"
"2010-11-08 00:00:00","0","0","0","0","0","10","0","0","0","0","45","0","36","21","0","0","0","0","9","17","2478"
"2010-11-09 00:00:00","0","0","0","0","0","4","0","0","0","0","46","0","34","16","0","0","0","0","14","17","3002"
"2010-11-10 00:00:00","0","0","0","0","0","8","0","0","0","0","46","0","33","20","0","0","0","0","9","11","2800"
"2010-11-11 00:00:00","0","0","0","0","0","10","0","0","0","0","40","0","44","16","0","0","0","0","14","12","2810"
"2010-11-12 00:00:00","0","0","0","0","0","10","0","0","0","0","41","0","31","18","0","0","0","0","6","15","2578"
"2010-11-13 00:00:00","0","0","0","0","0","3","0","0","0","0","36","0","29","10","0","0","0","0","10","9","1492"
"2010-11-14 00:00:00","0","0","0","0","0","6","0","0","0","0","33","0","24","13","0","0","0","0","6","14","1401"
"2010-11-15 00:00:00","0","0","0","0","0","9","0","0","0","0","50","0","17","15","0","0","0","0","8","22","2611"
"2010-11-16 00:00:00","0","0","0","0","0","13","0","0","0","0","38","0","36","22","0","0","0","0","11","21","2760"
"2010-11-17 00:00:00","0","0","0","0","0","13","0","0","0","0","42","0","33","12","0","0","0","0","15","17","2754"
"2010-11-18 00:00:00","0","0","0","0","0","12","0","0","0","0","40","0","33","15","0","0","0","0","14","17","2918"
"2010-11-19 00:00:00","0","0","0","0","0","12","0","0","0","0","34","0","40","13","0","0","0","0","12","16","2623"
"2010-11-20 00:00:00","0","0","0","0","0","1","0","0","0","0","34","0","28","9","0","0","0","0","4","18","1458"
"2010-11-21 00:00:00","0","0","0","0","0","6","0","0","0","0","39","0","24","6","0","0","0","0","5","8","1473"
"2010-11-22 00:00:00","0","0","0","0","0","4","0","0","0","0","38","0","41","7","0","0","0","0","7","13","2795"
"2010-11-23 00:00:00","0","0","0","0","0","5","0","0","0","0","58","0","40","13","0","0","0","0","17","23","2987"
"2010-11-24 00:00:00","0","0","0","0","0","3","0","0","0","0","42","0","27","8","0","0","0","0","10","16","2803"
"2010-11-25 00:00:00","0","0","0","0","0","7","0","0","0","0","36","0","26","7","0","0","0","0","7","19","2496"
"2010-11-26 00:00:00","0","0","0","0","0","8","0","0","0","0","24","0","30","6","0","0","0","0","10","16","2072"
"2010-11-27 00:00:00","0","0","0","0","0","7","0","0","0","0","45","0","16","7","0","0","0","0","4","16","1512"
"2010-11-28 00:00:00","0","0","0","0","0","4","0","0","0","0","38","0","21","9","0","0","0","0","5","20","1430"
"2010-11-29 00:00:00","0","0","0","0","0","6","0","0","0","0","47","0","42","11","0","0","0","0","11","23","2580"
"2010-11-30 00:00:00","0","0","0","0","0","3","0","0","0","0","41","0","26","6","0","0","0","0","7","30","2888"
"2010-12-01 00:00:00","0","0","0","0","0","7","0","0","0","0","50","0","44","10","0","0","0","0","10","30","2869"
"2010-12-02 00:00:00","0","0","0","0","0","8","0","0","0","0","47","0","38","11","0","0","0","0","11","24","2970"
"2010-12-03 00:00:00","0","0","0","0","0","9","0","0","0","0","36","0","40","7","0","0","0","0","7","22","2684"
"2010-12-04 00:00:00","0","0","0","0","0","8","0","0","0","0","28","0","19","12","0","0","0","0","7","15","1523"
"2010-12-05 00:00:00","0","0","0","0","0","11","0","0","0","0","50","0","17","3","0","0","0","0","9","15","1565"
"2010-12-06 00:00:00","0","0","0","0","0","6","0","0","0","0","37","0","27","8","0","0","0","0","7","30","2761"
"2010-12-07 00:00:00","0","0","0","0","0","8","0","0","0","0","40","0","26","6","0","0","0","0","9","17","2966"
"2010-12-08 00:00:00","0","0","0","0","0","7","0","0","0","0","39","0","27","5","0","0","0","0","16","21","2925"
"2010-12-09 00:00:00","0","0","0","0","0","10","0","0","0","0","49","0","46","5","0","0","0","0","13","26","2925"
"2010-12-10 00:00:00","0","0","0","0","0","7","0","0","0","0","40","0","37","8","0","0","0","0","17","12","2701"
"2010-12-11 00:00:00","0","0","0","0","0","8","0","0","0","0","36","0","21","4","0","0","0","0","4","16","1471"
"2010-12-12 00:00:00","0","0","0","0","0","3","0","0","0","0","40","0","21","9","0","0","0","0","5","21","1409"
"2010-12-13 00:00:00","0","0","0","0","0","4","0","0","0","0","40","0","36","5","0","0","0","0","8","27","2731"
"2010-12-14 00:00:00","0","0","0","0","0","6","0","0","0","0","39","0","34","11","0","0","0","0","10","19","2963"
"2010-12-15 00:00:00","0","0","0","0","0","4","0","0","0","0","35","0","34","9","0","0","0","0","10","19","2905"
"2010-12-16 00:00:00","0","0","0","0","0","6","0","0","0","0","41","0","32","9","0","0","0","0","12","21","2881"
"2010-12-17 00:00:00","0","0","0","0","0","5","0","0","0","0","37","0","17","7","0","0","0","0","7","18","2469"
"2010-12-18 00:00:00","0","0","0","0","0","1","0","0","0","0","27","0","16","7","0","0","0","0","4","11","1375"
"2010-12-19 00:00:00","0","0","0","0","0","4","0","0","0","0","23","0","22","8","0","0","0","0","2","19","1415"
"2010-12-20 00:00:00","0","0","0","0","0","6","0","0","0","0","42","0","28","7","0","0","0","0","3","13","2560"
"2010-12-21 00:00:00","0","0","0","0","0","7","0","0","0","0","32","0","20","7","0","0","0","0","4","19","2693"
"2010-12-22 00:00:00","0","0","0","0","0","7","0","0","0","0","45","0","29","13","0","0","0","0","10","18","2724"
"2010-12-23 00:00:00","0","0","0","0","0","2","0","0","0","0","35","0","15","14","0","0","0","0","2","23","2321"
"2010-12-24 00:00:00","0","0","0","0","0","3","0","0","0","0","24","0","18","10","0","0","0","0","6","16","1469"
"2010-12-25 00:00:00","0","0","0","0","0","3","0","0","0","0","19","0","17","5","0","0","0","0","4","11","993"
"2010-12-26 00:00:00","0","0","0","0","0","1","0","0","0","0","19","0","14","4","0","0","0","0","2","19","1071"
"2010-12-27 00:00:00","0","0","0","0","0","3","0","0","0","0","27","0","18","7","0","0","0","0","3","7","1927"
"2010-12-28 00:00:00","0","0","0","0","0","2","0","0","0","0","25","0","28","5","0","0","0","0","8","21","2175"
"2010-12-29 00:00:00","0","0","0","0","0","3","0","0","0","0","24","0","16","9","0","0","0","0","7","21","2344"
"2010-12-30 00:00:00","0","0","0","0","0","3","0","0","0","0","28","0","24","6","0","0","0","0","10","19","2261"
"2010-12-31 00:00:00","0","0","0","0","0","3","0","0","0","0","20","0","16","6","0","0","0","0","7","13","1506"
"2011-01-01 00:00:00","0","0","0","0","0","3","0","0","0","0","16","0","11","4","0","0","0","0","1","12","979"
"2011-01-02 00:00:00","0","0","0","0","0","0","0","0","0","0","37","0","25","7","0","0","0","0","6","15","1324"
"2011-01-03 00:00:00","0","0","0","0","0","3","0","0","0","0","30","0","23","8","0","0","0","0","10","21","2262"
"2011-01-04 00:00:00","0","0","0","0","0","7","0","0","0","0","31","0","27","5","0","0","0","0","11","28","2767"
"2011-01-05 00:00:00","0","0","0","0","0","8","0","0","0","0","37","0","32","7","0","0","0","0","5","21","2987"
"2011-01-06 00:00:00","0","0","0","0","0","5","0","0","0","0","38","0","24","13","0","0","0","0","11","24","2994"
"2011-01-07 00:00:00","0","0","0","0","0","5","0","0","0","0","36","0","23","8","0","0","0","0","9","20","2821"
"2011-01-08 00:00:00","0","0","0","0","0","4","0","0","0","0","36","0","15","8","0","0","0","0","6","22","1519"
"2011-01-09 00:00:00","0","0","0","0","0","3","0","0","0","0","32","0","21","7","0","0","0","0","8","21","1593"
"2011-01-10 00:00:00","0","0","0","0","0","10","0","0","0","0","35","0","32","8","0","0","0","0","9","26","2912"
"2011-01-11 00:00:00","0","0","0","0","0","8","0","0","0","0","32","0","23","12","0","0","0","0","12","30","3178"
"2011-01-12 00:00:00","0","0","0","0","0","4","0","0","0","0","48","0","22","9","0","0","0","0","5","24","3209"
"2011-01-13 00:00:00","0","0","0","0","0","3","0","0","0","0","37","0","36","12","0","0","0","0","11","25","3240"
"2011-01-14 00:00:00","0","0","0","0","0","11","0","0","0","0","38","0","27","19","0","0","0","0","6","27","2884"
"2011-01-15 00:00:00","0","0","0","0","0","2","0","0","0","0","23","0","20","10","0","0","0","0","6","17","1574"
"2011-01-16 00:00:00","0","0","0","0","0","3","0","0","0","0","44","0","24","34","0","0","0","0","3","18","1705"
"2011-01-17 00:00:00","0","0","0","0","0","7","0","0","0","0","42","0","24","23","0","0","0","0","10","27","2981"
"2011-01-18 00:00:00","0","0","0","0","0","4","0","0","0","0","36","0","24","15","0","0","0","0","11","18","3131"
"2011-01-19 00:00:00","0","0","0","0","0","7","0","0","0","0","52","0","39","32","0","0","0","0","12","19","3321"
"2011-01-20 00:00:00","0","0","0","0","0","11","0","0","0","0","49","0","40","15","0","0","0","0","5","19","3366"
"2011-01-21 00:00:00","0","0","0","0","0","7","0","0","0","0","35","0","24","22","0","0","0","0","6","21","3090"
"2011-01-22 00:00:00","0","0","0","0","0","3","0","0","0","0","31","0","27","17","0","0","0","0","4","19","1797"
"2011-01-23 00:00:00","0","0","0","0","0","4","0","0","0","0","29","0","35","11","0","0","0","0","8","21","1665"
"2011-01-24 00:00:00","0","0","0","0","0","3","0","0","0","0","46","0","39","25","0","0","0","0","7","23","3155"
"2011-01-25 00:00:00","0","0","0","0","0","6","0","0","0","0","52","0","34","20","0","0","0","0","19","20","3258"
"2011-01-26 00:00:00","0","0","0","0","0","7","0","0","0","0","52","0","42","14","0","0","0","0","15","17","3175"
"2011-01-27 00:00:00","0","0","0","0","0","10","0","0","0","0","39","0","39","12","0","0","0","0","14","16","3382"
"2011-01-28 00:00:00","0","0","0","0","0","4","0","0","0","0","34","0","27","22","0","0","0","0","11","18","3060"
"2011-01-29 00:00:00","0","0","0","0","0","3","0","0","0","0","30","0","23","15","0","0","0","0","4","7","1700"
"2011-01-30 00:00:00","0","0","0","0","0","8","0","0","0","0","37","0","21","13","0","0","0","0","8","4","1709"
"2011-01-31 00:00:00","0","0","0","0","0","8","0","0","0","0","54","0","31","20","16","0","0","0","15","22","3158"
"2011-02-01 00:00:00","0","0","0","0","0","2","0","0","0","0","57","0","28","18","20","0","0","0","9","21","3281"
"2011-02-02 00:00:00","0","0","0","0","0","6","0","0","0","0","60","0","35","27","3","0","0","0","12","21","3364"
"2011-02-03 00:00:00","0","0","0","0","0","1","0","0","0","0","48","0","28","9","8","0","0","0","13","25","3422"
"2011-02-04 00:00:00","0","0","0","0","0","3","0","0","0","0","57","0","28","7","5","0","0","0","11","27","3001"
"2011-02-05 00:00:00","0","0","0","0","0","1","0","0","0","0","45","0","23","12","3","0","0","0","7","24","1823"
"2011-02-06 00:00:00","0","0","0","0","0","5","0","0","0","0","39","0","28","17","2","0","0","0","3","24","1847"
"2011-02-07 00:00:00","0","0","0","0","0","8","0","0","0","0","51","0","44","14","9","0","0","0","15","24","3190"
"2011-02-08 00:00:00","0","0","0","0","0","9","0","0","0","0","61","0","34","13","21","0","0","0","9","33","3393"
"2011-02-09 00:00:00","0","0","0","0","0","5","0","0","0","0","66","0","40","9","14","0","0","0","9","20","3463"
"2011-02-10 00:00:00","0","0","0","0","0","2","0","0","0","0","50","0","31","23","11","0","0","0","16","32","3484"
"2011-02-11 00:00:00","0","0","0","0","0","7","0","0","0","0","54","0","23","11","10","0","0","0","13","27","3206"
"2011-02-12 00:00:00","0","0","0","0","0","4","0","0","0","0","42","0","22","17","5","0","0","0","6","18","1759"
"2011-02-13 00:00:00","0","0","0","0","0","3","0","0","0","0","51","0","32","11","4","0","1","0","10","21","1805"
"2011-02-14 00:00:00","0","0","0","0","0","8","0","0","0","0","57","0","35","10","4","0","23","0","17","24","3181"
"2011-02-15 00:00:00","0","0","0","0","0","5","0","0","0","0","55","0","25","17","8","0","24","0","20","22","3459"
"2011-02-16 00:00:00","0","0","0","0","0","4","0","0","0","0","56","0","35","19","0","0","16","0","13","30","3657"
"2011-02-17 00:00:00","0","0","0","0","0","7","0","0","0","0","62","0","35","17","2","0","14","0","11","28","3596"
"2011-02-18 00:00:00","0","0","0","0","0","4","0","0","0","0","50","0","33","16","5","0","7","0","11","28","3257"
"2011-02-19 00:00:00","0","0","0","0","0","3","0","0","0","0","34","0","25","11","2","0","9","0","6","19","1813"
"2011-02-20 00:00:00","0","0","0","0","0","1","0","0","0","0","44","0","23","18","0","0","9","0","5","18","1908"
"2011-02-21 00:00:00","0","0","0","0","0","5","0","0","0","0","61","0","35","17","6","0","14","0","13","29","3366"
"2011-02-22 00:00:00","0","0","0","0","0","8","0","0","0","0","44","0","37","15","1","0","10","0","17","23","3739"
"2011-02-23 00:00:00","0","0","0","0","0","9","0","0","0","0","49","0","36","16","4","0","12","0","12","46","3839"
"2011-02-24 00:00:00","0","0","0","0","0","9","0","0","0","0","47","0","32","22","1","0","16","0","12","24","3668"
"2011-02-25 00:00:00","0","0","0","0","0","4","0","0","0","0","59","0","36","26","4","0","8","0","15","33","3322"
"2011-02-26 00:00:00","0","0","0","0","0","14","0","0","0","0","41","0","23","16","2","0","7","0","7","19","1868"
"2011-02-27 00:00:00","0","0","0","0","0","4","0","0","0","0","65","0","28","21","0","0","11","0","7","33","1820"
"2011-02-28 00:00:00","0","0","0","0","0","3","0","0","0","0","74","0","24","12","2","0","17","0","14","23","3393"
"2011-03-01 00:00:00","0","0","0","0","0","4","0","0","0","0","57","0","29","12","4","0","5","0","14","32","3576"
"2011-03-02 00:00:00","0","0","0","0","0","4","0","0","0","0","64","0","38","24","1","0","13","0","21","17","3727"
"2011-03-03 00:00:00","0","0","0","0","0","5","0","0","0","0","67","0","40","12","0","0","12","0","11","35","3657"
"2011-03-04 00:00:00","0","0","0","0","0","2","0","0","0","0","60","0","38","11","0","0","7","0","15","32","3443"
"2011-03-05 00:00:00","0","0","0","0","0","8","0","0","0","0","47","0","25","10","0","0","14","0","3","21","1969"
"2011-03-06 00:00:00","0","0","0","0","0","2","0","0","0","0","59","0","24","11","1","0","15","0","4","22","1910"
"2011-03-07 00:00:00","0","0","0","0","0","9","0","0","0","0","83","0","40","21","3","0","11","0","17","31","3553"
"2011-03-08 00:00:00","0","0","0","0","0","5","0","0","0","0","61","0","40","7","0","0","21","0","29","31","3739"
"2011-03-09 00:00:00","0","0","0","0","0","5","0","0","0","0","70","0","47","14","1","0","10","0","16","30","3986"
"2011-03-10 00:00:00","0","0","0","0","0","7","0","0","0","0","62","0","23","15","3","0","16","0","13","29","3790"
"2011-03-11 00:00:00","0","0","0","0","0","6","0","0","0","0","69","0","28","16","4","0","11","0","23","21","3411"
"2011-03-12 00:00:00","0","0","0","0","0","6","0","0","0","0","51","0","29","12","5","0","5","0","7","13","1837"
"2011-03-13 00:00:00","0","0","0","0","0","2","0","0","0","0","57","0","22","25","3","0","6","0","11","13","1953"
"2011-03-14 00:00:00","0","0","0","0","0","8","0","0","0","0","69","0","41","20","1","0","15","0","17","35","3657"
"2011-03-15 00:00:00","0","0","0","0","0","7","0","0","0","0","75","0","32","13","4","0","14","0","13","39","3814"
"2011-03-16 00:00:00","0","0","0","0","0","5","0","0","0","0","66","0","29","15","4","0","21","0","16","45","3889"
"2011-03-17 00:00:00","0","0","0","0","0","2","0","0","0","0","72","0","35","22","3","0","14","0","14","33","3755"
"2011-03-18 00:00:00","0","0","0","0","0","0","0","0","0","0","52","0","34","17","4","0","10","0","15","31","3459"
"2011-03-19 00:00:00","0","0","0","0","0","3","0","0","0","0","45","0","13","18","1","0","12","0","11","17","1915"
"2011-03-20 00:00:00","0","0","0","0","0","1","0","0","0","0","55","0","23","13","1","0","15","0","11","13","1934"
"2011-03-21 00:00:00","0","0","0","0","0","3","0","0","0","0","65","0","35","18","0","0","7","0","18","25","3564"
"2011-03-22 00:00:00","0","0","0","0","0","4","0","0","0","0","54","0","39","12","5","0","15","0","15","18","4031"
"2011-03-23 00:00:00","0","0","0","0","0","5","0","0","0","0","56","0","38","11","2","0","15","0","17","18","3970"
"2011-03-24 00:00:00","0","0","0","0","0","8","0","0","0","0","50","0","46","16","1","0","14","0","15","30","3827"
"2011-03-25 00:00:00","0","0","0","0","0","2","0","0","0","0","48","0","31","6","3","0","9","0","13","26","3400"
"2011-03-26 00:00:00","0","0","0","0","0","6","0","0","0","0","42","0","19","9","0","0","3","0","11","18","1908"
"2011-03-27 00:00:00","0","0","0","0","0","6","0","0","0","0","56","0","29","19","2","0","5","0","9","20","2053"
"2011-03-28 00:00:00","0","0","0","0","0","8","0","0","0","0","86","0","36","11","1","0","11","0","12","26","3669"
"2011-03-29 00:00:00","0","0","0","0","0","3","0","0","0","0","71","0","31","14","4","0","10","0","15","25","3874"
"2011-03-30 00:00:00","0","0","0","0","0","7","0","0","0","0","60","0","36","9","3","0","5","0","9","28","3724"
"2011-03-31 00:00:00","0","0","0","0","0","7","0","0","0","0","58","0","34","16","2","0","6","0","10","20","3951"
"2011-04-01 00:00:00","0","0","0","0","0","8","0","0","0","0","65","0","30","12","3","0","5","0","13","25","3385"
"2011-04-02 00:00:00","0","0","0","0","0","6","0","0","0","0","55","0","21","15","2","0","3","0","13","17","1859"
"2011-04-03 00:00:00","0","0","0","0","0","8","0","0","0","0","66","0","28","11","0","0","7","0","9","20","1949"
"2011-04-04 00:00:00","0","0","0","0","0","3","0","0","0","0","76","0","37","8","4","0","7","0","9","30","3561"
"2011-04-05 00:00:00","0","0","0","0","0","7","0","0","0","0","72","0","35","19","5","0","14","0","17","43","4031"
"2011-04-06 00:00:00","0","0","0","0","0","2","0","0","0","0","70","0","32","12","5","0","14","0","17","34","4120"
"2011-04-07 00:00:00","0","0","0","0","0","9","0","0","0","0","67","0","44","17","3","0","4","0","18","35","4030"
"2011-04-08 00:00:00","0","0","0","0","0","6","0","0","0","0","52","0","31","20","3","0","5","0","14","27","3547"
"2011-04-09 00:00:00","0","0","0","0","0","3","0","0","0","0","64","0","22","13","1","0","6","0","10","27","1949"
"2011-04-10 00:00:00","0","0","0","0","0","3","0","0","0","0","58","0","19","14","2","0","3","0","6","26","1922"
"2011-04-11 00:00:00","0","0","0","0","0","7","0","0","0","0","83","0","31","26","3","0","13","0","10","26","3785"
"2011-04-12 00:00:00","0","0","0","0","0","3","0","0","0","0","80","0","36","19","0","0","14","0","14","46","3997"
"2011-04-13 00:00:00","0","0","0","0","0","14","0","0","0","0","80","0","35","13","3","0","8","0","20","41","3955"
"2011-04-14 00:00:00","0","0","0","0","0","10","0","0","0","0","61","0","42","18","2","0","11","0","14","32","3916"
"2011-04-15 00:00:00","0","0","0","0","0","5","0","0","0","0","64","0","37","16","2","0","9","0","9","31","3491"
"2011-04-16 00:00:00","0","0","0","0","0","3","0","0","0","0","48","0","24","12","2","0","4","0","13","14","2008"
"2011-04-17 00:00:00","0","0","0","0","0","4","0","0","0","0","57","0","24","13","0","0","4","0","6","24","1958"
"2011-04-18 00:00:00","0","0","0","0","0","5","0","0","0","0","68","0","29","14","3","0","5","0","18","32","3676"
"2011-04-19 00:00:00","0","0","0","0","0","2","0","0","0","0","66","0","34","12","3","0","13","0","20","35","4006"
"2011-04-20 00:00:00","0","0","0","0","0","6","0","0","0","0","84","0","42","16","3","0","13","0","15","29","4006"
"2011-04-21 00:00:00","0","0","0","0","0","4","0","0","0","0","79","0","31","7","2","0","10","0","13","28","3643"
"2011-04-22 00:00:00","0","0","0","0","0","5","0","0","0","0","63","0","28","9","2","0","5","0","16","21","2860"
"2011-04-23 00:00:00","0","0","0","0","0","2","0","0","0","0","54","0","31","6","0","0","3","0","8","19","1919"
"2011-04-24 00:00:00","0","0","0","0","0","3","0","0","0","0","48","0","21","5","1","0","0","0","7","20","1780"
"2011-04-25 00:00:00","0","0","0","0","0","3","0","0","0","0","58","0","30","14","1","0","9","0","13","30","2998"
"2011-04-26 00:00:00","0","0","0","0","0","5","0","0","0","0","65","0","23","16","1","0","5","0","14","24","3773"
"2011-04-27 00:00:00","0","0","0","0","0","1","0","0","0","0","84","0","41","13","3","0","7","0","24","24","4082"
"2011-04-28 00:00:00","0","0","0","0","0","8","0","0","0","0","72","0","35","13","0","0","13","0","20","33","3975"
"2011-04-29 00:00:00","0","0","0","0","0","4","0","0","0","0","63","0","31","8","1","0","6","0","13","22","3380"
"2011-04-30 00:00:00","0","0","0","0","0","3","0","0","0","0","56","0","24","12","0","0","3","0","10","26","1983"
"2011-05-01 00:00:00","0","0","0","0","0","3","0","0","0","0","71","0","23","16","2","0","8","0","10","30","2011"
"2011-05-02 00:00:00","0","0","0","0","0","6","0","0","0","0","75","0","18","8","3","0","10","0","14","36","3326"
"2011-05-03 00:00:00","0","0","0","0","0","1","0","0","0","0","96","0","32","13","0","0","13","0","12","34","3779"
"2011-05-04 00:00:00","0","0","0","0","0","8","0","0","0","0","81","0","26","11","3","0","8","0","13","33","3960"
"2011-05-05 00:00:00","0","0","0","0","0","5","0","0","0","0","76","0","31","13","3","0","9","0","19","28","4066"
"2011-05-06 00:00:00","0","0","0","0","0","4","0","0","0","0","67","0","28","13","2","0","5","0","26","40","3583"
"2011-05-07 00:00:00","0","0","0","0","0","5","0","0","0","0","59","0","21","9","0","0","2","0","8","24","1894"
"2011-05-08 00:00:00","0","0","0","0","0","5","0","0","0","0","62","0","26","10","0","0","5","0","13","19","1864"
"2011-05-09 00:00:00","0","0","0","0","0","5","0","0","0","0","60","0","25","13","1","0","8","0","18","25","3679"
"2011-05-10 00:00:00","0","0","0","0","0","6","0","0","0","0","75","0","37","11","2","0","2","0","16","36","4048"
"2011-05-11 00:00:00","0","0","0","0","0","4","0","0","0","0","82","0","43","16","0","0","10","0","18","32","4131"
"2011-05-12 00:00:00","0","0","0","0","0","6","0","0","0","0","62","0","32","10","4","0","7","0","14","34","4009"
"2011-05-13 00:00:00","0","0","0","0","0","4","0","0","0","0","62","0","28","16","1","0","6","0","15","29","3683"
"2011-05-14 00:00:00","0","0","0","0","0","3","0","0","0","0","47","0","16","12","0","0","0","0","7","20","1888"
"2011-05-15 00:00:00","0","0","0","0","0","0","0","0","0","0","64","0","25","9","0","0","5","0","5","19","1883"
"2011-05-16 00:00:00","0","0","0","0","0","2","0","0","0","0","78","0","31","8","0","0","9","0","15","34","3671"
"2011-05-17 00:00:00","0","0","0","0","0","5","0","0","0","0","77","0","25","8","1","0","8","0","14","32","3918"
"2011-05-18 00:00:00","0","0","0","0","0","6","0","0","0","0","70","0","33","21","2","0","8","0","8","27","3991"
"2011-05-19 00:00:00","0","0","0","0","0","3","0","0","0","0","58","0","37","28","2","0","12","0","18","27","3945"
"2011-05-20 00:00:00","0","0","0","0","0","5","0","0","0","0","70","0","24","22","2","0","8","0","20","30","3606"
"2011-05-21 00:00:00","0","0","0","0","0","3","0","0","0","0","55","0","30","13","0","0","4","0","11","17","1843"
"2011-05-22 00:00:00","0","0","0","0","0","1","0","0","0","0","61","0","14","11","4","0","5","0","16","18","1870"
"2011-05-23 00:00:00","0","0","0","0","0","0","0","0","0","0","73","0","20","14","5","0","17","0","12","34","3734"
"2011-05-24 00:00:00","0","0","0","0","0","7","0","0","0","0","56","0","41","12","4","0","10","0","16","24","3973"
"2011-05-25 00:00:00","0","0","0","0","0","5","0","0","0","0","77","0","27","18","1","0","13","0","14","23","4035"
"2011-05-26 00:00:00","0","0","0","0","0","2","0","0","0","0","59","0","37","22","3","0","10","0","16","37","4075"
"2011-05-27 00:00:00","0","0","0","0","0","8","0","0","0","0","51","0","35","9","2","0","10","0","9","31","3438"
"2011-05-28 00:00:00","0","0","0","0","0","1","0","0","0","0","50","0","29","8","0","0","5","0","5","26","1788"
"2011-05-29 00:00:00","0","0","0","0","0","3","0","0","0","0","53","0","25","6","0","0","9","0","5","28","1772"
"2011-05-30 00:00:00","0","0","0","0","0","5","0","0","0","0","53","0","27","12","4","0","13","0","8","32","3024"
"2011-05-31 00:00:00","0","0","0","0","0","3","0","0","0","0","79","0","35","13","3","0","11","0","12","28","3728"
"2011-06-01 00:00:00","0","0","0","0","0","2","0","0","0","0","63","0","27","36","0","0","10","0","20","30","4026"
"2011-06-02 00:00:00","0","0","0","0","0","3","0","0","0","0","63","0","31","35","2","0","5","0","15","30","3616"
"2011-06-03 00:00:00","0","0","0","0","0","2","0","0","0","0","62","0","32","13","1","0","6","0","15","28","3432"
"2011-06-04 00:00:00","0","0","0","0","0","4","0","0","0","0","58","0","24","17","1","0","4","0","12","24","1813"
"2011-06-05 00:00:00","0","0","0","0","0","3","0","0","0","0","57","0","27","14","4","0","10","0","12","31","1910"
"2011-06-06 00:00:00","0","0","0","0","0","5","0","0","0","0","84","0","36","18","3","0","11","0","13","42","3710"
"2011-06-07 00:00:00","0","0","0","0","0","7","0","0","0","0","66","0","30","14","1","0","11","0","18","34","3809"
"2011-06-08 00:00:00","0","0","0","0","0","4","0","0","0","0","82","0","41","16","0","0","6","0","15","25","3970"
"2011-06-09 00:00:00","0","0","0","0","0","5","0","0","0","0","75","0","28","16","1","0","14","0","12","24","4054"
"2011-06-10 00:00:00","0","0","0","0","0","3","0","0","0","0","59","0","22","10","0","0","9","0","10","24","3557"
"2011-06-11 00:00:00","0","0","0","0","0","3","0","0","0","0","60","0","29","15","0","0","2","0","8","19","1740"
"2011-06-12 00:00:00","0","0","0","0","0","4","0","0","0","0","41","0","24","10","0","0","4","0","3","25","1804"
"2011-06-13 00:00:00","0","0","0","0","0","1","0","0","0","0","53","0","30","17","0","0","13","0","12","28","3546"
"2011-06-14 00:00:00","0","0","0","0","0","3","0","0","0","0","68","0","32","14","0","0","12","0","12","43","3900"
"2011-06-15 00:00:00","0","0","0","0","0","5","0","0","0","0","65","0","27","20","1","0","13","0","20","33","4062"
"2011-06-16 00:00:00","0","0","0","0","0","2","0","0","0","0","52","0","38","13","2","0","8","0","19","27","4072"
"2011-06-17 00:00:00","0","0","0","0","0","5","0","0","0","0","62","0","38","19","1","0","8","0","15","31","3585"
"2011-06-18 00:00:00","0","0","0","0","0","1","0","0","0","0","54","0","15","11","3","0","12","0","14","20","1928"
"2011-06-19 00:00:00","0","0","0","0","0","2","0","0","0","0","57","0","24","10","0","0","10","0","7","17","1760"
"2011-06-20 00:00:00","0","0","0","0","0","4","0","0","0","0","76","0","27","31","6","0","15","0","13","19","3752"
"2011-06-21 00:00:00","0","0","0","0","0","3","0","0","0","0","65","0","44","22","1","0","12","0","20","29","4095"
"2011-06-22 00:00:00","0","0","0","0","0","3","0","0","0","0","74","0","28","21","2","0","14","0","12","33","4125"
"2011-06-23 00:00:00","0","0","0","0","0","2","0","0","0","0","84","0","36","17","2","0","14","0","16","24","3996"
"2011-06-24 00:00:00","0","0","0","0","0","2","0","0","0","0","74","0","24","17","0","0","7","0","12","20","3556"
"2011-06-25 00:00:00","0","0","0","0","0","6","0","0","0","0","59","0","16","7","1","0","4","0","5","21","1795"
"2011-06-26 00:00:00","0","0","0","0","0","3","0","0","0","0","47","0","17","8","0","0","5","0","10","15","1780"
"2011-06-27 00:00:00","0","0","0","0","0","2","0","0","0","0","65","0","29","16","0","0","20","0","19","33","3684"
"2011-06-28 00:00:00","0","0","0","0","0","7","0","0","0","0","69","0","26","19","1","0","6","0","8","37","3962"
"2011-06-29 00:00:00","0","0","0","0","0","2","0","0","0","0","66","0","25","21","0","0","11","0","11","33","4055"
"2011-06-30 00:00:00","0","0","0","0","0","7","0","0","0","0","71","0","23","9","5","0","8","0","15","23","3919"
"2011-07-01 00:00:00","0","0","0","0","0","3","0","0","0","0","48","0","18","7","4","0","7","0","10","28","3289"
"2011-07-02 00:00:00","0","0","0","0","0","4","0","0","0","0","49","0","22","11","0","0","4","0","6","36","1711"
"2011-07-03 00:00:00","0","0","0","0","0","3","0","0","0","0","56","0","20","9","0","0","3","0","6","18","1751"
"2011-07-04 00:00:00","0","0","0","0","0","2","0","0","0","0","71","0","28","13","1","0","5","0","13","34","3110"
"2011-07-05 00:00:00","0","0","0","0","0","2","0","0","0","0","70","0","28","16","1","0","13","0","17","33","3829"
"2011-07-06 00:00:00","0","0","0","0","0","6","0","0","0","0","64","0","34","14","1","0","14","0","20","28","4073"
"2011-07-07 00:00:00","0","0","0","0","0","2","0","0","0","0","74","0","23","11","1","0","14","0","17","35","4114"
"2011-07-08 00:00:00","0","0","0","0","0","4","0","0","0","0","64","0","33","23","3","0","12","0","13","24","3744"
"2011-07-09 00:00:00","0","0","0","0","0","5","0","0","0","0","43","0","22","12","1","0","7","0","9","11","1834"
"2011-07-10 00:00:00","0","0","0","0","0","3","0","0","0","0","43","0","16","7","0","0","8","0","12","19","1814"
"2011-07-11 00:00:00","0","0","0","0","0","9","0","0","0","0","66","0","31","6","0","0","14","0","15","36","3954"
"2011-07-12 00:00:00","0","0","0","0","0","7","0","0","0","0","58","0","39","19","1","0","8","0","15","42","4157"
"2011-07-13 00:00:00","0","0","0","0","0","1","0","0","0","0","73","0","31","5","1","0","14","0","23","38","4142"
"2011-07-14 00:00:00","0","0","0","0","0","6","0","0","0","0","58","0","39","13","3","0","10","0","22","28","4161"
"2011-07-15 00:00:00","0","0","0","0","0","4","0","0","0","0","51","0","26","16","2","0","11","0","19","19","3659"
"2011-07-16 00:00:00","0","0","0","0","0","3","0","0","0","0","49","0","21","10","0","0","3","0","7","26","1880"
"2011-07-17 00:00:00","0","0","0","0","0","4","0","0","0","0","59","0","18","14","0","0","10","0","10","33","1839"
"2011-07-18 00:00:00","0","0","0","1","0","7","0","0","0","0","65","0","43","9","3","0","10","0","24","38","3837"
"2011-07-19 00:00:00","0","0","0","0","0","1","0","0","0","0","68","0","29","21","0","0","17","0","22","38","4172"
"2011-07-20 00:00:00","0","0","0","0","0","7","0","0","0","0","73","0","18","20","2","0","18","0","10","44","4088"
"2011-07-21 00:00:00","0","0","0","0","0","5","0","0","0","0","67","0","31","19","3","0","14","0","19","30","4108"
"2011-07-22 00:00:00","0","0","0","0","0","4","0","0","0","0","74","0","30","20","1","0","7","0","12","41","3703"
"2011-07-23 00:00:00","0","0","0","0","0","3","0","0","0","0","51","0","21","11","1","0","1","0","7","23","1892"
"2011-07-24 00:00:00","0","0","0","0","0","2","0","0","0","0","50","0","28","24","2","0","5","0","7","25","1849"
"2011-07-25 00:00:00","0","0","0","0","0","2","0","0","0","0","72","0","26","15","1","0","18","0","18","25","3840"
"2011-07-26 00:00:00","0","0","0","0","0","4","0","0","0","0","59","0","33","16","1","0","11","0","20","32","4118"
"2011-07-27 00:00:00","0","0","0","0","0","4","0","0","0","0","58","0","28","9","2","0","14","0","15","34","4255"
"2011-07-28 00:00:00","0","0","0","0","0","4","0","0","0","0","63","0","30","23","1","0","9","0","14","32","4138"
"2011-07-29 00:00:00","0","0","0","0","0","2","0","0","0","0","53","0","34","19","1","0","7","0","10","31","3689"
"2011-07-30 00:00:00","0","0","0","0","0","5","0","0","0","0","45","0","25","10","2","0","3","0","12","23","1837"
"2011-07-31 00:00:00","0","0","0","0","0","2","0","0","0","0","51","0","21","12","3","0","4","0","10","27","1844"
"2011-08-01 00:00:00","0","0","0","0","0","1","0","0","0","0","78","0","28","13","2","0","11","0","13","25","3726"
"2011-08-02 00:00:00","0","0","0","0","0","3","0","0","0","0","64","0","27","17","1","0","10","0","12","28","4147"
"2011-08-03 00:00:00","0","0","0","0","0","5","0","0","0","0","70","0","41","10","3","0","11","0","20","40","4175"
"2011-08-04 00:00:00","0","0","0","0","0","4","0","0","0","0","85","0","27","13","0","0","16","0","20","27","4444"
"2011-08-05 00:00:00","0","0","0","0","0","3","0","0","0","0","59","0","29","7","3","0","5","0","8","34","3875"
"2011-08-06 00:00:00","0","0","0","0","0","3","0","0","0","0","45","0","19","7","2","0","5","0","9","16","1714"
"2011-08-07 00:00:00","0","0","0","0","0","1","0","0","0","0","62","0","18","9","3","0","1","0","8","20","1914"
"2011-08-08 00:00:00","0","0","0","0","0","8","0","0","0","0","60","0","28","11","4","0","9","0","16","49","3859"
"2011-08-09 00:00:00","0","0","0","0","0","4","0","0","0","0","74","0","39","9","6","0","8","0","11","29","4183"
"2011-08-10 00:00:00","0","0","0","0","0","2","0","0","0","0","64","0","41","16","2","0","9","0","23","25","4330"
"2011-08-11 00:00:00","0","0","0","0","0","4","0","0","0","0","67","0","26","13","3","0","7","0","12","22","4324"
"2011-08-12 00:00:00","0","0","0","0","0","3","0","0","0","0","52","0","28","17","2","0","8","0","12","32","3792"
"2011-08-13 00:00:00","0","0","0","0","0","4","0","0","0","0","55","0","15","6","1","0","3","0","10","18","1873"
"2011-08-14 00:00:00","0","0","0","0","0","4","0","0","0","0","57","0","16","11","1","0","6","0","5","14","1845"
"2011-08-15 00:00:00","0","0","0","0","0","4","0","0","0","0","77","0","19","15","3","0","12","0","12","28","3444"
"2011-08-16 00:00:00","0","0","0","0","0","2","0","0","0","0","85","0","24","9","1","0","18","0","22","32","4103"
"2011-08-17 00:00:00","0","0","0","0","0","8","0","0","0","0","77","0","34","19","3","0","8","0","19","36","4202"
"2011-08-18 00:00:00","0","0","0","0","0","6","0","0","0","0","72","0","23","13","2","0","10","0","18","31","4156"
"2011-08-19 00:00:00","0","0","0","0","0","4","0","0","0","0","56","0","19","8","1","0","6","0","11","24","3773"
"2011-08-20 00:00:00","0","0","0","0","0","4","0","0","0","0","50","0","16","9","0","0","2","0","16","15","1986"
"2011-08-21 00:00:00","0","0","0","0","0","3","0","0","0","0","55","0","24","11","3","0","5","0","10","18","1906"
"2011-08-22 00:00:00","0","0","0","0","0","8","0","0","0","0","67","0","32","14","1","0","13","0","17","21","3715"
"2011-08-23 00:00:00","0","0","0","0","0","4","0","0","0","0","91","0","23","11","4","0","11","0","25","21","4052"
"2011-08-24 00:00:00","0","0","0","0","0","6","0","0","0","0","70","0","27","15","1","0","15","0","19","26","4239"
"2011-08-25 00:00:00","0","0","0","0","0","2","0","0","0","0","69","0","29","14","5","0","12","0","18","33","4242"
"2011-08-26 00:00:00","0","0","0","0","0","2","0","0","0","0","79","0","25","15","2","0","9","0","10","17","3685"
"2011-08-27 00:00:00","0","0","0","0","0","1","0","0","0","0","70","0","15","14","0","0","4","0","8","21","1875"
"2011-08-28 00:00:00","0","0","0","0","0","3","0","0","0","0","61","0","19","13","0","0","3","0","8","40","1903"
"2011-08-29 00:00:00","0","0","0","0","0","2","0","0","0","0","54","0","31","10","2","0","16","0","11","34","3581"
"2011-08-30 00:00:00","0","0","0","0","0","3","0","0","0","0","69","0","33","15","0","0","10","0","17","33","3878"
"2011-08-31 00:00:00","0","0","0","0","0","6","0","0","0","0","75","0","34","15","3","0","8","0","25","29","3958"
"2011-09-01 00:00:00","0","0","0","0","0","6","0","0","0","0","77","0","29","18","4","0","11","0","12","23","3789"
"2011-09-02 00:00:00","0","0","0","0","0","3","0","0","0","0","67","0","25","10","2","0","8","0","16","29","3569"
"2011-09-03 00:00:00","0","0","0","0","0","2","0","0","0","0","61","0","19","7","1","0","4","0","15","30","1797"
"2011-09-04 00:00:00","0","0","0","0","0","2","0","0","0","0","86","0","20","7","1","0","3","0","5","25","1807"
"2011-09-05 00:00:00","0","0","0","0","0","4","0","0","0","0","69","0","28","12","3","0","8","0","20","37","3176"
"2011-09-06 00:00:00","0","0","0","0","0","8","0","0","0","0","99","0","25","7","0","0","10","0","8","33","4005"
"2011-09-07 00:00:00","0","0","0","0","0","9","0","0","0","0","91","0","42","18","3","0","12","0","10","31","4206"
"2011-09-08 00:00:00","0","0","0","0","0","6","0","0","0","0","84","0","39","7","1","0","9","0","15","35","4097"
"2011-09-09 00:00:00","0","0","0","0","0","10","0","0","0","0","90","0","30","15","1","0","3","0","20","22","3637"
"2011-09-10 00:00:00","0","0","0","0","0","2","0","0","0","0","75","0","19","12","0","0","3","0","6","26","1974"
"2011-09-11 00:00:00","0","0","0","0","0","2","0","0","0","0","114","0","17","8","0","0","10","0","10","28","1937"
"2011-09-12 00:00:00","0","0","0","0","0","7","0","0","0","0","96","0","18","7","3","0","14","0","19","39","3806"
"2011-09-13 00:00:00","0","0","0","0","0","4","0","0","0","0","102","0","33","11","4","0","12","0","10","31","4181"
"2011-09-14 00:00:00","0","0","0","0","0","0","0","0","0","0","105","0","32","18","4","0","14","0","16","32","4156"
"2011-09-15 00:00:00","0","0","0","0","0","3","0","0","0","0","111","0","33","18","3","0","8","0","24","38","4094"
"2011-09-16 00:00:00","0","0","0","0","0","4","0","0","0","0","88","0","27","20","1","0","6","0","18","28","3655"
"2011-09-17 00:00:00","0","0","0","0","0","2","0","0","0","0","64","0","16","16","3","0","2","0","8","21","2029"
"2011-09-18 00:00:00","0","0","0","0","0","5","0","0","0","0","85","0","31","22","0","0","5","0","8","27","1905"
"2011-09-19 00:00:00","0","0","0","0","0","1","0","0","0","0","98","0","32","23","1","0","6","0","16","30","3885"
"2011-09-20 00:00:00","0","0","0","0","0","4","0","0","0","0","113","0","43","22","2","0","11","0","17","33","4154"
"2011-09-21 00:00:00","0","0","0","0","0","5","0","0","0","0","104","0","28","9","2","0","9","0","19","31","4279"
"2011-09-22 00:00:00","0","0","0","0","0","7","0","0","0","0","105","0","25","14","5","0","10","0","19","26","4212"
"2011-09-23 00:00:00","0","0","0","0","0","3","0","0","0","0","92","0","29","26","6","0","11","0","20","38","3760"
"2011-09-24 00:00:00","0","0","0","0","0","4","0","0","0","0","82","0","18","18","1","0","2","0","8","25","2009"
"2011-09-25 00:00:00","0","0","0","0","0","3","0","0","0","0","83","0","24","16","3","0","5","0","4","33","1958"
"2011-09-26 00:00:00","0","0","0","0","0","6","0","0","0","0","80","0","26","6","3","0","13","0","12","28","3905"
"2011-09-27 00:00:00","0","0","0","0","0","5","0","0","0","0","91","0","38","11","2","0","16","0","24","46","4024"
"2011-09-28 00:00:00","0","0","0","0","0","6","0","0","0","0","100","0","41","17","1","0","12","0","5","43","4124"
"2011-09-29 00:00:00","0","0","0","0","0","4","0","0","0","0","98","0","30","17","1","0","15","0","16","46","3909"
"2011-09-30 00:00:00","0","0","0","0","0","2","0","0","0","0","97","0","21","14","3","0","8","0","18","32","3669"
"2011-10-01 00:00:00","0","0","0","0","0","2","0","0","0","0","88","0","16","12","1","0","4","0","15","28","1836"
"2011-10-02 00:00:00","0","0","0","0","0","1","0","0","0","0","85","0","14","9","2","0","1","0","11","25","1851"
"2011-10-03 00:00:00","0","0","0","0","0","1","0","0","0","0","83","0","32","9","3","0","5","0","17","33","3479"
"2011-10-04 00:00:00","0","0","0","0","0","1","0","0","0","0","93","0","32","12","2","0","18","0","23","33","3916"
"2011-10-05 00:00:00","0","0","0","0","0","7","0","0","0","0","102","0","34","18","2","0","14","0","26","48","3992"
"2011-10-06 00:00:00","0","0","0","0","0","4","0","0","0","0","94","0","28","17","4","0","17","0","19","46","3815"
"2011-10-07 00:00:00","0","0","0","0","0","4","0","0","0","0","98","0","26","17","4","0","11","0","19","43","3547"
"2011-10-08 00:00:00","0","0","0","0","0","3","0","0","0","0","90","0","23","17","0","0","6","0","13","30","1858"
"2011-10-09 00:00:00","0","0","0","0","0","4","0","0","0","0","109","0","25","11","1","0","2","0","10","34","2047"
"2011-10-10 00:00:00","0","0","0","0","0","4","0","0","0","0","101","0","44","12","1","0","13","0","18","25","3705"
"2011-10-11 00:00:00","0","0","0","0","0","5","0","0","0","0","90","0","39","12","2","0","16","0","23","33","4088"
"2011-10-12 00:00:00","0","0","0","0","0","4","0","0","0","0","105","0","28","15","4","0","13","0","14","43","4113"
"2011-10-13 00:00:00","0","0","0","0","0","3","0","0","0","0","116","0","33","19","4","0","19","0","17","35","4023"
"2011-10-14 00:00:00","0","0","0","0","0","2","0","0","0","0","95","0","30","16","3","0","7","0","22","40","3760"
"2011-10-15 00:00:00","0","0","0","0","0","0","0","0","0","0","69","0","20","10","1","0","1","0","17","28","2025"
"2011-10-16 00:00:00","0","0","0","0","0","4","0","0","0","0","95","0","19","24","2","0","4","0","7","32","2014"
"2011-10-17 00:00:00","0","0","0","0","0","5","0","0","0","0","113","0","33","24","1","0","10","0","26","25","3794"
"2011-10-18 00:00:00","0","0","0","1","0","3","0","0","0","0","108","0","44","17","3","0","16","0","29","40","4150"
"2011-10-19 00:00:00","0","0","0","0","0","2","0","0","0","0","129","0","37","19","3","0","13","0","17","35","4277"
"2011-10-20 00:00:00","0","0","0","0","0","6","0","0","0","0","90","0","34","15","2","0","17","0","22","42","4152"
"2011-10-21 00:00:00","0","0","0","0","0","5","0","0","0","0","105","0","21","14","3","0","10","0","12","31","3787"
"2011-10-22 00:00:00","0","0","0","0","0","1","0","0","0","0","79","0","15","15","0","0","5","0","12","31","2071"
"2011-10-23 00:00:00","0","0","0","0","0","6","0","0","0","0","98","0","23","14","1","0","9","0","14","37","2016"
"2011-10-24 00:00:00","0","0","0","0","0","4","0","0","0","0","109","0","32","25","4","0","11","0","10","28","3895"
"2011-10-25 00:00:00","0","0","0","0","0","2","0","0","0","0","118","0","32","23","3","0","19","0","18","31","4063"
"2011-10-26 00:00:00","0","0","0","0","0","3","0","0","0","0","106","0","27","20","2","0","10","0","16","30","3761"
"2011-10-27 00:00:00","0","0","0","0","0","5","0","0","0","0","99","0","42","16","5","0","12","0","22","32","3995"
"2011-10-28 00:00:00","0","0","0","0","0","3","0","0","0","0","105","0","37","11","0","0","7","0","14","24","3515"
"2011-10-29 00:00:00","0","0","0","0","0","3","0","0","0","0","78","0","13","18","6","0","2","0","12","32","1891"
"2011-10-30 00:00:00","0","0","0","0","0","1","0","0","0","0","103","0","25","13","1","0","4","0","9","34","1903"
"2011-10-31 00:00:00","0","0","0","0","0","1","0","0","0","0","106","0","30","16","3","0","12","0","9","34","3683"
"2011-11-01 00:00:00","0","0","0","0","0","1","0","0","0","0","114","0","33","14","2","0","16","0","19","43","3944"
"2011-11-02 00:00:00","0","0","0","0","0","6","0","0","0","0","126","0","32","16","4","0","9","0","17","39","4168"
"2011-11-03 00:00:00","0","0","0","0","0","3","0","0","0","0","131","0","33","19","1","0","11","0","12","33","4255"
"2011-11-04 00:00:00","0","0","0","0","0","1","0","0","0","0","91","0","35","20","4","0","10","0","14","33","3983"
"2011-11-05 00:00:00","0","0","0","1","0","4","0","0","0","0","103","0","19","12","1","0","9","0","15","32","2061"
"2011-11-06 00:00:00","0","0","0","0","0","3","0","0","0","0","114","0","26","10","1","0","8","0","13","32","2074"
"2011-11-07 00:00:00","0","0","0","0","0","5","0","0","0","0","125","0","26","9","4","0","19","0","16","44","3870"
"2011-11-08 00:00:00","0","0","0","0","0","3","0","0","0","0","122","0","36","18","2","0","11","0","13","42","4160"
"2011-11-09 00:00:00","0","0","0","1","0","10","0","0","0","0","113","0","29","21","1","0","13","0","21","37","4231"
"2011-11-10 00:00:00","0","0","0","0","0","3","0","0","0","0","92","0","39","22","3","0","16","0","19","41","4266"
"2011-11-11 00:00:00","0","0","0","0","0","8","0","0","0","0","92","0","23","16","3","0","12","0","13","42","3799"
"2011-11-12 00:00:00","0","0","0","0","0","4","0","0","0","0","94","0","12","22","3","0","1","0","14","29","2032"
"2011-11-13 00:00:00","0","0","0","0","0","2","0","0","0","0","128","0","23","12","2","0","5","0","8","33","2135"
"2011-11-14 00:00:00","0","0","0","0","0","3","0","0","0","0","124","0","26","19","2","0","12","0","23","44","4062"
"2011-11-15 00:00:00","0","0","0","0","0","4","0","0","0","0","129","0","31","16","1","0","19","0","30","45","4275"
"2011-11-16 00:00:00","0","0","0","0","0","6","0","0","0","0","126","0","34","17","1","0","8","0","23","38","4560"
"2011-11-17 00:00:00","0","0","0","0","0","3","0","0","0","0","131","0","31","23","1","0","13","0","12","43","4486"
"2011-11-18 00:00:00","0","0","0","0","0","3","0","0","0","0","111","0","24","24","1","0","8","0","24","40","4083"
"2011-11-19 00:00:00","0","0","0","0","0","6","0","0","0","0","100","0","31","16","0","0","9","0","9","27","2250"
"2011-11-20 00:00:00","0","0","0","0","0","3","0","0","0","0","118","0","25","11","2","0","10","0","10","38","2244"
"2011-11-21 00:00:00","0","0","0","0","0","1","0","0","0","0","114","0","27","12","1","0","14","0","15","54","4202"
"2011-11-22 00:00:00","0","0","0","0","0","5","0","0","0","0","129","0","38","18","0","0","18","0","20","43","4467"
"2011-11-23 00:00:00","0","0","0","0","0","3","0","0","0","0","108","0","31","8","3","0","11","0","18","52","4353"
"2011-11-24 00:00:00","0","0","0","0","0","4","0","0","0","0","108","0","32","14","0","0","8","0","24","41","3795"
"2011-11-25 00:00:00","0","0","0","0","0","5","0","0","0","0","92","0","32","13","1","0","14","0","19","29","3400"
"2011-11-26 00:00:00","0","0","0","0","0","1","0","0","0","0","82","0","17","20","4","0","2","0","13","24","2113"
"2011-11-27 00:00:00","0","0","0","0","0","3","0","0","0","0","106","0","16","19","0","0","9","0","9","19","2162"
"2011-11-28 00:00:00","0","0","0","0","0","6","0","0","0","0","130","0","29","19","5","0","17","0","19","40","4076"
"2011-11-29 00:00:00","0","0","0","0","0","6","0","0","0","0","108","0","31","14","2","0","14","14","17","52","4449"
"2011-11-30 00:00:00","0","0","0","0","0","5","0","0","0","0","105","0","38","17","4","0","17","32","21","42","4480"
"2011-12-01 00:00:00","0","0","0","0","0","4","0","0","0","0","120","0","26","12","2","0","8","5","12","42","4341"
"2011-12-02 00:00:00","0","0","0","0","0","4","0","0","0","0","119","0","36","25","4","0","10","9","16","33","4027"
"2011-12-03 00:00:00","0","0","0","0","0","3","0","0","0","0","84","0","19","8","3","0","7","8","9","22","2229"
"2011-12-04 00:00:00","0","0","0","0","0","5","0","0","0","0","96","0","20","15","1","0","7","3","13","37","2199"
"2011-12-05 00:00:00","0","0","0","0","0","3","0","0","0","0","125","0","28","12","1","0","20","2","15","34","4091"
"2011-12-06 00:00:00","0","0","0","0","0","10","0","0","0","0","129","0","23","24","6","0","18","2","15","44","4421"
"2011-12-07 00:00:00","0","0","0","0","0","5","0","0","0","0","128","0","33","20","1","0","14","12","16","46","4665"
"2011-12-08 00:00:00","0","0","0","1","0","6","0","0","0","0","108","0","24","15","1","0","14","3","23","52","4376"
"2011-12-09 00:00:00","0","0","0","0","0","2","0","0","0","0","102","0","24","15","2","0","11","1","16","36","3882"
"2011-12-10 00:00:00","0","0","0","0","0","2","0","0","0","0","87","0","18","14","1","0","4","5","14","26","2226"
"2011-12-11 00:00:00","0","0","0","0","0","0","0","0","0","0","109","0","20","17","2","0","10","0","9","43","2219"
"2011-12-12 00:00:00","0","0","0","1","0","6","0","0","0","0","119","0","30","19","1","0","9","7","20","36","4154"
"2011-12-13 00:00:00","0","0","0","0","0","4","0","0","0","0","117","0","22","14","1","0","16","7","16","30","4489"
"2011-12-14 00:00:00","0","0","0","1","0","4","0","0","0","0","119","0","34","17","3","0","13","2","15","61","4477"
"2011-12-15 00:00:00","0","0","0","0","0","3","0","0","0","0","92","0","31","12","1","0","10","7","14","36","4313"
"2011-12-16 00:00:00","0","0","0","0","0","3","0","0","0","0","81","0","27","6","0","0","14","3","17","36","3773"
"2011-12-17 00:00:00","0","0","0","0","0","0","0","0","0","0","85","0","24","19","1","0","8","5","7","32","2138"
"2011-12-18 00:00:00","0","0","0","0","0","1","0","0","0","0","87","0","19","16","3","0","3","0","7","27","2029"
"2011-12-19 00:00:00","0","0","0","0","0","1","0","0","0","0","72","0","20","19","0","0","7","1","11","43","3988"
"2011-12-20 00:00:00","0","0","0","0","0","4","0","0","0","0","77","0","24","17","3","0","10","2","26","45","4080"
"2011-12-21 00:00:00","0","0","0","0","0","0","0","0","0","0","77","0","20","13","0","0","11","1","25","33","4130"
"2011-12-22 00:00:00","0","0","0","0","0","3","0","0","0","0","96","0","20","16","2","0","12","2","11","32","3724"
"2011-12-23 00:00:00","0","0","0","0","0","3","0","0","0","0","65","0","17","15","1","0","3","3","5","20","3085"
"2011-12-24 00:00:00","0","0","0","0","0","1","0","0","0","0","51","0","18","12","0","0","4","0","3","17","1668"
"2011-12-25 00:00:00","0","0","0","0","0","0","0","0","0","0","61","0","13","12","0","0","6","0","6","25","1337"
"2011-12-26 00:00:00","0","0","0","1","0","2","0","0","0","0","62","0","16","16","2","0","9","1","9","17","2316"
"2011-12-27 00:00:00","0","0","0","0","0","1","0","0","0","0","79","0","24","6","0","0","3","0","8","18","3013"
"2011-12-28 00:00:00","0","0","0","0","0","1","0","0","0","0","80","0","21","8","2","0","8","1","13","21","3522"
"2011-12-29 00:00:00","0","0","0","0","0","3","0","0","0","0","73","0","28","9","2","0","3","1","7","32","3533"
"2011-12-30 00:00:00","0","0","0","0","0","3","0","0","0","0","75","0","16","14","2","0","2","2","12","26","3014"
"2011-12-31 00:00:00","0","0","0","0","0","0","0","0","0","0","67","0","18","14","3","0","2","2","10","16","1699"
"2012-01-01 00:00:00","0","0","0","0","0","2","0","0","0","0","46","0","18","13","0","0","9","0","10","21","1503"
"2012-01-02 00:00:00","0","0","0","1","0","5","0","0","0","0","85","0","13","19","5","0","5","2","10","34","2931"
"2012-01-03 00:00:00","0","0","0","0","0","6","0","0","0","0","89","0","22","12","5","0","6","1","18","27","3925"
"2012-01-04 00:00:00","0","0","0","0","0","3","0","0","0","0","92","0","28","10","2","0","6","2","16","41","4344"
"2012-01-05 00:00:00","0","0","0","0","0","3","0","0","0","0","92","0","28","16","1","0","11","2","19","34","4545"
"2012-01-06 00:00:00","0","0","0","0","0","7","0","0","0","0","93","0","28","18","3","0","6","6","13","38","4035"
"2012-01-07 00:00:00","0","0","0","0","0","4","0","0","0","0","67","0","22","19","1","0","8","1","14","29","2403"
"2012-01-08 00:00:00","0","0","0","1","0","0","0","0","0","0","72","0","16","15","0","0","9","2","23","22","2386"
"2012-01-09 00:00:00","0","0","0","0","0","5","0","0","0","0","80","0","26","10","1","0","7","5","23","41","4217"
"2012-01-10 00:00:00","0","0","0","0","0","6","0","0","0","0","92","0","22","11","1","0","15","3","16","43","4442"
"2012-01-11 00:00:00","0","0","0","0","0","2","0","0","0","0","111","0","33","18","0","0","20","1","23","44","4648"
"2012-01-12 00:00:00","0","0","0","1","0","4","0","0","0","0","107","0","28","17","0","0","15","7","17","36","4621"
"2012-01-13 00:00:00","0","0","0","0","0","3","0","0","0","0","92","0","25","14","1","0","7","5","22","39","4262"
"2012-01-14 00:00:00","0","0","0","0","0","3","0","0","0","0","88","0","17","14","0","0","6","2","4","27","2211"
"2012-01-15 00:00:00","0","0","0","1","0","2","0","0","0","0","83","0","22","15","0","0","6","7","14","24","2392"
"2012-01-16 00:00:00","0","0","0","0","0","2","0","0","0","0","103","0","34","14","0","0","15","6","28","39","4028"
"2012-01-17 00:00:00","0","0","0","0","0","3","0","0","0","0","95","0","22","22","2","0","11","3","17","34","4462"
"2012-01-18 00:00:00","0","0","0","0","0","4","0","0","0","0","109","0","34","12","2","0","7","10","15","39","4517"
"2012-01-19 00:00:00","0","0","0","0","0","5","0","0","0","0","107","0","32","8","0","0","13","5","20","53","4569"
"2012-01-20 00:00:00","0","0","0","1","0","10","0","0","0","0","93","0","40","13","1","0","5","5","21","43","4140"
"2012-01-21 00:00:00","0","0","0","0","0","4","0","0","0","0","100","0","17","18","2","0","3","5","13","31","2435"
"2012-01-22 00:00:00","0","0","0","0","0","1","0","0","0","0","96","0","22","18","2","0","4","6","15","25","2363"
"2012-01-23 00:00:00","0","0","0","0","0","6","0","0","0","0","128","0","33","14","0","0","11","4","25","48","4221"
"2012-01-24 00:00:00","0","0","0","0","0","2","0","0","0","0","119","0","32","20","1","0","13","4","21","47","4647"
"2012-01-25 00:00:00","0","0","0","0","0","3","0","0","0","0","111","0","30","23","3","0","17","2","28","36","4696"
"2012-01-26 00:00:00","0","0","0","0","0","5","0","0","0","0","128","0","26","17","1","0","15","4","19","43","4419"
"2012-01-27 00:00:00","0","0","0","0","0","8","0","0","0","0","116","0","38","19","0","0","15","4","13","42","4123"
"2012-01-28 00:00:00","0","0","0","0","0","5","0","0","0","0","105","0","21","17","1","0","4","3","13","32","2413"
"2012-01-29 00:00:00","0","0","0","0","0","3","0","0","0","0","135","0","23","16","1","0","9","2","10","33","2418"
"2012-01-30 00:00:00","0","0","0","0","0","5","0","0","0","0","117","0","32","22","2","0","11","4","18","48","4356"
"2012-01-31 00:00:00","0","0","0","0","0","6","0","0","0","0","119","0","30","24","2","0","8","3","23","50","4743"
"2012-02-01 00:00:00","0","0","0","0","0","6","0","0","0","0","117","0","39","21","3","0","23","10","25","45","4782"
"2012-02-02 00:00:00","0","0","0","0","0","4","0","0","0","0","146","0","32","18","2","0","11","4","22","44","4809"
"2012-02-03 00:00:00","0","0","0","0","0","8","0","0","0","0","113","0","44","15","2","0","14","5","18","34","4472"
"2012-02-04 00:00:00","0","0","0","0","0","0","0","0","0","0","107","0","19","12","2","0","6","6","15","31","2511"
"2012-02-05 00:00:00","0","0","0","0","0","1","0","0","0","0","115","0","20","13","0","0","8","1","12","31","2528"
"2012-02-06 00:00:00","0","0","0","0","0","3","0","0","0","0","113","0","47","13","2","0","11","4","15","32","4437"
"2012-02-07 00:00:00","0","0","0","0","0","8","0","0","0","0","143","0","44","20","1","0","10","3","23","43","4882"
"2012-02-08 00:00:00","0","0","0","0","0","3","0","0","0","0","152","0","32","15","2","0","20","4","33","49","5108"
"2012-02-09 00:00:00","0","0","0","0","0","9","0","0","0","0","144","0","38","20","1","0","17","1","29","57","5057"
"2012-02-10 00:00:00","0","0","0","0","0","3","0","0","0","0","116","0","42","13","3","0","7","1","19","37","4578"
"2012-02-11 00:00:00","0","0","0","0","0","3","0","0","0","0","114","0","21","16","0","0","13","1","18","21","2563"
"2012-02-12 00:00:00","0","0","0","0","0","0","0","0","0","0","124","0","24","24","3","0","8","6","18","35","2631"
"2012-02-13 00:00:00","0","0","0","0","0","1","0","0","0","0","144","0","26","17","2","0","19","4","27","50","4672"
"2012-02-14 00:00:00","0","0","0","0","0","7","0","0","0","0","123","0","25","20","1","0","13","4","36","41","4805"
"2012-02-15 00:00:00","0","0","0","0","0","3","0","0","0","0","123","0","37","22","0","0","19","0","31","39","5140"
"2012-02-16 00:00:00","0","0","0","1","0","5","0","0","0","0","144","0","30","24","2","0","16","3","41","35","5121"
"2012-02-17 00:00:00","0","0","0","0","0","4","0","0","0","0","106","0","40","12","0","0","5","6","27","31","4692"
"2012-02-18 00:00:00","0","0","0","0","0","1","0","0","0","0","88","0","29","16","0","0","3","2","13","30","2462"
"2012-02-19 00:00:00","0","0","0","0","0","2","0","0","0","0","135","0","29","10","0","0","12","1","12","31","2771"
"2012-02-20 00:00:00","0","0","0","0","0","6","0","0","0","0","125","0","27","12","1","0","15","2","29","44","4689"
"2012-02-21 00:00:00","0","0","0","0","0","8","0","0","0","0","121","0","36","20","1","0","23","2","26","58","5028"
"2012-02-22 00:00:00","0","0","0","0","0","5","0","0","0","0","138","0","33","19","0","0","15","1","21","40","5217"
"2012-02-23 00:00:00","0","0","0","0","0","5","0","0","0","0","153","0","35","17","2","0","18","1","16","48","5298"
"2012-02-24 00:00:00","0","0","0","0","0","4","0","0","0","0","147","0","31","18","0","0","15","4","16","42","4758"
"2012-02-25 00:00:00","0","0","0","0","0","1","0","0","0","0","128","0","29","13","0","0","10","1","8","36","2752"
"2012-02-26 00:00:00","0","0","0","0","0","9","0","0","0","0","120","0","24","18","3","0","12","5","13","33","2742"
"2012-02-27 00:00:00","0","0","0","0","0","1","0","0","0","0","145","0","33","14","1","0","12","4","19","49","4611"
"2012-02-28 00:00:00","0","0","0","0","0","6","0","0","0","0","142","0","39","22","2","0","15","3","27","47","5100"
"2012-02-29 00:00:00","0","0","0","1","0","3","0","0","0","0","156","0","33","17","4","0","12","1","25","44","5053"
"2012-03-01 00:00:00","0","0","0","0","0","9","0","0","0","0","146","0","27","25","1","0","24","6","21","37","5172"
"2012-03-02 00:00:00","0","0","0","1","0","4","0","0","0","0","111","0","36","16","1","0","6","2","22","57","4709"
"2012-03-03 00:00:00","0","0","0","0","0","2","0","0","0","0","115","0","28","20","1","0","5","4","11","37","2671"
"2012-03-04 00:00:00","0","0","0","0","0","2","0","0","0","0","123","0","19","23","2","0","8","3","11","37","2694"
"2012-03-05 00:00:00","0","0","0","0","0","2","0","0","0","0","141","0","22","17","0","0","15","5","24","40","4764"
"2012-03-06 00:00:00","0","0","0","9","0","6","0","0","0","0","155","0","30","15","2","0","13","2","19","54","5182"
"2012-03-07 00:00:00","0","0","0","16","0","6","0","0","0","0","151","0","39","22","2","0","11","2","27","47","5084"
"2012-03-08 00:00:00","0","0","0","9","0","6","0","0","0","0","116","0","53","22","2","0","14","1","24","49","4764"
"2012-03-09 00:00:00","0","0","0","12","0","4","0","0","0","0","130","0","36","16","0","0","10","4","24","50","4585"
"2012-03-10 00:00:00","0","0","0","7","0","4","0","0","0","0","122","0","28","15","1","0","3","1","19","36","2568"
"2012-03-11 00:00:00","0","0","0","7","0","5","0","0","0","0","115","0","30","17","2","0","4","1","8","33","2640"
"2012-03-12 00:00:00","0","0","0","11","0","7","0","0","0","0","145","0","24","20","0","0","14","5","21","47","4896"
"2012-03-13 00:00:00","0","0","0","23","0","6","0","0","0","0","120","0","30","19","3","0","8","6","12","57","5139"
"2012-03-14 00:00:00","0","0","0","16","0","1","0","0","0","0","146","0","30","17","3","0","16","2","27","49","5240"
"2012-03-15 00:00:00","0","0","0","9","0","3","0","0","0","0","143","0","40","20","1","0","19","4","24","41","5178"
"2012-03-16 00:00:00","0","0","0","7","0","3","0","0","0","0","140","0","28","8","1","0","10","3","27","37","4597"
"2012-03-17 00:00:00","0","0","0","10","0","2","0","0","0","0","115","0","18","8","1","0","3","4","11","42","2587"
"2012-03-18 00:00:00","0","0","0","0","0","2","0","0","0","0","122","0","20","19","1","0","3","2","13","38","2589"
"2012-03-19 00:00:00","0","0","0","5","0","6","0","0","0","0","129","0","39","18","0","0","21","5","18","38","4850"
"2012-03-20 00:00:00","0","0","0","6","0","1","0","0","0","0","153","0","35","16","0","0","17","4","25","40","5107"
"2012-03-21 00:00:00","0","0","0","20","0","7","0","0","0","0","135","0","30","7","3","0","10","1","22","51","5242"
"2012-03-22 00:00:00","0","0","0","11","0","6","0","0","0","0","133","0","36","13","5","0","17","4","24","46","5242"
"2012-03-23 00:00:00","0","0","0","8","0","7","0","0","0","0","102","0","22","16","1","0","13","4","20","45","4512"
"2012-03-24 00:00:00","0","0","0","3","0","0","0","0","0","0","96","0","29","11","0","0","3","1","11","51","2594"
"2012-03-25 00:00:00","0","0","0","4","0","3","0","0","0","0","131","0","28","11","0","0","7","0","16","37","2515"
"2012-03-26 00:00:00","0","0","0","6","0","4","0","0","0","0","153","0","39","19","2","0","27","5","30","45","4804"
"2012-03-27 00:00:00","0","0","0","7","0","5","0","0","0","0","139","0","29","15","0","0","19","4","24","48","5204"
"2012-03-28 00:00:00","0","0","0","4","0","5","0","0","0","0","136","0","31","18","2","0","19","3","18","55","5285"
"2012-03-29 00:00:00","0","0","0","6","0","2","0","0","0","0","141","0","42","17","2","0","18","3","18","53","5235"
"2012-03-30 00:00:00","0","0","0","2","0","10","0","0","0","0","122","0","32","19","3","0","11","1","24","44","4685"
"2012-03-31 00:00:00","0","0","0","4","0","3","0","0","0","0","96","0","14","13","2","0","6","2","17","48","2619"
"2012-04-01 00:00:00","0","0","0","6","0","2","0","0","0","0","126","0","21","18","3","0","8","2","13","37","2588"
"2012-04-02 00:00:00","0","0","0","10","0","2","0","0","0","0","128","0","30","21","1","0","14","2","32","55","4759"
"2012-04-03 00:00:00","0","0","0","4","0","6","0","0","0","0","120","0","38","14","3","0","20","5","22","42","5260"
"2012-04-04 00:00:00","0","0","0","9","0","3","0","0","0","0","138","0","40","9","2","0","13","4","30","51","5278"
"2012-04-05 00:00:00","0","0","0","8","0","3","0","0","0","0","141","0","35","24","1","0","12","4","23","56","4954"
"2012-04-06 00:00:00","0","0","0","7","0","3","0","0","0","0","105","0","30","8","2","0","11","1","19","32","3697"
"2012-04-07 00:00:00","0","0","0","7","0","1","0","0","0","0","114","0","28","12","1","0","9","0","22","41","2711"
"2012-04-08 00:00:00","0","0","0","6","0","5","0","0","0","0","99","0","14","18","1","0","7","0","16","33","2487"
"2012-04-09 00:00:00","0","0","0","8","0","2","0","0","0","0","138","0","28","19","3","0","9","2","17","40","4072"
"2012-04-10 00:00:00","0","0","0","4","0","4","0","0","0","0","151","0","31","26","0","0","10","2","24","58","4945"
"2012-04-11 00:00:00","0","0","0","4","0","2","0","0","0","0","159","0","27","26","2","0","13","5","31","47","5241"
"2012-04-12 00:00:00","0","0","0","4","0","4","0","0","0","0","138","0","41","24","2","0","15","0","25","38","5369"
"2012-04-13 00:00:00","0","0","0","6","0","6","0","0","0","0","151","0","18","12","1","0","13","2","22","45","4673"
"2012-04-14 00:00:00","0","0","0","4","0","2","0","0","0","0","127","0","31","9","2","0","4","2","12","35","2536"
"2012-04-15 00:00:00","0","0","0","6","0","2","0","0","0","0","146","0","28","13","0","0","11","2","11","43","2689"
"2012-04-16 00:00:00","0","0","0","5","0","1","0","0","0","0","147","0","27","21","2","0","19","3","24","39","4816"
"2012-04-17 00:00:00","0","0","0","3","0","2","0","0","0","0","156","0","26","17","2","0","18","3","25","62","5133"
"2012-04-18 00:00:00","0","0","0","9","0","3","0","0","0","0","158","0","41","16","0","0","17","4","33","56","5505"
"2012-04-19 00:00:00","0","0","0","5","0","5","0","0","0","0","168","0","35","23","1","0","18","4","23","53","5531"
"2012-04-20 00:00:00","0","0","0","8","0","5","0","0","0","0","161","0","33","22","4","0","9","7","21","43","4847"
"2012-04-21 00:00:00","0","0","0","6","0","2","0","0","0","0","137","0","25","20","2","0","7","4","11","26","2795"
"2012-04-22 00:00:00","0","0","0","8","0","2","0","0","0","0","186","0","26","15","2","0","10","2","18","36","2797"
"2012-04-23 00:00:00","0","0","0","8","0","1","0","0","0","0","163","0","23","20","4","0","17","8","19","45","5087"
"2012-04-24 00:00:00","0","0","0","5","0","2","0","0","0","0","171","0","39","24","6","0","22","1","30","47","5279"
"2012-04-25 00:00:00","0","0","0","10","0","1","0","0","0","0","169","0","46","17","2","0","17","3","23","60","5290"
"2012-04-26 00:00:00","0","0","0","5","0","4","0","0","0","0","155","0","42","15","2","0","22","4","18","46","5182"
"2012-04-27 00:00:00","0","0","0","4","0","3","0","0","0","0","113","0","25","19","2","0","6","2","29","36","4788"
"2012-04-28 00:00:00","0","0","0","6","0","6","0","0","0","0","147","0","18","26","1","0","8","0","16","16","2732"
"2012-04-29 00:00:00","0","0","0","6","0","4","0","0","0","0","128","0","23","15","0","0","15","1","17","36","2574"
"2012-04-30 00:00:00","0","0","0","7","0","0","0","0","0","0","167","0","26","14","3","0","8","3","22","35","4404"
"2012-05-01 00:00:00","0","0","0","6","0","4","0","0","0","0","198","0","24","19","2","0","14","3","28","59","4165"
"2012-05-02 00:00:00","0","0","0","5","0","5","0","0","0","0","153","0","33","14","0","0","17","5","23","53","5126"
"2012-05-03 00:00:00","0","0","0","3","0","5","0","0","0","0","182","0","35","20","2","0","12","3","22","54","5200"
"2012-05-04 00:00:00","0","0","0","3","0","4","0","0","0","0","182","0","33","16","4","0","13","6","24","54","4855"
"2012-05-05 00:00:00","0","0","0","7","0","5","0","0","0","0","144","0","23","17","0","0","4","2","16","43","2772"
"2012-05-06 00:00:00","0","0","0","8","0","3","0","0","0","0","162","0","19","15","2","0","14","0","21","53","2495"
"2012-05-07 00:00:00","0","0","0","5","0","4","0","0","0","0","154","0","38","17","2","0","20","3","21","55","4564"
"2012-05-08 00:00:00","0","0","0","6","0","6","0","0","0","0","163","0","35","20","5","0","19","2","26","47","5054"
"2012-05-09 00:00:00","0","0","0","9","0","8","0","0","0","0","150","0","45","17","2","0","21","3","22","58","5231"
"2012-05-10 00:00:00","0","0","0","5","0","2","0","0","0","0","150","0","35","16","1","0","14","4","21","46","5384"
"2012-05-11 00:00:00","0","0","0","4","0","0","0","0","0","0","134","0","25","20","1","0","14","3","24","40","4749"
"2012-05-12 00:00:00","0","0","0","6","0","0","0","0","0","0","140","0","26","13","1","0","9","1","18","45","2516"
"2012-05-13 00:00:00","0","0","0","5","0","0","0","0","0","0","136","0","13","12","1","0","13","2","18","60","2410"
"2012-05-14 00:00:00","0","0","0","6","0","4","0","0","0","0","164","0","27","23","1","0","20","4","19","48","4904"
"2012-05-15 00:00:00","0","0","0","5","0","1","0","0","0","0","143","0","41","19","0","0","11","5","18","40","5255"
"2012-05-16 00:00:00","0","0","0","3","0","3","0","0","0","0","112","0","38","22","0","0","17","4","30","68","5253"
"2012-05-17 00:00:00","0","0","0","5","0","3","0","0","0","0","189","0","25","16","0","0","13","5","16","58","4881"
"2012-05-18 00:00:00","0","0","0","8","0","2","0","0","0","0","106","0","35","16","2","0","13","5","26","43","4700"
"2012-05-19 00:00:00","0","0","0","5","0","3","0","0","0","0","121","0","21","10","0","0","8","1","12","45","2551"
"2012-05-20 00:00:00","0","0","0","7","0","1","0","0","0","0","133","0","20","19","0","0","10","1","14","47","2461"
"2012-05-21 00:00:00","0","0","0","6","0","1","0","0","0","0","146","0","33","23","2","0","18","4","23","57","4706"
"2012-05-22 00:00:00","0","0","0","9","0","3","0","0","0","0","177","0","34","15","2","0","17","3","22","49","5216"
"2012-05-23 00:00:00","0","0","0","10","0","2","0","0","0","0","169","0","34","12","1","0","14","3","26","51","5265"
"2012-05-24 00:00:00","0","0","0","8","0","3","0","0","0","0","143","0","34","24","0","0","21","1","24","49","5153"
"2012-05-25 00:00:00","0","0","0","8","0","3","0","0","0","0","147","0","39","21","1","0","4","7","18","44","4628"
"2012-05-26 00:00:00","0","0","0","2","0","0","0","0","0","0","118","0","23","11","0","0","7","1","17","38","2412"
"2012-05-27 00:00:00","0","0","0","5","0","2","0","0","0","0","137","0","19","11","2","0","15","2","12","34","2289"
"2012-05-28 00:00:00","0","0","0","6","0","3","0","0","0","0","150","0","24","16","2","0","10","2","20","47","3979"
"2012-05-29 00:00:00","0","0","0","6","0","3","0","0","0","0","126","0","25","26","3","0","16","6","34","48","5025"
"2012-05-30 00:00:00","0","0","0","1","0","3","0","0","0","0","167","0","46","17","1","0","15","4","25","44","5244"
"2012-05-31 00:00:00","0","0","0","1","0","2","0","0","0","0","153","0","29","15","2","0","18","0","29","52","5042"
"2012-06-01 00:00:00","0","0","0","5","0","1","0","0","0","0","152","0","37","17","0","0","7","1","22","47","4686"
"2012-06-02 00:00:00","0","0","0","7","0","6","0","0","0","0","140","0","25","22","0","0","4","2","13","49","2448"
"2012-06-03 00:00:00","0","0","0","2","0","2","0","0","0","0","154","0","21","9","2","0","6","3","11","26","2445"
"2012-06-04 00:00:00","0","0","0","8","0","3","0","0","0","0","175","0","34","25","2","0","25","7","15","49","4572"
"2012-06-05 00:00:00","0","0","0","5","0","3","0","0","0","0","159","0","30","23","0","0","19","2","25","44","5003"
"2012-06-06 00:00:00","0","0","0","4","0","1","0","0","0","0","155","0","23","19","0","0","18","1","31","50","5177"
"2012-06-07 00:00:00","0","0","0","8","0","1","0","0","0","0","163","0","22","19","1","0","11","4","27","55","5266"
"2012-06-08 00:00:00","0","0","0","6","0","2","0","0","0","0","147","0","29","31","0","0","15","5","27","51","4686"
"2012-06-09 00:00:00","0","0","0","6","0","0","0","0","0","0","143","0","19","14","2","0","4","1","13","46","2416"
"2012-06-10 00:00:00","0","0","0","7","0","2","0","0","0","0","159","0","19","15","1","0","5","2","15","42","2414"
"2012-06-11 00:00:00","0","0","0","3","0","4","0","0","0","0","144","0","22","15","1","0","14","1","26","57","4736"
"2012-06-12 00:00:00","0","0","0","5","0","1","0","0","0","0","122","0","17","16","3","0","17","3","20","45","5126"
"2012-06-13 00:00:00","0","0","0","2","0","2","0","0","0","0","165","0","45","20","1","0","17","7","31","48","5520"
"2012-06-14 00:00:00","0","0","0","2","0","2","0","0","0","0","156","0","34","17","1","0","13","2","27","60","5367"
"2012-06-15 00:00:00","0","0","0","4","0","2","0","0","0","0","142","0","32","19","1","0","7","4","23","41","4880"
"2012-06-16 00:00:00","0","0","0","3","0","2","0","0","0","0","122","0","15","17","0","0","4","1","16","32","2461"
"2012-06-17 00:00:00","0","0","0","0","0","5","0","0","0","0","146","0","19","27","0","0","7","4","9","30","2432"
"2012-06-18 00:00:00","0","0","0","2","0","1","0","0","0","0","126","0","34","11","0","0","19","4","30","45","5167"
"2012-06-19 00:00:00","0","0","0","4","0","4","0","0","0","0","140","0","35","23","2","0","24","0","23","55","5397"
"2012-06-20 00:00:00","0","0","0","2","0","2","0","0","0","0","162","0","35","17","1","0","21","5","20","57","5572"
"2012-06-21 00:00:00","0","0","0","6","0","2","0","0","0","0","137","0","34","29","4","0","15","3","24","58","5634"
"2012-06-22 00:00:00","0","0","0","5","0","4","0","0","0","0","142","0","29","20","1","0","18","3","26","52","4948"
"2012-06-23 00:00:00","0","0","0","3","0","5","0","0","0","0","110","0","22","15","2","0","6","1","14","34","2486"
"2012-06-24 00:00:00","0","0","0","3","0","3","0","0","0","0","143","0","14","11","4","0","4","0","13","34","2474"
"2012-06-25 00:00:00","0","0","0","3","0","3","0","0","0","0","158","0","32","15","1","0","19","1","18","47","5066"
"2012-06-26 00:00:00","0","0","0","7","0","1","0","0","0","0","168","0","30","16","1","0","12","2","31","56","5571"
"2012-06-27 00:00:00","0","0","0","3","0","5","0","0","0","0","140","0","36","18","3","0","15","3","26","66","5620"
"2012-06-28 00:00:00","0","0","0","9","0","1","0","0","0","0","157","0","27","15","1","0","14","1","23","41","5408"
"2012-06-29 00:00:00","0","0","0","5","0","3","0","0","0","0","116","0","26","28","3","0","12","1","32","37","4808"
"2012-06-30 00:00:00","0","0","0","3","0","5","0","0","0","0","110","0","11","14","1","0","3","3","14","27","2469"
"2012-07-01 00:00:00","0","0","0","2","0","7","0","0","0","0","148","0","20","14","2","0","12","2","9","36","2435"
"2012-07-02 00:00:00","0","0","0","6","0","2","0","0","0","0","131","0","23","19","0","0","12","2","23","46","4888"
"2012-07-03 00:00:00","0","0","0","3","0","6","0","0","0","0","131","0","28","15","5","0","13","2","23","40","5472"
"2012-07-04 00:00:00","0","0","0","8","0","2","0","0","0","0","146","0","32","30","2","0","13","2","14","42","4637"
"2012-07-05 00:00:00","0","0","0","4","0","2","0","0","0","0","138","0","21","25","3","0","17","6","34","50","5343"
"2012-07-06 00:00:00","0","0","0","4","0","6","0","0","0","0","134","0","39","28","4","0","14","3","26","32","5071"
"2012-07-07 00:00:00","0","0","0","2","0","2","0","0","0","0","126","0","22","25","2","0","6","1","14","38","2579"
"2012-07-08 00:00:00","0","0","0","2","0","3","0","0","0","0","125","0","25","16","0","0","14","5","9","38","2454"
"2012-07-09 00:00:00","0","0","0","6","0","4","0","0","0","0","131","0","23","18","3","0","28","4","31","41","5166"
"2012-07-10 00:00:00","0","0","0","6","0","3","0","0","0","0","137","0","30","26","4","0","15","4","33","46","5626"
"2012-07-11 00:00:00","0","0","0","7","0","4","0","0","0","0","156","0","35","21","2","0","12","4","25","46","5836"
"2012-07-12 00:00:00","0","0","0","6","0","0","0","0","0","0","127","0","24","21","2","0","20","3","22","39","5737"
"2012-07-13 00:00:00","0","0","0","8","0","5","0","0","0","0","150","0","37","24","1","0","14","6","27","50","5130"
"2012-07-14 00:00:00","0","0","0","2","0","1","0","0","0","0","125","0","24","22","1","0","1","3","15","40","2482"
"2012-07-15 00:00:00","0","0","0","6","0","0","0","0","0","0","136","0","18","11","2","0","14","4","19","37","2488"
"2012-07-16 00:00:00","0","0","0","4","0","2","0","0","0","0","131","0","27","17","1","0","21","3","21","47","5325"
"2012-07-17 00:00:00","0","0","0","5","0","1","0","0","0","0","158","0","28","26","3","0","20","3","31","42","5557"
"2012-07-18 00:00:00","0","0","0","6","0","5","0","0","0","0","150","0","39","17","2","0","23","1","27","64","5819"
"2012-07-19 00:00:00","0","0","0","3","0","6","0","0","0","0","134","0","28","25","3","0","18","3","34","56","5740"
"2012-07-20 00:00:00","0","0","0","6","0","2","0","0","0","0","128","0","25","19","2","0","11","2","21","60","5136"
"2012-07-21 00:00:00","0","0","0","3","0","1","0","0","0","0","96","0","19","19","0","0","6","2","14","34","2504"
"2012-07-22 00:00:00","0","0","0","2","0","2","0","0","0","0","93","0","20","23","1","0","5","1","11","38","2582"
"2012-07-23 00:00:00","0","0","0","10","0","0","0","0","0","0","158","0","24","26","1","0","20","1","23","42","5266"
"2012-07-24 00:00:00","0","0","0","1","0","5","0","0","0","0","137","0","31","26","1","0","14","3","25","39","5579"
"2012-07-25 00:00:00","0","0","0","3","0","5","0","0","0","0","149","0","27","24","0","0","24","7","32","42","5872"
"2012-07-26 00:00:00","0","0","0","1","0","5","0","0","0","0","113","0","38","20","3","0","16","3","34","48","5765"
"2012-07-27 00:00:00","0","0","0","3","0","2","0","0","0","0","116","0","35","20","0","0","15","2","25","46","5169"
"2012-07-28 00:00:00","0","0","0","4","0","2","0","0","0","0","87","0","25","14","2","0","6","0","16","44","2585"
"2012-07-29 00:00:00","0","0","0","2","0","1","0","0","0","0","119","0","21","16","2","0","5","2","12","39","2525"
"2012-07-30 00:00:00","0","0","0","3","0","4","0","0","0","0","93","0","26","19","3","0","12","0","23","33","5292"
"2012-07-31 00:00:00","0","0","0","7","0","2","0","0","0","0","115","0","30","21","1","0","10","2","30","57","5780"
"2012-08-01 00:00:00","0","0","0","8","0","3","0","0","0","0","150","0","31","18","2","0","15","2","25","50","5487"
"2012-08-02 00:00:00","0","0","0","6","0","0","0","0","0","0","123","0","31","19","1","0","14","2","25","51","5521"
"2012-08-03 00:00:00","0","0","0","9","0","1","0","0","0","0","125","0","29","10","3","0","10","3","15","52","5071"
"2012-08-04 00:00:00","0","0","0","1","0","1","0","0","0","0","117","0","26","13","3","0","6","4","17","25","2483"
"2012-08-05 00:00:00","0","0","0","7","0","2","0","0","0","0","120","0","25","17","0","0","8","0","15","46","2539"
"2012-08-06 00:00:00","0","0","0","4","0","2","0","0","0","0","135","0","37","19","1","0","19","1","27","50","4991"
"2012-08-07 00:00:00","0","0","0","8","0","3","0","0","0","0","132","0","20","23","1","0","19","1","33","50","5514"
"2012-08-08 00:00:00","0","0","0","5","0","3","0","0","0","0","124","0","20","30","2","0","20","3","22","47","5648"
"2012-08-09 00:00:00","0","0","0","5","0","5","0","0","0","0","135","0","24","34","3","0","15","2","25","57","5603"
"2012-08-10 00:00:00","0","0","0","2","0","5","0","0","0","0","111","0","27","26","1","0","8","3","27","64","5054"
"2012-08-11 00:00:00","0","0","0","1","0","0","0","0","0","0","94","0","20","11","0","0","8","1","15","27","2361"
"2012-08-12 00:00:00","0","0","0","4","0","3","0","0","0","0","123","0","20","9","1","0","7","2","10","21","2520"
"2012-08-13 00:00:00","0","0","0","5","0","4","0","0","0","0","128","0","24","27","0","0","17","4","31","50","5175"
"2012-08-14 00:00:00","0","0","0","6","0","5","0","0","0","0","126","0","25","20","2","0","16","3","18","75","5486"
"2012-08-15 00:00:00","0","0","0","5","0","5","0","0","0","0","123","0","20","22","0","0","16","2","22","62","4915"
"2012-08-16 00:00:00","0","0","0","8","0","4","0","0","0","0","130","0","25","28","3","0","20","3","26","51","5470"
"2012-08-17 00:00:00","0","0","0","3","0","1","0","0","0","0","118","0","23","20","2","0","11","2","27","54","4936"
"2012-08-18 00:00:00","0","0","0","2","0","1","0","0","0","0","112","0","22","18","0","0","5","2","17","45","2620"
"2012-08-19 00:00:00","0","0","0","0","0","3","0","0","0","0","103","0","16","13","2","0","15","2","23","37","2393"
"2012-08-20 00:00:00","0","0","0","3","0","6","0","0","0","0","129","0","24","22","1","0","13","3","26","54","4831"
"2012-08-21 00:00:00","0","0","0","6","0","5","0","0","0","0","130","0","24","21","1","0","15","1","22","50","5241"
"2012-08-22 00:00:00","0","0","0","6","0","1","0","0","0","0","131","0","25","22","1","0","16","0","36","61","5491"
"2012-08-23 00:00:00","0","0","0","3","0","1","0","0","0","0","156","0","25","17","1","0","14","3","24","66","5545"
"2012-08-24 00:00:00","0","0","0","10","0","3","0","0","0","0","134","0","17","18","2","0","14","1","27","65","4948"
"2012-08-25 00:00:00","0","0","0","1","0","2","0","0","0","0","114","0","15","16","0","0","10","2","25","42","2559"
"2012-08-26 00:00:00","0","0","0","3","0","0","0","0","0","0","122","0","26","11","1","0","10","1","9","43","2507"
"2012-08-27 00:00:00","0","0","0","0","0","5","0","0","0","0","142","0","26","30","2","0","17","4","24","50","4937"
"2012-08-28 00:00:00","0","0","0","6","0","3","0","0","0","0","139","0","39","14","6","0","18","1","28","61","5399"
"2012-08-29 00:00:00","0","0","0","2","0","5","0","0","0","0","155","0","44","19","3","0","9","4","15","56","5652"
"2012-08-30 00:00:00","0","0","0","2","0","3","0","0","0","0","139","0","35","24","3","0","17","2","21","65","5681"
"2012-08-31 00:00:00","0","0","0","3","0","7","0","0","0","0","143","0","26","35","3","0","14","0","27","44","4835"
"2012-09-01 00:00:00","0","0","0","2","0","2","0","0","0","0","118","0","24","16","0","0","8","1","24","50","2511"
"2012-09-02 00:00:00","0","0","0","4","0","3","0","0","0","0","148","0","21","20","2","0","7","3","10","37","2498"
"2012-09-03 00:00:00","0","0","0","1","0","2","0","0","0","0","136","0","31","26","1","0","17","2","24","56","4441"
"2012-09-04 00:00:00","0","0","0","1","0","2","0","0","0","0","165","0","37","20","1","0","16","7","19","56","5274"
"2012-09-05 00:00:00","0","0","0","5","0","3","0","0","0","0","164","0","27","23","3","0","23","2","22","71","5504"
"2012-09-06 00:00:00","0","0","0","1","0","4","0","0","0","0","167","0","36","23","2","0","16","3","18","66","5583"
"2012-09-07 00:00:00","0","0","0","7","0","3","0","0","0","0","138","0","27","24","2","0","16","4","29","39","4986"
"2012-09-08 00:00:00","0","0","0","5","0","0","0","0","0","0","121","0","15","14","0","0","5","2","15","40","2594"
"2012-09-09 00:00:00","0","0","0","2","0","3","0","0","0","0","136","0","23","24","1","0","7","1","16","50","2603"
"2012-09-10 00:00:00","0","0","0","8","0","3","0","0","0","0","174","0","36","19","1","0","12","3","26","66","5153"
"2012-09-11 00:00:00","0","0","0","3","0","6","0","0","0","0","186","0","40","26","1","0","13","2","22","74","5541"
"2012-09-12 00:00:00","0","0","0","4","0","5","0","0","0","0","178","0","23","15","3","0","13","2","24","48","5489"
"2012-09-13 00:00:00","0","0","0","6","0","5","0","0","0","0","171","0","28","31","1","0","22","4","23","41","5657"
"2012-09-14 00:00:00","0","0","0","5","0","2","0","0","0","0","165","0","27","26","3","0","8","3","26","52","5010"
"2012-09-15 00:00:00","0","0","0","8","0","2","0","0","0","0","125","0","20","16","0","0","3","2","8","33","2391"
"2012-09-16 00:00:00","0","0","0","3","0","3","0","0","0","0","170","0","18","19","2","0","5","1","17","51","2543"
"2012-09-17 00:00:00","0","0","0","6","0","2","0","0","0","0","153","0","21","19","2","0","11","2","17","59","5314"
"2012-09-18 00:00:00","0","0","0","3","0","4","0","0","0","0","177","0","35","24","2","0","20","4","26","53","5429"
"2012-09-19 00:00:00","0","0","0","7","0","4","0","0","0","0","226","0","38","23","3","0","14","3","34","68","5343"
"2012-09-20 00:00:00","0","0","0","7","0","7","0","0","0","0","206","0","21","28","6","0","19","3","22","57","5477"
"2012-09-21 00:00:00","0","0","0","6","0","6","0","0","0","0","157","0","30","29","0","0","8","4","21","55","5084"
"2012-09-22 00:00:00","0","0","0","7","0","4","0","0","0","0","133","0","19","24","4","0","9","1","17","30","2733"
"2012-09-23 00:00:00","0","0","0","1","0","3","0","0","0","0","163","0","26","25","0","0","8","1","17","45","2572"
"2012-09-24 00:00:00","0","0","0","7","0","2","0","0","0","0","155","0","26","31","1","0","8","3","28","51","5241"
"2012-09-25 00:00:00","0","0","0","3","0","4","0","0","0","0","194","0","30","30","1","0","11","2","19","63","5495"
"2012-09-26 00:00:00","0","0","0","5","0","3","0","0","0","0","202","0","25","32","0","0","13","2","33","45","5761"
"2012-09-27 00:00:00","0","0","0","5","0","7","0","0","0","0","183","0","38","28","4","0","12","0","38","60","5822"
"2012-09-28 00:00:00","0","0","0","3","0","2","0","0","0","0","178","0","23","28","3","0","12","2","28","45","5028"
"2012-09-29 00:00:00","0","0","0","8","0","2","0","0","0","0","147","0","20","29","2","0","6","0","22","46","2560"
"2012-09-30 00:00:00","0","0","0","5","0","0","0","0","0","0","175","0","29","24","3","0","7","1","14","49","2502"
"2012-10-01 00:00:00","0","0","0","3","0","4","0","0","0","0","197","0","21","32","2","0","16","2","33","52","4962"
"2012-10-02 00:00:00","0","0","0","5","0","3","0","0","0","0","209","0","31","16","5","0","14","2","31","53","5152"
"2012-10-03 00:00:00","0","0","0","6","0","3","0","0","0","0","197","0","32","21","2","0","12","4","31","61","5525"
"2012-10-04 00:00:00","0","0","0","2","0","2","0","0","0","0","218","0","39","26","2","0","18","5","26","44","5642"
"2012-10-05 00:00:00","0","0","0","6","0","3","0","0","0","0","164","0","34","23","8","0","11","2","21","44","5117"
"2012-10-06 00:00:00","0","0","0","4","0","2","0","0","0","0","149","0","21","20","2","0","6","0","12","56","2840"
"2012-10-07 00:00:00","0","0","0","7","0","3","0","0","0","0","166","0","20","20","3","0","16","3","23","53","2759"
"2012-10-08 00:00:00","0","0","0","5","0","3","0","0","0","0","191","0","27","17","0","0","16","0","27","51","5052"
"2012-10-09 00:00:00","0","0","0","7","0","6","0","0","0","0","202","0","28","29","5","0","18","4","36","53","5570"
"2012-10-10 00:00:00","0","0","0","7","0","6","0","0","0","0","220","0","24","22","5","0","19","1","35","80","5933"
"2012-10-11 00:00:00","0","0","0","8","0","3","0","0","0","0","201","0","30","27","0","0","15","3","37","49","5942"
"2012-10-12 00:00:00","0","0","0","3","0","5","0","0","0","0","186","0","29","29","0","0","15","2","18","46","5379"
"2012-10-13 00:00:00","0","0","0","7","0","1","0","0","0","0","147","0","28","14","2","0","7","2","16","33","2796"
"2012-10-14 00:00:00","0","0","0","6","0","3","0","0","0","0","235","0","38","18","2","0","17","1","18","33","2817"
"2012-10-15 00:00:00","0","0","0","6","0","4","0","0","0","0","199","0","29","31","3","0","16","4","23","57","5480"
"2012-10-16 00:00:00","0","0","0","10","0","2","0","0","0","0","264","0","32","22","1","0","16","2","23","53","5895"
"2012-10-17 00:00:00","0","0","0","11","0","2","0","0","0","0","248","0","32","37","2","0","17","1","27","70","6014"
"2012-10-18 00:00:00","0","0","0","7","0","5","0","0","0","0","214","0","30","35","1","0","16","1","24","61","6078"
"2012-10-19 00:00:00","0","0","0","10","0","4","0","0","0","0","200","0","24","29","1","0","14","1","28","46","5448"
"2012-10-20 00:00:00","0","0","0","6","0","2","0","0","0","0","196","0","25","16","2","0","5","1","18","29","2963"
"2012-10-21 00:00:00","0","0","0","5","0","2","0","0","0","0","233","0","22","20","2","0","7","1","18","51","2972"
"2012-10-22 00:00:00","0","0","0","12","0","4","0","0","0","0","256","0","31","37","3","0","17","4","33","45","5545"
"2012-10-23 00:00:00","0","0","0","7","0","2","0","0","0","0","232","0","36","18","5","0","40","3","33","54","5764"
"2012-10-24 00:00:00","0","0","0","11","0","3","0","0","0","0","240","0","36","25","2","0","31","3","24","52","5590"
"2012-10-25 00:00:00","0","0","0","8","0","6","0","0","0","0","279","0","41","26","5","0","22","1","27","43","5840"
"2012-10-26 00:00:00","0","0","0","5","0","0","0","0","0","0","236","0","20","24","0","0","22","0","21","49","5027"
"2012-10-27 00:00:00","0","0","0","8","0","4","0","0","0","0","187","0","23","16","1","0","10","2","20","42","2813"
"2012-10-28 00:00:00","0","0","0","7","0","0","0","0","0","0","277","0","26","21","2","0","8","0","20","53","2757"
"2012-10-29 00:00:00","0","0","0","7","0","0","0","0","0","0","264","0","34","19","1","0","13","1","33","66","5269"
"2012-10-30 00:00:00","0","0","0","8","0","7","0","0","0","0","289","0","12","23","1","0","23","3","36","63","5357"
"2012-10-31 00:00:00","0","0","0","7","0","4","0","0","0","0","262","0","0","29","4","0","18","3","35","53","5681"
"2012-11-01 00:00:00","0","0","0","6","0","8","0","0","0","0","258","0","45","21","2","0","16","4","28","57","5489"
"2012-11-02 00:00:00","0","0","0","8","0","2","0","0","0","0","248","0","29","25","3","0","16","2","26","57","5263"
"2012-11-03 00:00:00","0","0","0","3","0","2","0","0","0","0","210","0","35","22","3","0","9","2","17","46","2978"
"2012-11-04 00:00:00","0","0","0","5","0","1","0","0","0","0","273","0","34","22","2","0","4","1","22","39","2956"
"2012-11-05 00:00:00","0","0","0","7","0","5","0","0","0","0","283","0","42","18","0","0","21","8","32","60","5551"
"2012-11-06 00:00:00","0","0","0","10","0","2","0","0","0","0","256","0","27","27","1","0","24","2","22","51","5728"
"2012-11-07 00:00:00","0","0","0","10","0","4","0","0","0","0","262","0","20","23","0","0","23","1","29","60","5769"
"2012-11-08 00:00:00","0","0","0","5","0","3","0","0","0","0","246","0","28","22","1","0","17","1","36","68","6060"
"2012-11-09 00:00:00","0","0","0","4","0","5","0","0","0","0","238","0","36","27","4","0","16","0","24","41","5279"
"2012-11-10 00:00:00","0","0","0","8","0","4","0","0","0","0","212","0","29","18","0","0","8","1","17","42","2900"
"2012-11-11 00:00:00","0","0","0","4","0","1","0","0","0","0","259","0","29","32","0","0","15","3","21","40","2909"
"2012-11-12 00:00:00","0","0","0","7","0","8","0","0","0","0","266","0","33","33","3","0","22","3","24","49","5146"
"2012-11-13 00:00:00","0","0","0","2","0","1","0","0","0","0","288","0","32","25","2","0","14","2","27","57","5363"
"2012-11-14 00:00:00","0","0","0","7","0","5","0","0","0","0","272","0","40","16","1","0","23","1","29","51","5690"
"2012-11-15 00:00:00","0","0","0","8","0","2","0","0","0","0","255","0","25","27","4","0","18","7","36","59","5813"
"2012-11-16 00:00:00","0","0","0","3","0","3","0","0","0","0","208","0","34","25","2","0","13","2","38","56","5383"
"2012-11-17 00:00:00","0","0","0","8","0","4","0","0","0","0","187","0","39","21","2","0","4","0","20","46","3064"
"2012-11-18 00:00:00","0","0","0","7","0","7","0","0","0","0","248","0","16","29","0","0","12","3","18","37","3068"
"2012-11-19 00:00:00","0","0","0","12","0","4","0","0","0","0","263","0","40","31","3","0","20","2","28","59","5771"
"2012-11-20 00:00:00","0","0","0","8","0","8","0","0","0","0","242","0","40","26","4","0","21","1","39","65","6030"
"2012-11-21 00:00:00","0","0","0","13","0","5","0","0","0","0","227","0","37","25","1","0","21","1","29","64","5945"
"2012-11-22 00:00:00","0","0","0","9","0","4","0","0","0","0","202","0","27","24","7","0","17","2","30","45","5324"
"2012-11-23 00:00:00","0","0","0","3","0","3","0","0","0","0","194","0","39","27","6","0","15","1","25","44","4639"
"2012-11-24 00:00:00","0","0","0","6","0","1","0","0","0","0","192","0","23","19","2","0","13","0","22","43","3029"
"2012-11-25 00:00:00","0","0","0","8","0","4","0","0","0","0","219","0","25","25","1","0","13","2","17","51","3127"
"2012-11-26 00:00:00","0","0","0","10","0","9","0","0","0","0","254","0","47","22","1","0","23","3","22","52","5634"
"2012-11-27 00:00:00","0","0","0","14","0","2","0","0","0","0","254","0","31","32","0","0","16","3","39","68","6099"
"2012-11-28 00:00:00","0","0","0","10","0","3","0","0","0","0","305","0","35","37","3","0","24","5","33","59","6466"
"2012-11-29 00:00:00","0","0","0","9","0","5","0","0","0","0","275","0","45","28","2","0","22","4","31","69","6231"
"2012-11-30 00:00:00","0","0","0","17","0","3","0","0","0","0","225","0","33","31","1","0","16","3","28","54","5488"
"2012-12-01 00:00:00","0","0","0","15","0","2","0","0","0","0","202","0","28","27","2","0","6","1","24","35","3079"
"2012-12-02 00:00:00","0","0","0","4","0","4","0","0","0","0","259","0","30","32","1","0","10","0","24","46","3221"
"2012-12-03 00:00:00","0","0","0","9","0","7","0","0","0","0","266","0","40","29","0","0","20","1","45","51","5753"
"2012-12-04 00:00:00","0","0","0","10","0","6","0","0","0","0","263","0","37","28","4","0","16","2","35","57","6150"
"2012-12-05 00:00:00","0","0","0","9","0","6","0","0","0","0","283","0","40","29","4","0","20","2","36","50","6200"
"2012-12-06 00:00:00","0","0","0","6","0","4","0","0","0","0","267","0","27","31","2","0","20","3","25","69","6017"
"2012-12-07 00:00:00","0","0","0","8","0","0","0","0","0","0","262","0","29","28","4","0","7","1","34","63","5482"
"2012-12-08 00:00:00","0","0","0","6","0","4","0","0","0","0","232","0","32","25","1","0","9","1","22","48","3156"
"2012-12-09 00:00:00","0","0","0","6","0","4","0","0","0","0","313","0","21","21","2","0","15","2","36","62","3082"
"2012-12-10 00:00:00","0","0","0","10","0","2","0","0","0","0","305","0","31","35","2","0","20","5","32","60","5569"
"2012-12-11 00:00:00","0","0","0","11","0","2","0","0","0","0","285","0","40","31","1","0","27","4","30","66","5902"
"2012-12-12 00:00:00","0","0","0","4","0","1","0","0","0","0","291","0","29","24","4","0","27","2","38","69","6111"
"2012-12-13 00:00:00","0","0","0","8","0","0","0","0","0","0","288","0","34","32","3","0","19","3","32","60","5981"
"2012-12-14 00:00:00","0","0","0","6","0","4","0","0","0","0","239","0","27","21","3","0","12","4","23","43","5191"
"2012-12-15 00:00:00","0","0","0","9","0","4","0","0","0","0","204","0","18","31","1","0","10","0","14","40","2831"
"2012-12-16 00:00:00","0","0","0","9","0","2","0","0","0","0","257","0","25","20","2","0","9","1","21","43","2859"
"2012-12-17 00:00:00","0","0","0","13","0","2","0","0","0","0","257","0","34","25","6","0","14","0","28","58","5281"
"2012-12-18 00:00:00","0","0","0","6","0","1","0","0","0","0","236","0","32","19","2","0","20","1","29","50","5715"
"2012-12-19 00:00:00","0","0","0","6","0","2","0","0","0","0","197","0","27","23","2","0","15","4","27","49","5911"
"2012-12-20 00:00:00","0","0","0","4","0","3","0","0","0","0","199","0","36","17","1","0","19","4","29","45","5550"
"2012-12-21 00:00:00","0","0","0","2","0","9","0","0","0","0","169","0","15","20","3","0","7","1","19","34","4715"
"2012-12-22 00:00:00","0","0","0","2","0","5","0","0","0","0","130","0","20","21","1","0","5","0","17","34","2610"
"2012-12-23 00:00:00","0","0","0","10","0","7","0","0","0","0","144","0","25","10","2","0","8","2","15","26","2460"
"2012-12-24 00:00:00","0","0","0","4","0","3","0","0","0","0","139","0","16","16","1","0","7","0","8","29","3182"
"2012-12-25 00:00:00","0","0","0","3","0","2","0","0","0","0","120","0","17","11","3","0","5","1","8","27","2404"
"2012-12-26 00:00:00","0","0","0","6","0","1","0","0","0","0","156","0","23","28","2","0","9","2","13","34","3744"
"2012-12-27 00:00:00","0","0","0","3","0","2","0","0","0","0","174","0","24","27","1","0","6","0","13","39","4422"
"2012-12-28 00:00:00","0","0","0","5","0","4","0","0","0","0","189","0","28","17","3","0","8","4","16","37","4225"
"2012-12-29 00:00:00","0","0","0","3","0","1","0","0","0","0","189","0","32","20","2","0","6","2","15","40","2797"
"2012-12-30 00:00:00","0","0","0","4","0","2","0","0","0","0","194","0","32","22","1","0","7","4","10","41","2599"
"2012-12-31 00:00:00","0","0","0","1","0","0","0","0","0","0","152","0","23","21","2","0","6","1","19","29","3159"
"2013-01-01 00:00:00","0","0","0","9","0","1","0","0","0","0","146","0","15","23","0","0","7","2","13","41","2525"
"2013-01-02 00:00:00","0","0","0","9","0","4","0","0","0","0","200","0","31","33","0","0","12","1","20","44","4679"
"2013-01-03 00:00:00","0","0","0","10","0","5","0","0","0","0","178","0","26","35","0","0","12","4","22","69","5280"
"2013-01-04 00:00:00","0","0","0","11","0","3","0","0","0","0","219","0","31","21","2","0","16","3","22","61","5277"
"2013-01-05 00:00:00","0","0","0","6","0","0","0","0","0","0","188","0","33","20","1","0","6","1","27","35","3211"
"2013-01-06 00:00:00","0","0","0","5","0","3","0","0","0","0","198","0","21","18","3","0","7","0","24","44","3066"
"2013-01-07 00:00:00","0","0","0","3","0","7","0","0","0","0","211","0","22","16","1","0","18","2","27","52","5418"
"2013-01-08 00:00:00","0","0","0","6","0","7","0","0","0","0","231","0","33","30","6","0","29","1","27","52","5935"
"2013-01-09 00:00:00","0","0","0","7","0","1","0","0","0","0","242","0","33","31","2","0","25","1","29","54","6160"
"2013-01-10 00:00:00","0","0","0","8","0","2","0","0","0","0","242","0","36","31","1","0","19","2","39","51","6167"
"2013-01-11 00:00:00","0","0","0","2","0","1","0","0","0","0","215","0","28","22","2","0","14","5","28","54","5764"
"2013-01-12 00:00:00","0","0","0","5","0","4","0","0","0","0","186","0","21","30","0","0","9","1","19","44","3198"
"2013-01-13 00:00:00","0","0","0","7","0","3","0","0","0","0","214","0","24","30","3","0","19","2","17","55","3137"
"2013-01-14 00:00:00","0","0","0","1","0","4","0","0","0","0","243","0","30","19","0","0","29","3","25","54","5343"
"2013-01-15 00:00:00","0","0","0","5","0","6","0","0","0","0","238","0","36","44","6","0","34","3","32","64","6126"
"2013-01-16 00:00:00","0","0","0","9","0","3","0","0","0","0","245","0","36","24","1","0","28","6","36","60","6261"
"2013-01-17 00:00:00","0","0","0","12","0","5","0","0","0","0","237","0","33","26","2","0","27","1","28","60","6157"
"2013-01-18 00:00:00","0","0","0","4","0","3","0","0","0","0","205","0","24","30","4","0","16","5","29","46","5693"
"2013-01-19 00:00:00","0","0","0","7","0","3","0","0","0","0","218","0","29","23","0","0","10","2","14","43","3152"
"2013-01-20 00:00:00","0","0","0","5","0","2","0","0","0","0","272","0","17","23","1","0","19","1","16","42","3128"
"2013-01-21 00:00:00","0","0","0","5","0","7","0","0","0","0","249","0","33","33","6","0","20","4","28","62","5678"
"2013-01-22 00:00:00","0","0","0","6","0","7","0","0","0","0","248","0","29","26","3","0","20","4","32","53","6335"
"2013-01-23 00:00:00","0","0","0","7","0","3","0","0","0","0","284","0","33","33","5","0","14","5","29","73","6430"
"2013-01-24 00:00:00","0","0","0","6","0","4","0","0","0","0","276","0","30","37","1","0","25","1","33","57","6405"
"2013-01-25 00:00:00","0","0","0","5","0","3","0","0","0","0","268","0","36","29","3","0","18","2","33","43","5624"
"2013-01-26 00:00:00","0","0","0","7","0","1","0","0","0","0","233","0","18","16","2","0","9","0","15","45","3188"
"2013-01-27 00:00:00","0","0","0","15","0","3","0","0","0","0","250","0","26","23","3","0","7","3","13","44","3292"
"2013-01-28 00:00:00","0","0","0","7","0","4","0","0","0","0","297","0","31","22","3","0","25","1","32","60","5900"
"2013-01-29 00:00:00","0","0","0","6","0","6","0","0","0","0","281","0","41","23","4","0","26","3","40","65","6361"
"2013-01-30 00:00:00","0","0","0","19","0","2","0","0","0","0","274","0","38","27","2","0","30","4","37","63","6533"
"2013-01-31 00:00:00","0","0","0","9","0","5","0","0","0","0","291","0","40","34","8","0","23","3","34","59","6297"
"2013-02-01 00:00:00","0","0","0","10","0","4","0","0","0","0","229","0","31","42","2","0","16","2","26","52","5887"
"2013-02-02 00:00:00","0","0","0","4","0","2","0","0","0","0","247","0","20","30","0","0","18","1","15","49","3244"
"2013-02-03 00:00:00","0","0","0","9","0","3","0","0","0","0","311","0","19","18","2","0","15","3","20","43","3287"
"2013-02-04 00:00:00","0","0","0","12","0","4","0","0","0","0","295","0","32","23","4","0","33","1","25","54","5881"
"2013-02-05 00:00:00","0","0","0","7","0","4","0","0","0","0","324","0","36","17","3","0","25","5","27","67","6328"
"2013-02-06 00:00:00","0","0","0","15","0","4","0","0","0","0","284","0","33","38","1","0","29","2","35","70","6584"
"2013-02-07 00:00:00","0","0","0","5","0","3","0","0","0","0","307","0","41","25","4","0","32","9","33","69","6641"
"2013-02-08 00:00:00","0","0","0","6","0","1","0","0","0","0","270","0","47","17","3","0","16","2","19","61","5872"
"2013-02-09 00:00:00","0","0","0","7","0","2","0","0","0","0","226","0","33","21","1","0","15","1","16","28","2961"
"2013-02-10 00:00:00","0","0","0","9","0","3","0","0","0","0","260","0","18","20","1","0","8","3","19","50","3381"
"2013-02-11 00:00:00","0","0","0","13","0","5","0","0","0","0","305","0","35","34","1","0","22","3","31","66","5816"
"2013-02-12 00:00:00","0","0","0","7","0","1","0","0","0","0","320","0","34","32","2","0","22","4","27","65","6295"
"2013-02-13 00:00:00","0","0","0","8","0","0","0","0","0","0","302","0","31","32","3","0","21","4","32","73","6424"
"2013-02-14 00:00:00","0","0","0","16","0","6","0","0","0","0","279","0","36","28","2","0","26","2","27","57","6244"
"2013-02-15 00:00:00","0","0","0","11","0","6","0","0","0","0","270","0","38","30","4","0","19","3","27","54","5728"
"2013-02-16 00:00:00","0","0","0","7","0","5","0","0","0","0","228","0","28","21","1","0","9","3","19","54","3387"
"2013-02-17 00:00:00","0","0","0","8","0","3","0","0","0","0","263","0","24","24","2","0","16","2","25","51","3338"
"2013-02-18 00:00:00","0","0","0","11","0","3","0","0","0","0","298","0","47","36","1","0","18","5","27","65","5934"
"2013-02-19 00:00:00","0","0","0","8","0","4","0","0","0","0","329","0","43","35","2","0","25","6","20","63","6812"
"2013-02-20 00:00:00","0","0","0","14","0","6","0","0","0","0","373","0","41","38","3","0","20","3","42","61","6661"
"2013-02-21 00:00:00","0","0","0","11","0","5","0","0","0","0","359","0","28","35","3","0","25","3","45","70","6736"
"2013-02-22 00:00:00","0","0","0","2","0","3","0","0","0","0","313","0","32","45","2","0","20","3","34","71","6199"
"2013-02-23 00:00:00","0","0","0","3","0","6","0","0","0","0","276","0","27","29","1","0","13","2","17","53","3574"
"2013-02-24 00:00:00","0","0","0","12","0","2","0","0","0","0","325","0","24","29","0","0","18","1","12","45","3337"
"2013-02-25 00:00:00","0","0","0","10","0","6","0","0","0","0","299","0","34","38","4","0","25","2","22","55","6253"
"2013-02-26 00:00:00","0","0","0","11","0","3","0","0","0","0","341","0","37","40","5","0","31","7","31","55","6770"
"2013-02-27 00:00:00","0","0","0","5","0","4","0","0","0","0","359","0","50","42","1","0","32","1","37","66","6836"
"2013-02-28 00:00:00","0","0","0","3","0","4","0","0","0","0","344","0","31","35","2","0","19","2","35","52","6907"
"2013-03-01 00:00:00","0","0","0","13","0","10","0","0","0","0","310","0","40","33","2","0","16","2","23","49","6033"
"2013-03-02 00:00:00","0","0","0","6","0","3","0","0","0","0","245","0","16","27","1","0","15","3","10","49","3548"
"2013-03-03 00:00:00","0","0","0","12","0","3","0","0","0","0","305","0","16","34","3","0","14","2","20","63","3517"
"2013-03-04 00:00:00","0","0","0","11","0","2","0","0","0","0","311","0","35","31","5","0","27","4","23","67","6337"
"2013-03-05 00:00:00","0","0","0","12","0","2","0","0","0","0","358","0","37","41","1","0","29","4","36","58","6820"
"2013-03-06 00:00:00","0","0","0","13","0","4","0","0","0","0","346","0","52","43","3","0","29","3","38","63","7169"
"2013-03-07 00:00:00","0","0","0","8","0","10","0","0","0","0","350","0","38","30","4","0","20","4","37","60","7014"
"2013-03-08 00:00:00","0","0","0","7","0","3","0","0","0","0","301","0","32","31","5","0","15","5","23","66","6280"
"2013-03-09 00:00:00","0","0","0","5","0","0","0","0","0","0","283","0","23","22","1","0","24","6","26","51","3489"
"2013-03-10 00:00:00","0","0","0","7","0","4","0","0","0","0","351","0","24","28","3","0","21","3","21","62","3575"
"2013-03-11 00:00:00","0","0","0","7","0","3","0","0","0","0","345","0","35","44","2","0","23","3","35","59","6492"
"2013-03-12 00:00:00","0","0","0","15","0","4","0","0","0","0","337","0","25","29","3","0","37","6","35","69","6938"
"2013-03-13 00:00:00","0","0","0","6","0","2","0","0","0","0","316","0","37","31","2","0","27","5","40","66","7062"
"2013-03-14 00:00:00","0","0","0","3","0","4","0","0","0","0","307","0","37","32","4","0","21","4","36","63","7086"
"2013-03-15 00:00:00","0","0","0","6","0","2","0","0","0","0","287","0","30","24","2","0","24","5","45","67","6216"
"2013-03-16 00:00:00","0","0","0","11","0","4","0","0","0","0","235","0","29","23","1","0","11","0","16","50","3552"
"2013-03-17 00:00:00","0","0","0","7","0","5","0","0","0","0","324","0","23","25","0","0","20","3","45","50","3476"
"2013-03-18 00:00:00","0","0","0","6","0","1","0","0","0","0","344","0","29","35","1","0","19","4","37","78","6426"
"2013-03-19 00:00:00","0","0","0","8","0","5","0","0","0","0","365","0","47","37","3","0","27","4","40","61","7069"
"2013-03-20 00:00:00","0","0","0","11","0","3","0","0","0","0","347","0","19","31","4","0","18","5","37","76","7042"
"2013-03-21 00:00:00","0","0","0","6","0","8","0","0","0","0","334","0","35","40","5","0","20","3","31","60","6868"
"2013-03-22 00:00:00","0","0","0","4","0","8","0","0","0","0","322","0","43","35","1","0","15","5","33","62","6133"
"2013-03-23 00:00:00","0","0","0","8","0","3","0","0","0","0","262","0","22","32","1","0","9","3","23","52","3538"
"2013-03-24 00:00:00","0","0","0","8","0","4","0","0","0","0","330","0","19","26","0","0","19","1","26","63","3560"
"2013-03-25 00:00:00","0","0","0","9","0","5","0","0","0","0","341","0","23","42","5","0","27","3","31","51","6449"
"2013-03-26 00:00:00","0","0","0","7","0","3","0","0","0","0","327","0","38","38","2","0","18","5","32","65","6684"
"2013-03-27 00:00:00","0","0","0","8","0","11","0","0","0","0","343","0","35","32","3","0","17","5","38","59","6656"
"2013-03-28 00:00:00","0","0","0","10","0","2","0","0","0","0","342","0","29","28","1","0","26","6","45","62","6655"
"2013-03-29 00:00:00","0","0","0","9","0","6","0","0","0","0","255","0","29","29","1","0","19","2","29","78","5279"
"2013-03-30 00:00:00","0","0","0","5","0","2","0","0","0","0","275","0","31","27","0","0","10","1","27","60","3402"
"2013-03-31 00:00:00","0","0","0","7","0","0","0","0","0","0","286","0","20","26","1","0","14","0","15","52","3309"
"2013-04-01 00:00:00","0","0","0","3","0","1","0","0","0","0","279","0","21","38","0","0","14","3","34","78","5348"
"2013-04-02 00:00:00","0","0","0","8","0","3","0","0","0","0","361","0","39","33","3","0","31","5","27","79","6882"
"2013-04-03 00:00:00","0","0","0","5","0","7","0","0","0","0","332","0","49","33","2","0","29","3","24","55","7018"
"2013-04-04 00:00:00","0","0","0","13","0","4","0","0","0","0","320","0","34","37","1","0","13","2","37","63","6948"
"2013-04-05 00:00:00","0","0","0","13","0","5","0","0","0","0","347","0","33","38","2","0","13","3","34","74","6339"
"2013-04-06 00:00:00","0","0","0","6","0","2","0","0","0","0","297","0","18","38","4","0","7","3","25","80","3511"
"2013-04-07 00:00:00","0","0","0","17","0","3","0","0","0","0","304","0","23","28","2","0","12","1","26","46","3680"
"2013-04-08 00:00:00","0","0","0","11","0","3","0","0","0","0","334","0","39","31","3","0","28","4","38","64","6508"
"2013-04-09 00:00:00","0","0","0","9","0","3","0","0","0","0","387","0","37","32","4","0","28","4","34","72","6991"
"2013-04-10 00:00:00","0","0","0","15","0","2","0","0","0","0","424","0","48","40","2","0","15","2","49","85","7110"
"2013-04-11 00:00:00","0","0","0","13","0","4","0","0","0","0","384","0","51","38","1","0","24","5","37","63","6558"
"2013-04-12 00:00:00","0","0","0","10","0","5","0","0","0","0","357","0","47","38","6","0","14","2","34","79","6434"
"2013-04-13 00:00:00","0","0","0","7","0","3","0","0","0","0","299","0","27","26","0","0","9","2","22","65","3443"
"2013-04-14 00:00:00","0","0","0","10","0","4","0","0","0","0","317","0","24","35","0","0","12","6","25","66","3598"
"2013-04-15 00:00:00","0","0","0","10","0","4","0","0","0","0","397","0","30","38","3","0","26","5","23","62","6230"
"2013-04-16 00:00:00","0","0","0","10","0","1","0","0","0","0","320","0","39","28","5","0","22","6","41","78","6630"
"2013-04-17 00:00:00","0","0","0","3","0","7","0","0","0","0","411","0","37","39","3","0","22","3","30","68","6849"
"2013-04-18 00:00:00","0","0","0","5","0","1","0","0","0","0","314","0","49","29","3","0","22","3","42","75","6760"
"2013-04-19 00:00:00","0","0","0","13","0","6","0","0","0","0","340","0","33","32","2","0","11","3","33","67","5988"
"2013-04-20 00:00:00","0","0","0","11","0","3","0","0","0","0","291","0","17","27","1","0","4","3","22","56","3519"
"2013-04-21 00:00:00","0","0","0","9","0","2","0","0","0","0","308","0","34","33","1","0","12","0","31","39","3303"
"2013-04-22 00:00:00","0","0","0","9","0","1","0","0","0","0","407","0","39","41","2","0","17","3","41","79","6326"
"2013-04-23 00:00:00","0","0","0","9","0","2","0","0","0","0","380","0","54","38","3","0","21","4","36","87","6704"
"2013-04-24 00:00:00","0","0","0","4","0","1","0","0","0","0","371","0","32","27","7","0","15","3","55","68","6924"
"2013-04-25 00:00:00","0","0","0","4","0","4","0","0","0","0","346","0","41","39","2","0","9","12","57","87","6710"
"2013-04-26 00:00:00","0","0","0","13","0","1","0","0","0","0","330","0","34","36","5","0","21","2","34","67","5999"
"2013-04-27 00:00:00","0","0","0","9","0","5","0","0","0","0","286","0","35","30","3","0","10","5","23","54","3315"
"2013-04-28 00:00:00","0","0","0","11","0","4","0","0","0","0","351","0","24","38","2","0","12","2","20","65","3474"
"2013-04-29 00:00:00","0","0","0","5","0","6","0","0","0","0","340","0","53","42","3","0","17","2","45","79","6117"
"2013-04-30 00:00:00","0","0","0","8","0","1","0","0","0","0","333","0","30","34","2","0","16","6","39","68","6197"
"2013-05-01 00:00:00","0","0","0","8","0","4","0","0","0","0","376","0","34","45","0","0","16","3","30","81","5250"
"2013-05-02 00:00:00","0","0","0","14","0","9","0","0","0","0","347","0","39","49","2","0","17","3","41","68","6351"
"2013-05-03 00:00:00","0","0","0","8","0","7","0","0","0","0","359","0","44","37","3","0","16","5","35","70","5731"
"2013-05-04 00:00:00","0","0","0","9","0","2","0","0","0","0","325","0","30","33","4","0","11","4","28","62","3269"
"2013-05-05 00:00:00","0","0","0","7","0","1","0","0","0","0","360","0","30","34","3","0","11","4","31","62","3140"
"2013-05-06 00:00:00","0","0","0","9","0","4","0","0","0","0","381","0","37","31","2","0","19","3","34","67","5646"
"2013-05-07 00:00:00","0","0","0","12","0","6","0","0","0","0","397","0","51","38","4","0","27","3","48","70","6425"
"2013-05-08 00:00:00","0","0","0","14","0","7","0","0","0","0","357","0","31","38","2","0","21","5","39","79","6403"
"2013-05-09 00:00:00","0","0","0","5","0","3","0","0","0","0","360","0","31","34","4","0","13","8","32","78","6229"
"2013-05-10 00:00:00","0","0","0","12","0","3","0","0","0","0","315","0","28","42","3","0","14","6","33","49","5629"
"2013-05-11 00:00:00","0","0","0","3","0","1","0","0","0","0","308","0","27","35","2","0","3","5","26","57","3157"
"2013-05-12 00:00:00","0","0","0","4","0","3","0","0","0","0","340","0","18","26","2","0","10","2","22","69","3127"
"2013-05-13 00:00:00","0","0","0","5","0","5","0","0","0","0","321","0","34","51","3","0","18","4","44","64","5976"
"2013-05-14 00:00:00","0","0","0","12","0","3","0","0","0","0","374","0","39","37","1","0","19","9","35","78","6464"
"2013-05-15 00:00:00","0","0","0","12","0","4","0","0","0","0","351","0","37","43","3","0","19","5","51","74","6593"
"2013-05-16 00:00:00","0","0","0","5","0","3","0","0","0","0","354","0","40","38","5","0","14","8","38","66","6712"
"2013-05-17 00:00:00","0","0","0","7","0","4","0","0","0","0","330","0","48","36","3","0","10","4","39","56","5939"
"2013-05-18 00:00:00","0","0","0","9","0","4","0","0","0","0","304","0","37","31","3","0","6","2","26","59","3214"
"2013-05-19 00:00:00","0","0","0","7","0","2","0","0","0","0","280","0","29","27","1","0","6","8","23","52","3165"
"2013-05-20 00:00:00","0","0","0","12","0","9","0","0","0","0","318","0","40","31","0","0","12","10","37","68","5759"
"2013-05-21 00:00:00","0","0","0","13","0","5","0","0","0","0","349","0","38","40","1","0","18","8","39","65","6466"
"2013-05-22 00:00:00","0","0","0","4","0","3","0","0","0","0","351","0","45","47","0","0","24","6","36","75","6668"
"2013-05-23 00:00:00","0","0","0","7","0","5","0","0","0","0","342","0","42","40","5","0","18","3","45","73","6660"
"2013-05-24 00:00:00","0","0","0","7","0","2","0","0","0","0","274","0","39","49","4","0","17","12","30","86","5739"
"2013-05-25 00:00:00","0","0","0","6","0","0","0","0","0","0","287","0","24","27","2","0","9","2","19","42","2952"
"2013-05-26 00:00:00","0","0","0","6","0","1","0","0","0","0","305","0","23","34","1","0","20","2","21","46","2920"
"2013-05-27 00:00:00","0","0","0","8","0","2","0","0","0","0","300","0","39","41","4","0","21","4","38","68","5253"
"2013-05-28 00:00:00","0","0","0","8","0","7","0","0","0","0","299","0","37","40","2","0","19","4","53","63","6353"
"2013-05-29 00:00:00","0","0","0","4","0","7","0","0","0","0","314","0","45","39","0","0","15","7","36","72","6632"
"2013-05-30 00:00:00","0","0","0","6","0","5","0","0","0","0","350","0","27","34","5","0","23","6","35","55","6592"
"2013-05-31 00:00:00","0","0","0","4","0","5","0","0","0","0","284","0","34","39","5","0","17","4","28","61","5897"
"2013-06-01 00:00:00","0","0","0","6","0","1","0","0","0","0","255","0","28","29","0","0","9","1","16","56","3217"
"2013-06-02 00:00:00","0","0","0","5","0","4","0","0","0","0","269","0","19","35","2","0","11","3","24","43","3011"
"2013-06-03 00:00:00","0","0","0","5","0","5","0","0","0","0","277","0","28","31","2","0","20","8","45","59","5888"
"2013-06-04 00:00:00","0","0","0","2","0","2","0","0","0","0","319","0","36","32","2","0","16","2","31","59","6422"
"2013-06-05 00:00:00","0","0","0","4","0","7","0","0","0","0","325","0","38","32","2","0","12","4","40","62","6702"
"2013-06-06 00:00:00","0","0","0","6","0","0","0","0","0","0","317","0","40","30","4","0","26","4","35","72","6633"
"2013-06-07 00:00:00","0","0","0","9","0","4","0","0","0","0","300","0","33","19","0","0","12","6","30","63","6090"
"2013-06-08 00:00:00","0","0","0","8","0","1","0","0","0","0","235","0","29","17","1","0","4","6","19","43","3180"
"2013-06-09 00:00:00","0","0","0","11","0","3","0","0","0","0","300","0","15","29","2","0","7","2","17","38","3078"
"2013-06-10 00:00:00","0","0","0","9","0","3","0","0","0","0","324","0","28","39","2","0","22","4","40","83","5836"
"2013-06-11 00:00:00","0","0","0","11","0","7","0","0","0","0","337","0","37","41","1","0","30","7","37","76","6404"
"2013-06-12 00:00:00","0","0","0","4","0","7","0","0","0","0","303","0","39","33","1","0","20","9","35","69","6397"
"2013-06-13 00:00:00","0","0","0","6","0","3","0","0","0","0","301","0","47","38","0","0","15","4","41","68","6481"
"2013-06-14 00:00:00","0","0","0","4","0","7","0","0","0","0","264","0","43","20","2","0","20","1","34","68","5912"
"2013-06-15 00:00:00","0","0","0","4","0","2","0","0","0","0","277","0","12","41","1","0","5","1","17","50","3009"
"2013-06-16 00:00:00","0","0","0","3","0","2","0","0","0","0","259","0","21","26","0","0","4","3","18","45","2940"
"2013-06-17 00:00:00","0","0","0","7","0","1","0","0","0","0","307","0","32","28","3","0","12","6","36","80","6094"
"2013-06-18 00:00:00","0","0","0","11","0","5","0","0","0","0","272","0","37","26","6","0","30","2","34","90","6695"
"2013-06-19 00:00:00","0","0","0","4","0","3","0","0","0","0","320","0","45","25","2","0","14","8","30","95","6758"
"2013-06-20 00:00:00","0","0","0","12","0","4","0","0","0","0","288","0","51","27","6","0","19","6","28","86","6786"
"2013-06-21 00:00:00","0","0","0","6","0","4","0","0","0","0","261","0","39","27","4","0","11","5","28","69","5942"
"2013-06-22 00:00:00","0","0","0","4","0","2","0","0","0","0","225","0","31","35","0","0","11","1","14","46","3112"
"2013-06-23 00:00:00","0","0","0","3","0","4","0","0","0","0","201","0","22","36","0","0","6","4","17","52","2986"
"2013-06-24 00:00:00","0","0","0","10","0","2","0","0","0","0","267","0","22","29","1","0","14","6","26","87","6161"
"2013-06-25 00:00:00","0","0","0","7","0","2","0","0","0","0","294","0","38","34","3","0","15","1","38","69","6657"
"2013-06-26 00:00:00","0","0","0","8","0","4","0","0","0","0","297","0","36","38","2","0","24","4","22","57","6828"
"2013-06-27 00:00:00","0","0","0","6","0","2","0","0","0","0","307","0","33","26","4","0","26","7","33","85","6849"
"2013-06-28 00:00:00","0","0","0","6","0","6","0","0","0","0","244","0","48","35","0","0","12","3","31","77","6000"
"2013-06-29 00:00:00","0","0","0","7","0","1","0","0","0","0","222","0","32","25","2","0","11","4","20","51","3093"
"2013-06-30 00:00:00","0","0","0","10","0","3","0","0","0","0","217","0","23","24","2","0","9","3","19","39","3049"
"2013-07-01 00:00:00","0","0","0","6","0","3","0","0","0","0","257","0","28","32","5","0","28","1","34","49","5855"
"2013-07-02 00:00:00","0","0","0","4","0","3","0","0","0","0","279","0","31","24","1","0","14","3","28","65","6710"
"2013-07-03 00:00:00","0","0","0","12","0","10","0","0","0","0","278","0","32","31","0","0","20","3","36","60","6696"
"2013-07-04 00:00:00","0","0","0","3","0","4","0","0","0","0","262","0","41","31","2","0","5","4","27","61","5897"
"2013-07-05 00:00:00","0","0","0","5","0","3","0","0","0","0","217","0","24","24","0","0","10","3","38","72","5577"
"2013-07-06 00:00:00","0","0","0","5","0","2","0","0","0","0","234","0","24","19","2","0","9","1","17","50","2871"
"2013-07-07 00:00:00","0","0","0","10","0","1","0","0","0","0","251","0","24","17","1","0","2","1","20","61","2838"
"2013-07-08 00:00:00","0","0","0","5","0","4","0","0","0","0","257","0","32","47","4","0","19","2","41","57","6109"
"2013-07-09 00:00:00","0","0","0","10","0","4","0","0","0","0","249","0","26","40","5","0","17","5","49","61","6737"
"2013-07-10 00:00:00","0","0","0","10","0","4","0","0","0","0","273","0","36","38","3","0","21","4","40","60","6749"
"2013-07-11 00:00:00","0","0","0","6","0","2","0","0","0","0","278","0","38","31","4","0","23","3","50","70","6815"
"2013-07-12 00:00:00","0","0","0","5","0","4","0","0","0","0","243","0","32","35","3","0","11","3","43","55","6006"
"2013-07-13 00:00:00","0","0","0","4","0","3","0","0","0","0","201","0","18","22","3","0","8","1","20","41","2905"
"2013-07-14 00:00:00","0","0","0","3","0","3","0","0","0","0","228","0","27","27","5","0","6","2","19","41","2927"
"2013-07-15 00:00:00","0","0","0","7","0","5","0","0","0","0","280","0","38","28","2","0","18","2","35","46","6380"
"2013-07-16 00:00:00","0","0","0","3","0","2","0","0","0","0","267","0","33","30","4","0","20","4","47","63","6979"
"2013-07-17 00:00:00","0","0","0","3","0","1","0","0","0","0","271","0","28","37","7","0","20","3","47","69","7165"
"2013-07-18 00:00:00","0","0","0","6","0","4","0","0","0","0","266","0","21","27","3","0","23","3","50","49","7099"
"2013-07-19 00:00:00","0","0","0","3","0","1","0","0","0","0","277","0","35","32","5","0","16","1","50","50","6323"
"2013-07-20 00:00:00","0","0","0","5","0","0","0","0","0","0","204","0","29","24","1","0","8","2","21","37","3157"
"2013-07-21 00:00:00","0","0","0","3","0","1","0","0","0","0","235","0","16","29","2","0","5","2","30","38","3148"
"2013-07-22 00:00:00","0","0","0","6","0","3","0","0","0","0","252","0","34","44","0","0","20","0","37","53","6436"
"2013-07-23 00:00:00","0","0","0","4","0","3","0","0","0","0","272","0","35","46","0","0","19","2","48","63","7127"
"2013-07-24 00:00:00","0","0","0","6","0","4","0","0","0","0","250","0","36","38","3","0","17","2","57","57","7252"
"2013-07-25 00:00:00","0","0","0","7","0","3","0","0","0","0","300","0","38","39","1","0","21","4","42","53","7099"
"2013-07-26 00:00:00","0","0","0","4","0","1","0","0","0","0","270","0","33","26","4","0","15","7","39","48","6445"
"2013-07-27 00:00:00","0","0","0","4","0","2","0","0","0","0","203","0","21","25","2","0","6","0","30","38","3248"
"2013-07-28 00:00:00","0","0","0","3","0","5","0","0","0","0","226","0","24","32","1","0","6","3","24","39","3289"
"2013-07-29 00:00:00","0","0","0","9","0","1","0","0","0","0","265","0","24","33","1","0","23","3","44","64","6582"
"2013-07-30 00:00:00","0","0","0","5","0","1","0","0","0","0","255","0","31","35","3","0","16","5","35","54","6964"
"2013-07-31 00:00:00","0","0","0","7","0","3","0","0","0","0","253","0","28","32","2","0","26","5","50","67","7103"
"2013-08-01 00:00:00","0","0","0","5","0","3","0","0","0","0","258","0","23","26","3","0","25","3","36","55","7032"
"2013-08-02 00:00:00","0","0","0","1","0","4","0","0","0","0","265","0","23","23","4","0","15","5","29","48","6261"
"2013-08-03 00:00:00","0","0","0","5","0","0","0","0","0","0","257","0","19","27","2","0","4","0","27","31","3114"
"2013-08-04 00:00:00","0","0","0","7","0","2","0","0","0","0","234","0","24","27","4","0","14","2","29","33","3128"
"2013-08-05 00:00:00","0","0","0","5","0","3","0","0","0","0","261","0","28","28","3","0","13","2","33","47","6248"
"2013-08-06 00:00:00","0","0","0","4","0","3","0","0","0","0","269","0","26","29","4","0","13","3","33","69","6721"
"2013-08-07 00:00:00","0","0","0","6","0","3","0","0","0","0","310","0","49","35","2","0","9","6","35","68","7017"
"2013-08-08 00:00:00","0","0","0","6","0","5","0","0","0","0","292","0","25","26","9","0","12","4","31","63","6709"
"2013-08-09 00:00:00","0","0","0","5","0","5","0","0","0","0","250","0","20","31","1","0","9","4","39","58","5676"
"2013-08-10 00:00:00","0","0","0","1","0","2","0","0","0","0","217","0","17","24","2","0","3","3","15","34","2993"
"2013-08-11 00:00:00","0","0","0","5","0","4","0","0","0","0","245","0","27","30","0","0","7","1","26","41","3121"
"2013-08-12 00:00:00","0","0","0","1","0","1","0","0","0","0","306","0","26","39","3","0","17","5","42","67","6277"
"2013-08-13 00:00:00","0","0","0","6","0","3","0","0","0","0","245","0","28","28","6","0","12","3","53","59","6806"
"2013-08-14 00:00:00","0","0","0","1","0","4","0","0","0","0","279","0","33","39","3","0","20","2","39","67","6859"
"2013-08-15 00:00:00","0","0","0","5","0","3","0","0","0","0","276","0","25","31","3","0","17","4","27","54","5869"
"2013-08-16 00:00:00","0","0","0","4","0","5","0","0","0","0","230","0","28","25","2","0","15","1","38","50","5936"
"2013-08-17 00:00:00","0","0","0","4","0","2","0","0","0","0","238","0","20","29","0","0","6","0","18","33","3150"
"2013-08-18 00:00:00","0","0","0","3","0","2","0","0","0","0","249","0","26","28","2","0","9","3","22","44","3167"
"2013-08-19 00:00:00","0","0","0","5","0","5","0","0","0","0","287","0","31","23","3","0","13","1","35","60","6019"
"2013-08-20 00:00:00","0","0","0","4","0","2","0","0","0","0","263","0","30","36","2","0","17","2","43","65","6565"
"2013-08-21 00:00:00","0","0","0","3","0","1","0","0","0","0","247","0","25","39","0","0","12","2","35","60","6726"
"2013-08-22 00:00:00","0","0","0","8","0","6","0","0","0","0","269","0","44","38","0","0","10","5","42","63","6855"
"2013-08-23 00:00:00","0","0","0","8","0","4","0","0","0","0","234","0","32","33","7","0","8","3","28","64","6215"
"2013-08-24 00:00:00","0","0","0","4","0","3","0","0","0","0","234","0","27","25","0","0","5","0","21","40","3231"
"2013-08-25 00:00:00","0","0","0","3","0","6","0","0","0","0","255","0","24","24","1","0","2","2","20","56","3150"
"2013-08-26 00:00:00","0","0","0","6","0","3","0","0","0","0","249","0","26","35","3","0","10","6","29","65","6057"
"2013-08-27 00:00:00","0","0","0","7","0","3","0","0","0","0","294","0","32","32","3","0","7","1","43","55","6557"
"2013-08-28 00:00:00","0","0","0","8","0","3","0","0","0","0","293","0","34","21","3","0","12","5","35","82","6859"
"2013-08-29 00:00:00","0","0","0","9","0","4","0","0","0","0","304","0","22","31","1","0","10","0","24","62","6746"
"2013-08-30 00:00:00","0","0","0","7","0","4","0","0","0","0","269","0","28","28","2","0","6","2","30","62","5839"
"2013-08-31 00:00:00","0","0","0","2","0","1","0","0","0","0","213","0","22","24","1","0","4","1","18","43","3188"
"2013-09-01 00:00:00","0","0","0","4","0","4","0","0","0","0","253","0","25","26","2","0","3","3","16","44","3046"
"2013-09-02 00:00:00","0","0","0","6","0","2","0","0","0","0","306","0","29","27","1","0","9","7","23","68","5459"
"2013-09-03 00:00:00","0","0","0","8","0","1","0","0","0","0","292","0","32","35","3","0","16","2","29","64","6255"
"2013-09-04 00:00:00","0","0","0","6","0","4","0","0","0","0","318","0","24","29","3","0","11","2","48","76","6652"
"2013-09-05 00:00:00","0","0","0","6","0","4","0","0","0","0","288","0","46","39","1","0","17","0","21","70","6577"
"2013-09-06 00:00:00","0","0","0","8","0","5","0","0","0","0","288","0","18","36","2","0","6","3","31","58","6011"
"2013-09-07 00:00:00","0","0","0","10","0","4","0","0","0","0","283","0","21","34","0","0","7","3","18","65","3211"
"2013-09-08 00:00:00","0","0","0","5","0","7","0","0","0","0","318","0","26","26","1","0","7","2","20","60","3273"
"2013-09-09 00:00:00","0","0","0","7","0","1","0","0","0","0","327","0","28","35","0","0","20","5","29","63","5775"
"2013-09-10 00:00:00","0","0","0","8","0","3","0","0","0","0","377","0","37","28","2","0","17","1","34","69","6562"
"2013-09-11 00:00:00","0","0","0","4","0","4","0","0","0","0","355","0","24","30","2","0","16","3","27","70","6746"
"2013-09-12 00:00:00","0","0","0","7","0","7","0","0","0","0","341","0","46","34","3","0","15","6","41","89","6832"
"2013-09-13 00:00:00","0","0","0","7","0","4","0","0","0","0","293","0","22","38","3","0","8","3","36","66","6142"
"2013-09-14 00:00:00","0","0","0","4","0","1","0","0","0","0","289","0","22","31","1","0","7","2","12","51","3217"
"2013-09-15 00:00:00","0","0","0","8","0","5","0","0","0","0","332","0","22","33","1","0","6","0","21","51","3353"
"2013-09-16 00:00:00","0","0","0","12","0","4","0","0","0","0","336","0","34","29","3","0","13","1","37","49","6338"
"2013-09-17 00:00:00","0","0","0","7","0","8","0","0","0","0","352","0","31","43","0","0","15","7","47","59","6764"
"2013-09-18 00:00:00","0","0","0","10","0","2","0","0","0","0","382","0","25","35","2","0","19","4","45","76","6719"
"2013-09-19 00:00:00","0","0","0","9","0","4","0","0","0","0","370","0","40","30","3","0","22","6","39","72","6862"
"2013-09-20 00:00:00","0","0","0","8","0","3","0","0","0","0","303","0","31","29","1","0","17","5","31","62","6175"
"2013-09-21 00:00:00","0","0","0","7","0","1","0","0","0","0","289","0","24","32","1","0","7","0","15","53","3385"
"2013-09-22 00:00:00","0","0","0","10","0","0","0","0","0","0","343","0","17","31","6","0","11","3","24","62","3356"
"2013-09-23 00:00:00","0","0","0","11","0","0","0","0","0","0","387","0","27","32","7","0","9","5","45","68","6220"
"2013-09-24 00:00:00","0","22","0","3","0","3","0","0","0","0","402","0","27","35","0","0","18","0","40","66","7012"
"2013-09-25 00:00:00","0","29","0","8","0","2","0","0","0","0","398","0","39","51","5","0","19","9","44","79","6978"
"2013-09-26 00:00:00","0","29","0","9","0","4","0","0","0","0","347","0","31","35","0","0","17","4","51","79","6999"
"2013-09-27 00:00:00","0","20","0","7","0","7","0","0","0","0","341","0","32","34","3","0","16","3","36","55","6176"
"2013-09-28 00:00:00","0","5","0","5","0","4","0","0","0","0","301","0","28","35","4","0","14","0","22","44","3295"
"2013-09-29 00:00:00","0","7","0","6","0","6","0","0","0","0","376","0","35","34","0","0","15","3","20","61","3436"
"2013-09-30 00:00:00","0","7","0","10","0","4","0","0","0","0","384","0","29","40","5","0","11","5","38","67","6389"
"2013-10-01 00:00:00","0","9","0","8","0","7","0","0","0","0","347","0","34","36","3","0","17","2","47","61","6651"
"2013-10-02 00:00:00","0","6","0","8","0","6","0","0","0","0","388","0","35","50","2","0","13","4","47","67","6252"
"2013-10-03 00:00:00","0","4","0","10","0","5","0","0","0","0","410","0","32","44","5","0","7","1","39","77","6793"
"2013-10-04 00:00:00","0","2","0","5","0","5","0","0","0","0","370","0","20","43","4","0","14","5","31","67","6345"
"2013-10-05 00:00:00","0","1","0","9","0","0","0","0","0","0","302","0","29","30","0","0","4","1","19","36","3443"
"2013-10-06 00:00:00","0","3","0","12","0","2","0","0","0","0","407","0","30","33","3","0","13","2","25","50","3465"
"2013-10-07 00:00:00","0","5","0","10","0","2","0","0","0","0","357","0","24","35","1","0","20","3","38","65","6484"
"2013-10-08 00:00:00","0","11","0","12","0","6","0","0","0","0","423","0","33","32","1","0","16","2","37","61","7086"
"2013-10-09 00:00:00","0","6","0","12","0","4","0","0","0","0","393","0","28","37","2","0","17","3","43","57","7233"
"2013-10-10 00:00:00","0","5","0","10","0","2","0","0","0","0","410","0","33","38","2","0","13","2","39","63","7011"
"2013-10-11 00:00:00","0","3","0","3","0","3","0","0","0","0","331","0","28","38","0","0","11","5","41","45","6227"
"2013-10-12 00:00:00","0","0","0","6","0","1","0","0","0","0","322","0","13","36","2","0","7","1","13","39","3436"
"2013-10-13 00:00:00","0","3","0","11","0","1","0","0","0","0","421","0","26","30","3","0","6","1","18","56","3465"
"2013-10-14 00:00:00","0","3","0","9","0","5","0","0","0","0","409","0","30","40","2","0","18","3","32","66","5952"
"2013-10-15 00:00:00","0","7","0","8","0","7","0","0","0","0","439","0","26","42","3","0","16","4","52","66","6591"
"2013-10-16 00:00:00","0","6","0","12","0","5","0","0","0","0","468","0","33","37","5","0","18","5","41","64","6879"
"2013-10-17 00:00:00","0","9","0","3","0","4","0","0","0","0","424","0","31","38","4","0","16","5","35","65","7009"
"2013-10-18 00:00:00","0","6","0","7","0","4","0","0","0","0","402","0","29","40","5","0","7","2","35","50","6361"
"2013-10-19 00:00:00","0","2","0","10","0","4","0","0","0","0","366","0","23","44","1","0","3","0","21","54","3503"
"2013-10-20 00:00:00","0","1","0","9","0","2","0","0","0","0","430","0","26","40","2","0","5","4","24","60","3602"
"2013-10-21 00:00:00","0","6","0","11","0","2","0","0","0","0","410","0","37","45","2","0","9","3","37","67","6832"
"2013-10-22 00:00:00","0","0","0","8","0","4","0","0","0","0","398","0","34","45","3","0","11","4","35","69","7163"
"2013-10-23 00:00:00","0","8","0","14","0","4","0","0","0","0","438","0","33","48","5","0","11","5","39","66","7195"
"2013-10-24 00:00:00","0","8","0","8","0","8","0","0","0","0","401","0","29","48","3","0","10","8","24","61","7423"
"2013-10-25 00:00:00","0","1","0","9","0","2","0","0","0","0","322","0","36","41","4","0","15","4","24","58","6563"
"2013-10-26 00:00:00","0","1","0","8","0","4","0","0","0","0","354","0","25","38","2","0","3","1","17","68","3527"
"2013-10-27 00:00:00","0","2","0","9","0","6","0","0","0","0","447","0","37","42","2","0","15","2","21","74","3692"
"2013-10-28 00:00:00","0","2","0","13","0","4","0","0","0","0","449","0","38","40","1","0","12","4","34","70","6660"
"2013-10-29 00:00:00","0","2","0","10","0","2","0","0","0","0","467","0","34","37","2","0","13","0","34","73","7222"
"2013-10-30 00:00:00","0","4","0","12","0","5","0","0","0","0","461","0","33","39","3","0","14","6","43","73","7142"
"2013-10-31 00:00:00","0","0","0","6","0","3","0","0","0","0","393","0","44","38","4","0","7","2","33","57","6763"
"2013-11-01 00:00:00","0","2","0","8","0","4","0","0","0","0","371","0","33","45","3","0","17","3","26","54","5583"
"2013-11-02 00:00:00","0","4","0","3","0","2","0","0","0","0","378","0","37","26","2","0","3","2","23","54","3296"
"2013-11-03 00:00:00","0","1","0","12","0","5","0","0","0","0","424","0","24","34","3","0","7","4","21","44","3505"
"2013-11-04 00:00:00","0","4","0","13","0","3","0","0","0","0","461","0","29","43","4","0","8","1","42","78","6145"
"2013-11-05 00:00:00","0","6","0","10","0","3","0","0","0","0","457","0","33","39","5","0","19","1","33","67","6518"
"2013-11-06 00:00:00","0","1","0","10","0","2","0","0","0","0","484","0","40","36","4","0","17","3","39","97","7118"
"2013-11-07 00:00:00","0","2","0","6","0","5","0","0","0","0","440","0","34","29","1","0","12","3","45","76","7301"
"2013-11-08 00:00:00","0","2","0","9","0","3","0","0","0","0","417","0","31","37","3","0","12","2","29","54","6508"
"2013-11-09 00:00:00","0","0","0","5","0","1","0","0","0","0","377","0","18","31","3","0","5","0","27","43","3651"
"2013-11-10 00:00:00","0","1","0","12","0","1","0","0","0","0","422","0","25","44","2","0","15","4","31","52","3741"
"2013-11-11 00:00:00","0","2","0","18","0","3","0","0","0","0","488","0","32","26","5","0","16","4","46","86","6506"
"2013-11-12 00:00:00","0","3","0","13","0","2","0","0","0","0","499","0","27","27","2","0","13","2","29","74","7260"
"2013-11-13 00:00:00","0","4","0","6","0","2","0","0","0","0","474","0","34","41","2","0","17","2","51","78","7291"
"2013-11-14 00:00:00","0","1","0","13","0","8","0","0","0","0","503","0","28","37","6","0","14","2","35","74","7229"
"2013-11-15 00:00:00","0","4","0","6","0","3","0","0","0","0","439","0","35","26","5","0","10","2","30","75","6580"
"2013-11-16 00:00:00","0","0","0","10","0","3","0","0","0","0","342","0","24","30","0","0","6","5","26","43","3816"
"2013-11-17 00:00:00","0","3","0","5","0","4","0","0","0","0","475","0","23","23","2","0","9","3","22","54","3798"
"2013-11-18 00:00:00","0","2","0","7","0","2","0","0","0","0","495","0","37","29","2","0","10","0","35","72","6808"
"2013-11-19 00:00:00","0","1","0","12","0","5","0","0","0","0","473","0","30","37","3","0","18","4","44","80","7255"
"2013-11-20 00:00:00","0","6","0","12","0","5","0","0","0","0","499","0","34","33","1","0","16","2","50","73","7537"
"2013-11-21 00:00:00","0","4","0","10","0","5","0","0","0","0","441","0","28","59","6","0","14","1","39","74","7391"
"2013-11-22 00:00:00","0","0","0","7","0","4","0","0","0","0","368","0","34","45","2","0","10","3","38","66","6770"
"2013-11-23 00:00:00","0","2","0","7","0","5","0","0","0","0","328","0","27","23","1","0","5","3","16","65","3848"
"2013-11-24 00:00:00","0","3","0","9","0","2","0","0","0","0","410","0","28","28","1","0","11","2","33","52","3833"
"2013-11-25 00:00:00","0","3","0","15","0","5","0","0","0","0","461","0","44","38","4","0","9","3","49","66","6737"
"2013-11-26 00:00:00","0","2","0","15","0","10","0","0","0","0","455","0","31","32","4","0","13","3","34","74","7316"
"2013-11-27 00:00:00","0","4","0","10","0","3","0","0","0","0","443","0","38","26","3","0","10","4","41","69","7139"
"2013-11-28 00:00:00","0","2","0","9","0","2","0","0","0","0","382","0","38","45","5","0","10","4","38","69","6291"
"2013-11-29 00:00:00","0","2","0","4","0","4","0","0","0","0","372","0","28","41","7","0","10","6","33","62","5428"
"2013-11-30 00:00:00","0","1","0","5","0","3","0","0","0","0","392","0","22","34","1","0","6","3","28","49","3653"
"2013-12-01 00:00:00","0","2","0","7","0","2","0","0","0","0","462","0","31","41","2","0","14","1","22","59","3593"
"2013-12-02 00:00:00","0","0","0","12","0","2","0","0","0","0","481","0","37","54","2","0","10","5","50","63","6551"
"2013-12-03 00:00:00","0","2","0","16","0","2","0","0","0","0","523","0","38","42","1","0","7","4","44","62","7191"
"2013-12-04 00:00:00","0","3","0","7","0","4","0","0","0","0","550","0","36","34","4","0","17","3","37","59","7415"
"2013-12-05 00:00:00","0","3","0","13","0","3","0","0","0","0","507","0","34","40","2","0","16","3","39","73","7319"
"2013-12-06 00:00:00","0","4","0","11","0","3","0","0","0","0","478","0","25","45","3","0","10","3","37","76","6606"
"2013-12-07 00:00:00","0","3","0","7","0","2","0","0","0","0","390","0","29","40","3","0","10","1","25","48","3756"
"2013-12-08 00:00:00","0","2","0","15","0","2","0","0","0","0","490","0","18","34","3","0","13","0","41","64","3833"
"2013-12-09 00:00:00","0","5","0","11","0","4","0","0","0","0","564","0","22","50","4","0","17","4","39","74","6723"
"2013-12-10 00:00:00","0","8","0","13","0","5","0","0","0","0","466","0","36","50","1","0","14","4","45","65","7246"
"2013-12-11 00:00:00","0","2","0","19","0","2","0","0","0","0","507","0","30","31","6","0","14","3","43","72","7341"
"2013-12-12 00:00:00","0","5","0","7","0","4","0","0","0","0","451","0","42","37","5","0","15","4","33","70","7238"
"2013-12-13 00:00:00","0","4","0","9","0","0","0","0","0","0","393","0","31","30","5","0","14","3","27","59","6252"
"2013-12-14 00:00:00","0","1","0","5","0","4","0","0","0","0","363","0","35","22","1","0","9","1","23","42","3457"
"2013-12-15 00:00:00","0","0","0","5","0","3","0","0","0","0","399","0","26","31","6","0","4","2","22","48","3598"
"2013-12-16 00:00:00","0","5","0","7","0","2","0","0","0","0","423","0","29","40","1","0","15","1","35","72","6479"
"2013-12-17 00:00:00","0","4","0","8","0","3","0","0","0","0","443","0","28","40","3","0","10","3","34","83","7018"
"2013-12-18 00:00:00","0","4","0","8","0","6","0","0","0","0","396","0","36","48","4","0","10","1","42","69","7040"
"2013-12-19 00:00:00","0","2","0","8","0","2","0","0","0","0","353","0","29","33","2","0","13","7","39","62","6791"
"2013-12-20 00:00:00","0","2","0","10","0","4","0","0","0","0","313","0","25","38","0","0","7","5","30","29","5715"
"2013-12-21 00:00:00","0","1","0","8","0","2","0","0","0","0","230","0","20","32","0","0","1","3","14","39","3156"
"2013-12-22 00:00:00","0","0","0","3","0","2","0","0","0","0","233","0","18","23","6","0","4","4","15","48","3169"
"2013-12-23 00:00:00","0","4","0","8","0","3","0","0","0","0","301","0","20","26","1","0","7","5","21","57","5202"
"2013-12-24 00:00:00","0","2","0","15","0","2","0","0","0","0","221","0","17","27","2","0","4","2","15","33","4221"
"2013-12-25 00:00:00","0","0","0","9","0","0","0","0","0","0","195","0","16","18","0","0","3","0","17","31","2864"
"2013-12-26 00:00:00","0","2","0","6","0","7","0","0","0","0","261","0","18","26","3","0","7","5","18","40","4522"
"2013-12-27 00:00:00","0","1","0","4","0","1","0","0","0","0","247","0","18","40","1","0","7","2","23","41","4844"
"2013-12-28 00:00:00","0","5","0","6","0","1","0","0","0","0","259","0","19","41","2","0","7","4","17","39","3241"
"2013-12-29 00:00:00","0","5","0","4","0","4","0","0","0","0","298","0","31","37","4","0","7","2","23","44","3245"
"2013-12-30 00:00:00","0","1","0","10","0","2","0","0","0","0","290","0","22","43","4","0","2","2","22","56","5266"
"2013-12-31 00:00:00","0","0","0","10","0","5","0","0","0","0","299","0","22","19","1","0","8","1","16","47","4131"
"2014-01-01 00:00:00","0","0","0","4","0","1","0","0","0","0","228","0","18","28","0","0","8","1","18","35","2918"
"2014-01-02 00:00:00","0","2","0","7","0","5","0","0","0","0","320","0","22","45","1","0","9","4","28","52","5697"
"2014-01-03 00:00:00","0","5","0","8","0","5","0","0","0","0","338","0","41","42","1","0","7","3","30","58","6062"
"2014-01-04 00:00:00","0","3","0","2","0","3","0","0","0","0","328","0","19","31","3","0","5","0","25","38","3976"
"2014-01-05 00:00:00","0","2","0","6","0","3","0","0","0","0","331","0","27","34","1","0","6","1","26","56","3685"
"2014-01-06 00:00:00","0","2","0","9","0","6","0","0","0","0","325","0","27","39","0","0","19","3","38","60","6284"
"2014-01-07 00:00:00","0","2","0","5","0","8","0","0","0","0","358","0","34","48","1","0","17","1","38","75","6845"
"2014-01-08 00:00:00","0","3","0","7","0","10","0","0","0","0","354","0","41","42","4","0","12","10","45","70","7473"
"2014-01-09 00:00:00","0","8","0","7","0","6","0","0","0","0","371","0","31","47","4","0","13","3","34","65","7274"
"2014-01-10 00:00:00","0","7","0","10","0","12","0","0","0","0","327","0","34","32","4","0","6","3","47","76","6835"
"2014-01-11 00:00:00","0","2","0","8","0","0","0","0","0","0","326","0","21","34","1","0","4","2","20","44","3817"
"2014-01-12 00:00:00","0","1","0","9","0","3","0","0","0","0","366","0","26","44","2","0","3","0","25","47","3727"
"2014-01-13 00:00:00","0","2","0","12","0","2","0","0","0","0","373","0","23","43","1","0","12","3","58","75","6678"
"2014-01-14 00:00:00","0","8","0","6","0","5","0","0","0","0","380","0","34","54","1","0","12","3","36","78","6886"
"2014-01-15 00:00:00","0","6","0","7","0","4","0","0","0","0","363","0","37","38","5","0","10","2","36","71","7341"
"2014-01-16 00:00:00","0","5","0","4","0","6","0","0","0","0","424","0","35","45","2","0","14","5","52","75","7448"
"2014-01-17 00:00:00","0","4","0","8","0","3","0","0","0","0","339","0","28","48","3","0","15","3","46","71","6848"
"2014-01-18 00:00:00","0","3","0","7","0","3","0","0","0","0","327","0","27","36","3","0","5","1","24","48","3967"
"2014-01-19 00:00:00","0","1","0","6","0","3","0","0","0","0","380","0","32","47","2","0","8","2","32","63","3840"
"2014-01-20 00:00:00","0","1","0","6","0","5","0","0","0","0","417","0","32","44","3","0","12","4","34","69","6737"
"2014-01-21 00:00:00","0","1","0","8","0","2","0","0","0","0","399","0","45","54","4","0","22","2","42","74","7403"
"2014-01-22 00:00:00","0","2","0","8","0","6","0","0","0","0","418","0","34","39","2","0","24","4","45","71","7710"
"2014-01-23 00:00:00","0","2","0","9","0","4","0","0","0","0","397","0","30","35","3","0","17","2","49","90","7650"
"2014-01-24 00:00:00","0","2","0","12","0","8","0","0","0","0","346","0","34","51","2","0","14","3","44","59","6806"
"2014-01-25 00:00:00","0","2","0","6","0","2","0","0","0","0","318","0","29","38","4","0","6","1","25","38","3988"
"2014-01-26 00:00:00","0","3","0","5","0","4","0","0","0","0","406","0","26","41","2","0","13","1","23","58","4010"
"2014-01-27 00:00:00","0","2","0","5","0","1","0","0","0","0","430","0","37","47","4","0","20","4","32","66","7078"
"2014-01-28 00:00:00","0","3","0","7","0","2","0","0","0","0","449","0","44","38","7","0","25","5","46","60","7632"
"2014-01-29 00:00:00","0","4","0","16","0","6","0","0","0","0","441","0","28","47","3","0","14","4","48","68","7835"
"2014-01-30 00:00:00","0","3","0","15","0","6","0","0","0","0","402","0","36","52","5","0","15","3","48","63","7469"
"2014-01-31 00:00:00","0","2","0","11","0","6","0","0","0","0","366","0","40","33","3","0","10","4","48","64","6708"
"2014-02-01 00:00:00","0","4","0","10","0","4","0","0","0","0","341","0","23","48","4","0","11","2","29","58","3920"
"2014-02-02 00:00:00","0","1","0","9","0","4","0","0","0","0","413","0","26","49","4","0","9","3","38","52","3870"
"2014-02-03 00:00:00","0","5","0","8","0","0","0","0","0","0","431","0","40","49","2","0","15","3","48","75","6794"
"2014-02-04 00:00:00","0","5","0","9","0","4","0","0","0","0","416","0","34","54","1","0","19","3","45","78","7600"
"2014-02-05 00:00:00","0","2","0","12","0","4","0","0","0","0","459","0","34","48","1","0","14","4","39","74","7700"
"2014-02-06 00:00:00","0","7","0","22","0","6","0","0","0","0","454","0","30","60","1","0","12","8","59","74","7787"
"2014-02-07 00:00:00","0","5","0","7","0","5","0","0","0","0","396","0","43","36","2","0","9","8","51","70","7074"
"2014-02-08 00:00:00","0","3","0","5","0","6","0","0","0","0","345","0","24","42","2","0","8","4","28","57","4088"
"2014-02-09 00:00:00","0","2","0","7","0","0","0","0","0","0","409","0","19","34","3","0","9","3","34","71","4200"
"2014-02-10 00:00:00","0","5","0","12","0","5","0","0","0","0","469","0","28","43","0","0","10","4","49","60","7347"
"2014-02-11 00:00:00","0","3","0","13","0","11","0","0","0","0","469","0","33","48","5","0","13","7","46","84","7877"
"2014-02-12 00:00:00","0","0","0","14","0","3","0","0","0","0","453","0","27","60","2","0","12","1","47","78","8034"
"2014-02-13 00:00:00","0","5","0","16","0","5","0","0","0","0","418","0","35","40","3","0","6","4","45","78","7714"
"2014-02-14 00:00:00","0","6","0","9","0","7","0","0","0","0","391","0","28","56","1","0","6","1","54","63","6985"
"2014-02-15 00:00:00","0","5","0","12","0","3","0","0","0","0","330","0","21","27","4","0","3","5","22","48","4136"
"2014-02-16 00:00:00","0","0","0","4","0","3","0","0","0","0","302","0","28","35","2","0","8","1","39","55","4107"
"2014-02-17 00:00:00","0","5","0","10","0","9","0","0","0","0","451","0","34","52","3","0","12","0","54","67","7141"
"2014-02-18 00:00:00","0","2","0","14","0","3","0","0","0","0","464","0","39","57","2","0","24","3","57","79","8034"
"2014-02-19 00:00:00","0","3","0","12","0","6","0","0","0","0","435","0","35","48","4","0","16","7","58","85","8364"
"2014-02-20 00:00:00","0","3","0","8","0","7","0","0","0","0","477","0","28","52","2","0","20","1","44","78","8242"
"2014-02-21 00:00:00","0","2","0","12","0","4","0","0","0","0","409","0","42","36","2","0","13","2","39","64","7562"
"2014-02-22 00:00:00","0","4","0","7","0","5","0","0","0","0","344","0","21","41","6","0","6","4","28","56","4428"
"2014-02-23 00:00:00","0","3","0","9","0","3","0","0","0","0","410","0","19","60","6","0","7","2","25","58","4368"
"2014-02-24 00:00:00","0","4","0","7","0","2","0","0","0","0","467","0","41","59","2","0","15","1","45","59","7784"
"2014-02-25 00:00:00","0","2","0","10","0","2","0","0","0","0","446","0","34","62","9","0","13","2","65","76","8168"
"2014-02-26 00:00:00","0","4","0","9","0","3","0","0","0","0","477","0","45","61","6","0","21","7","61","77","8319"
"2014-02-27 00:00:00","0","6","0","15","0","12","0","0","0","0","429","0","47","49","5","0","13","3","56","76","8358"
"2014-02-28 00:00:00","0","2","0","9","0","2","0","0","0","0","394","0","30","39","3","0","14","2","40","69","7548"
"2014-03-01 00:00:00","0","4","0","10","0","3","0","0","0","0","333","0","25","57","3","0","5","3","34","47","4281"
"2014-03-02 00:00:00","0","7","0","10","0","0","0","0","0","0","442","0","26","44","2","0","10","2","27","66","4180"
"2014-03-03 00:00:00","0","1","0","12","0","5","0","0","0","0","449","0","27","48","4","0","24","4","50","58","7374"
"2014-03-04 00:00:00","0","1","0","12","0","5","0","0","0","0","446","0","31","72","2","0","13","7","59","74","7946"
"2014-03-05 00:00:00","0","2","0","12","0","9","0","0","0","0","463","0","41","56","9","0","15","2","58","70","8344"
"2014-03-06 00:00:00","0","2","0","10","0","8","0","0","0","0","440","0","41","50","4","0","15","4","50","88","8259"
"2014-03-07 00:00:00","0","1","0","3","0","5","0","0","0","0","401","0","43","45","2","0","15","5","55","80","7445"
"2014-03-08 00:00:00","0","1","0","12","0","8","0","0","0","0","352","0","25","46","2","0","3","2","22","49","4273"
"2014-03-09 00:00:00","0","1","0","12","0","5","0","0","0","0","433","0","29","37","3","0","12","1","31","52","4200"
"2014-03-10 00:00:00","0","1","0","14","0","4","0","0","0","0","431","0","33","57","6","0","22","3","53","69","7555"
"2014-03-11 00:00:00","0","0","0","7","0","4","0","0","0","0","435","0","37","48","10","0","20","4","47","92","7947"
"2014-03-12 00:00:00","0","0","0","15","0","4","0","0","0","0","480","0","32","51","5","0","17","5","68","85","8486"
"2014-03-13 00:00:00","0","0","0","10","0","9","0","0","0","0","467","18","26","56","4","0","14","3","57","56","8511"
"2014-03-14 00:00:00","0","4","0","8","0","5","0","0","0","0","368","27","45","44","5","0","10","9","46","80","7433"
"2014-03-15 00:00:00","0","5","0","8","0","2","0","0","0","0","345","18","30","42","2","0","11","3","24","65","4182"
"2014-03-16 00:00:00","0","5","0","7","0","6","0","0","0","0","387","15","33","46","2","0","14","0","31","58","4270"
"2014-03-17 00:00:00","0","3","0","14","0","5","0","0","0","0","408","19","40","47","0","0","22","2","49","69","7262"
"2014-03-18 00:00:00","0","5","0","18","0","5","0","0","0","0","427","18","28","67","0","0","15","4","59","73","8098"
"2014-03-19 00:00:00","0","3","0","14","0","4","0","0","0","0","524","7","34","52","7","0","15","5","53","85","8406"
"2014-03-20 00:00:00","0","1","0","18","0","3","0","0","0","0","478","11","31","49","5","0","22","1","49","76","8303"
"2014-03-21 00:00:00","0","1","0","12","0","6","0","0","0","0","354","15","36","49","2","0","11","2","55","69","7401"
"2014-03-22 00:00:00","0","1","0","13","0","3","0","0","0","0","345","3","20","35","5","0","9","5","26","76","4311"
"2014-03-23 00:00:00","0","2","0","7","0","6","0","0","0","0","456","9","23","43","4","0","10","1","32","64","4286"
"2014-03-24 00:00:00","0","3","0","9","0","9","0","0","0","0","475","13","42","52","4","0","11","5","40","75","7459"
"2014-03-25 00:00:00","0","1","0","9","0","3","0","0","0","0","462","10","30","36","2","0","22","1","50","74","8048"
"2014-03-26 00:00:00","0","2","0","17","0","5","0","0","0","0","466","7","43","38","3","0","21","3","41","82","8283"
"2014-03-27 00:00:00","0","1","0","14","0","2","0","0","0","0","421","10","34","43","2","0","17","6","44","92","8089"
"2014-03-28 00:00:00","0","2","0","23","0","7","0","0","0","0","358","8","34","60","4","0","10","3","53","68","7187"
"2014-03-29 00:00:00","0","0","0","12","0","5","0","0","0","0","370","10","23","46","3","0","8","1","36","44","4162"
"2014-03-30 00:00:00","0","1","0","14","0","5","0","0","0","0","453","9","25","53","1","0","11","0","33","62","4165"
"2014-03-31 00:00:00","0","3","0","5","0","7","0","0","0","0","439","13","31","71","5","0","12","3","46","76","7152"
"2014-04-01 00:00:00","0","4","0","11","0","7","0","1","0","0","468","5","42","54","6","0","19","4","54","85","7691"
"2014-04-02 00:00:00","0","3","0","17","0","7","0","0","0","0","496","6","40","70","2","0","16","3","56","85","8191"
"2014-04-03 00:00:00","0","0","0","7","0","10","0","0","0","0","493","4","34","68","7","0","15","4","48","84","8027"
"2014-04-04 00:00:00","0","0","0","15","0","9","0","0","0","0","425","6","22","59","4","0","6","5","48","68","7277"
"2014-04-05 00:00:00","0","5","0","9","0","5","0","0","0","0","440","4","19","37","2","0","7","3","23","62","4167"
"2014-04-06 00:00:00","0","1","0","7","0","5","0","0","0","0","450","5","22","47","4","0","9","7","31","79","4200"
"2014-04-07 00:00:00","0","1","0","11","0","6","0","0","0","0","480","7","35","44","7","0","24","3","63","76","7459"
"2014-04-08 00:00:00","0","2","0","15","0","6","0","0","0","0","546","5","27","48","6","0","18","6","67","72","7962"
"2014-04-09 00:00:00","0","3","0","11","0","4","0","0","0","0","526","6","32","53","3","0","17","3","52","84","7925"
"2014-04-10 00:00:00","0","2","0","14","0","4","0","0","0","0","488","10","34","54","2","0","14","4","38","90","7791"
"2014-04-11 00:00:00","0","0","0","7","0","11","0","0","0","0","432","5","30","53","10","0","14","4","54","67","7067"
"2014-04-12 00:00:00","0","2","0","11","0","5","0","0","0","0","361","3","31","58","3","0","5","1","29","52","4082"
"2014-04-13 00:00:00","0","3","0","11","0","4","0","0","0","0","454","5","14","45","2","0","12","4","23","57","3917"
"2014-04-14 00:00:00","0","4","0","10","0","6","0","0","0","0","503","3","35","39","4","0","15","3","57","86","6953"
"2014-04-15 00:00:00","0","3","0","13","0","10","0","44","0","0","483","3","50","49","1","0","7","1","52","80","7560"
"2014-04-16 00:00:00","0","5","0","8","0","3","0","61","0","0","520","6","33","49","7","0","16","3","42","81","7725"
"2014-04-17 00:00:00","0","3","0","11","0","9","0","30","0","0","489","4","34","49","5","0","20","2","48","77","7135"
"2014-04-18 00:00:00","0","2","0","8","0","4","0","12","0","0","451","2","21","49","4","0","13","2","40","67","5807"
"2014-04-19 00:00:00","0","3","0","8","0","4","0","14","0","0","413","3","23","42","6","0","6","2","32","53","3978"
"2014-04-20 00:00:00","0","4","0","7","0","3","0","8","0","0","421","5","23","42","1","0","8","1","33","57","3549"
"2014-04-21 00:00:00","0","5","0","11","0","3","0","4","0","0","496","5","25","44","5","0","17","4","46","67","6046"
"2014-04-22 00:00:00","0","4","0","9","0","2","0","12","0","0","464","10","37","53","4","0","20","5","58","74","7628"
"2014-04-23 00:00:00","0","5","0","11","0","7","0","5","0","0","480","7","31","42","3","0","17","6","60","82","7693"
"2014-04-24 00:00:00","0","3","0","7","0","7","0","9","0","0","451","2","46","44","4","0","16","1","60","72","7539"
"2014-04-25 00:00:00","0","2","0","10","0","9","0","9","0","0","472","2","37","52","1","0","12","2","44","84","7240"
"2014-04-26 00:00:00","0","5","0","7","0","2","0","2","0","0","382","1","25","43","4","0","11","2","26","65","3952"
"2014-04-27 00:00:00","0","1","0","7","0","6","0","2","0","0","472","7","34","34","3","0","6","1","41","63","3980"
"2014-04-28 00:00:00","0","3","0","14","0","4","0","1","0","0","489","3","30","50","4","0","15","5","47","96","7076"
"2014-04-29 00:00:00","0","7","0","15","0","4","0","2","0","0","482","1","33","43","4","0","9","1","62","101","7344"
"2014-04-30 00:00:00","0","4","0","13","0","7","0","14","0","0","477","8","28","54","1","0","12","3","54","95","6856"
"2014-05-01 00:00:00","0","4","0","9","0","3","0","13","0","0","457","3","27","36","1","0","6","1","48","68","5806"
"2014-05-02 00:00:00","0","4","0","8","0","3","0","7","0","0","428","3","31","45","6","0","12","3","51","69","6073"
"2014-05-03 00:00:00","0","3","0","15","0","4","0","2","0","0","393","2","18","33","4","0","4","1","33","57","3768"
"2014-05-04 00:00:00","0","3","0","6","0","0","0","7","0","0","422","2","27","38","2","0","9","4","49","72","3703"
"2014-05-05 00:00:00","0","1","0","16","0","4","0","7","0","0","421","7","31","59","6","0","10","3","44","98","6388"
"2014-05-06 00:00:00","0","4","0","8","0","3","0","10","0","0","542","7","31","41","6","0","17","6","61","91","6892"
"2014-05-07 00:00:00","0","5","0","14","0","5","0","5","0","0","480","4","32","55","5","0","14","3","62","80","7262"
"2014-05-08 00:00:00","0","2","0","7","0","5","0","4","0","0","498","1","47","49","3","0","14","5","50","95","7470"
"2014-05-09 00:00:00","0","1","0","6","0","5","0","2","0","0","440","0","36","47","5","0","18","7","50","85","6404"
"2014-05-10 00:00:00","0","2","0","10","0","1","0","5","0","0","422","2","39","40","3","0","8","1","27","40","3626"
"2014-05-11 00:00:00","0","2","0","16","0","13","0","11","0","0","420","2","22","48","2","0","6","1","37","55","3594"
"2014-05-12 00:00:00","0","1","0","13","0","3","0","5","0","0","473","3","33","46","5","0","8","1","51","72","6644"
"2014-05-13 00:00:00","0","4","0","10","0","0","1","2","0","0","450","5","35","41","9","0","15","1","48","98","7027"
"2014-05-14 00:00:00","0","5","0","11","0","7","17","3","0","0","477","2","42","53","4","0","22","4","71","69","7279"
"2014-05-15 00:00:00","0","1","0","15","0","6","7","6","0","0","398","3","31","59","3","0","16","2","60","81","7255"
"2014-05-16 00:00:00","0","2","0","15","0","2","3","2","0","0","345","3","23","39","7","0","18","3","33","65","4529"
"2014-05-17 00:00:00","0","4","0","16","0","3","4","0","0","0","376","1","29","36","5","0","9","2","40","78","3375"
"2014-05-18 00:00:00","0","7","0","9","0","1","8","0","0","0","449","3","26","43","2","0","6","3","35","68","3261"
"2014-05-19 00:00:00","0","2","0","13","0","3","2","1","0","0","395","2","27","54","4","0","13","2","49","79","6459"
"2014-05-20 00:00:00","0","2","0","8","0","5","1","4","0","0","454","1","28","69","2","0","11","3","49","106","7063"
"2014-05-21 00:00:00","0","7","0","13","0","3","4","5","0","0","397","4","29","48","3","0","17","6","56","88","7386"
"2014-05-22 00:00:00","0","3","0","4","0","3","3","6","0","0","431","1","32","40","7","0","21","3","48","87","7146"
"2014-05-23 00:00:00","0","4","0","9","0","7","2","4","0","0","386","2","35","48","3","0","6","5","43","74","6381"
"2014-05-24 00:00:00","0","4","0","10","0","5","0","1","0","0","332","2","25","32","6","0","6","1","30","50","3236"
"2014-05-25 00:00:00","0","2","0","9","0","3","1","8","0","0","374","4","27","35","2","0","9","5","32","51","3229"
"2014-05-26 00:00:00","0","3","0","14","0","4","0","2","0","0","399","0","32","40","3","0","13","4","33","67","5515"
"2014-05-27 00:00:00","0","2","0","6","0","4","2","5","0","0","449","4","43","48","3","0","14","2","45","98","6601"
"2014-05-28 00:00:00","0","5","0","8","0","2","0","4","0","0","394","5","35","46","3","0","21","4","55","75","6974"
"2014-05-29 00:00:00","0","3","0","9","0","2","2","5","0","0","402","6","35","51","4","0","15","8","49","74","6534"
"2014-05-30 00:00:00","0","3","0","11","0","4","0","2","0","0","361","5","32","58","3","0","12","2","32","77","6081"
"2014-05-31 00:00:00","0","3","0","9","0","1","1","0","0","0","349","1","20","32","3","0","10","1","20","61","2807"
"2014-06-01 00:00:00","0","3","0","8","0","2","2","3","0","0","375","4","28","36","2","0","9","3","31","57","3152"
"2014-06-02 00:00:00","0","1","0","12","0","6","0","1","0","0","371","2","30","51","3","0","9","3","50","65","5923"
"2014-06-03 00:00:00","0","3","0","15","0","7","0","1","0","0","423","1","31","58","3","0","21","3","46","71","6675"
"2014-06-04 00:00:00","0","2","0","11","0","2","0","2","0","0","383","0","34","63","4","0","14","3","45","75","7030"
"2014-06-05 00:00:00","0","1","0","9","0","2","1","2","0","0","393","6","34","50","2","0","17","4","62","71","6918"
"2014-06-06 00:00:00","0","2","0","9","0","9","0","2","0","0","360","3","36","42","5","0","16","1","34","92","6124"
"2014-06-07 00:00:00","0","2","0","4","0","4","0","1","0","0","300","1","17","46","2","0","5","1","21","41","2878"
"2014-06-08 00:00:00","0","2","0","13","0","1","0","2","0","0","318","2","23","42","2","0","5","1","31","58","3277"
"2014-06-09 00:00:00","0","1","0","12","0","2","2","3","0","0","413","2","21","54","1","0","16","3","51","72","5822"
"2014-06-10 00:00:00","0","4","0","12","0","1","7","2","0","0","421","1","33","44","3","0","12","6","63","70","6738"
"2014-06-11 00:00:00","0","0","0","6","0","1","6","2","0","0","434","4","33","41","4","0","22","1","59","82","6666"
"2014-06-12 00:00:00","0","5","0","8","0","4","4","0","0","0","388","0","31","47","3","0","12","4","51","56","6445"
"2014-06-13 00:00:00","0","1","0","14","0","5","4","1","0","0","338","0","26","55","1","0","11","2","49","66","5892"
"2014-06-14 00:00:00","0","0","0","9","0","3","4","0","0","0","345","0","17","38","5","0","10","0","31","47","3089"
"2014-06-15 00:00:00","0","0","0","13","0","5","4","6","0","0","344","5","17","39","3","0","3","1","28","52","3063"
"2014-06-16 00:00:00","0","4","0","7","0","6","6","5","0","0","422","3","25","39","5","0","15","3","47","71","5833"
"2014-06-17 00:00:00","0","3","0","6","0","4","10","1","0","0","400","3","38","45","7","0","13","5","57","67","6657"
"2014-06-18 00:00:00","0","1","0","6","0","4","9","1","0","0","391","3","29","49","2","0","19","3","66","65","6752"
"2014-06-19 00:00:00","0","2","0","9","0","2","6","2","0","0","364","3","21","55","4","0","15","1","52","76","6673"
"2014-06-20 00:00:00","0","2","0","6","0","5","3","2","0","0","330","3","32","53","7","0","7","2","48","63","5915"
"2014-06-21 00:00:00","0","5","0","1","0","0","2","1","0","0","297","1","15","30","0","0","7","3","26","48","3038"
"2014-06-22 00:00:00","0","1","0","2","0","2","1","1","0","0","328","2","21","37","2","0","9","4","21","56","3146"
"2014-06-23 00:00:00","0","4","0","4","0","8","6","0","0","0","400","2","23","40","6","0","11","5","65","55","6041"
"2014-06-24 00:00:00","0","1","0","8","0","1","5","3","0","0","430","3","26","47","6","0","27","2","56","87","6689"
"2014-06-25 00:00:00","0","0","0","10","0","2","3","8","0","0","412","2","23","43","6","0","19","2","59","75","6889"
"2014-06-26 00:00:00","0","5","0","8","0","5","7","6","0","0","396","2","32","33","2","0","15","3","49","67","6727"
"2014-06-27 00:00:00","0","1","0","10","0","5","2","2","0","0","299","3","29","58","4","0","17","6","41","66","6228"
"2014-06-28 00:00:00","0","3","0","6","0","6","1","3","0","0","299","1","23","46","1","0","6","2","26","64","2975"
"2014-06-29 00:00:00","0","5","0","6","0","2","0","2","0","0","288","1","18","39","1","0","9","0","24","45","2901"
"2014-06-30 00:00:00","0","2","0","6","0","4","4","0","0","0","330","1","18","47","3","0","19","1","36","65","6048"
"2014-07-01 00:00:00","0","3","0","8","0","4","2","1","0","0","312","0","28","46","4","0","19","3","41","60","6331"
"2014-07-02 00:00:00","0","7","0","7","0","4","4","2","0","0","350","1","31","52","4","0","23","3","59","67","6845"
"2014-07-03 00:00:00","0","3","0","9","0","3","4","2","0","0","349","0","28","54","7","0","26","1","50","87","6830"
"2014-07-04 00:00:00","0","2","0","8","0","8","2","2","0","0","249","1","28","67","5","0","12","2","35","55","5132"
"2014-07-05 00:00:00","0","4","0","3","0","2","3","2","0","0","284","1","27","24","5","0","1","2","28","33","2970"
"2014-07-06 00:00:00","0","3","0","2","0","3","0","4","0","0","291","0","22","52","3","0","6","2","24","58","3070"
"2014-07-07 00:00:00","0","0","0","5","0","4","4","3","0","0","384","3","28","39","5","0","18","3","47","64","6419"
"2014-07-08 00:00:00","0","1","0","14","0","0","3","1","0","0","335","4","29","51","4","0","19","3","50","70","6718"
"2014-07-09 00:00:00","0","8","0","4","0","1","3","0","0","0","343","2","30","51","5","0","18","5","55","60","6878"
"2014-07-10 00:00:00","0","4","0","3","0","6","2","3","0","0","330","4","38","39","2","0","11","4","51","73","6715"
"2014-07-11 00:00:00","0","2","0","7","0","4","1","5","0","0","290","1","33","50","3","0","10","4","44","65","6175"
"2014-07-12 00:00:00","0","2","0","3","0","1","1","1","0","0","272","0","30","34","0","0","6","4","26","42","3067"
"2014-07-13 00:00:00","0","1","0","5","0","2","1","2","0","0","276","2","19","29","5","0","7","2","23","34","2989"
"2014-07-14 00:00:00","0","2","0","12","0","5","2","1","0","0","323","5","36","44","1","0","15","3","55","59","6302"
"2014-07-15 00:00:00","0","3","0","5","0","0","1","0","0","0","353","1","29","43","6","0","23","2","50","63","6806"
"2014-07-16 00:00:00","0","3","0","10","0","2","5","0","0","0","312","1","36","48","5","0","19","6","43","69","7171"
"2014-07-17 00:00:00","0","1","0","12","0","6","3","1","0","0","286","3","35","46","2","0","18","9","56","74","7033"
"2014-07-18 00:00:00","0","4","0","9","0","3","2","2","0","0","313","0","28","50","2","0","14","4","49","68","6194"
"2014-07-19 00:00:00","0","3","0","5","0","3","4","1","0","0","240","3","16","36","1","0","2","7","29","47","3257"
"2014-07-20 00:00:00","0","2","0","8","0","6","0","0","0","0","301","1","29","43","2","0","8","2","39","47","3105"
"2014-07-21 00:00:00","0","7","0","15","0","5","3","0","0","0","385","2","23","38","4","0","19","6","42","60","6631"
"2014-07-22 00:00:00","0","4","0","8","0","4","6","0","0","0","353","1","29","50","4","0","24","5","60","64","7193"
"2014-07-23 00:00:00","0","2","0","6","0","4","2","1","0","0","356","2","32","43","3","0","26","3","49","87","7225"
"2014-07-24 00:00:00","0","2","0","11","0","6","5","0","0","0","315","2","32","42","4","0","21","4","63","70","7066"
"2014-07-25 00:00:00","0","1","0","6","0","5","4","1","0","0","314","4","32","37","3","0","14","1","49","72","6159"
"2014-07-26 00:00:00","0","1","0","5","0","2","0","2","0","0","248","2","24","38","2","0","5","1","33","44","3230"
"2014-07-27 00:00:00","0","1","0","2","0","3","1","0","0","0","288","2","17","46","3","0","6","4","44","36","3266"
"2014-07-28 00:00:00","0","1","0","5","0","3","2","5","0","0","306","2","33","41","3","0","24","1","60","62","6096"
"2014-07-29 00:00:00","0","0","0","6","0","2","0","1","0","0","338","1","22","63","6","0","25","0","55","68","6488"
"2014-07-30 00:00:00","0","3","0","8","0","1","5","0","0","0","358","2","29","42","4","0","12","3","47","71","6796"
"2014-07-31 00:00:00","0","2","0","11","0","2","1","1","0","0","309","5","26","43","3","0","14","4","52","74","6770"
"2014-08-01 00:00:00","0","3","0","5","0","2","1","1","0","0","300","1","28","48","3","0","14","1","39","58","5936"
"2014-08-02 00:00:00","0","3","0","3","0","3","1","0","0","0","245","2","13","42","2","0","6","2","30","41","3100"
"2014-08-03 00:00:00","0","1","0","7","0","4","3","1","0","0","245","1","18","37","4","0","13","0","29","41","3024"
"2014-08-04 00:00:00","0","3","0","7","0","2","3","1","0","0","291","0","28","41","6","0","24","1","47","77","5960"
"2014-08-05 00:00:00","0","2","0","3","0","5","2","3","0","0","317","2","27","56","5","0","30","2","55","75","6526"
"2014-08-06 00:00:00","0","3","0","8","0","1","5","3","0","0","293","0","29","55","2","0","23","0","51","72","6889"
"2014-08-07 00:00:00","0","4","0","7","0","4","4","1","0","0","330","2","27","48","6","0","19","3","55","70","6845"
"2014-08-08 00:00:00","0","3","0","5","0","3","4","1","0","0","307","0","18","60","5","0","15","5","34","58","6136"
"2014-08-09 00:00:00","0","2","0","10","0","1","0","2","0","0","282","1","27","45","1","0","4","0","28","40","3201"
"2014-08-10 00:00:00","0","2","0","7","0","2","0","1","0","0","302","0","17","42","2","0","5","1","29","43","3134"
"2014-08-11 00:00:00","0","5","0","8","0","1","4","2","0","0","347","2","17","52","3","0","24","3","44","64","6209"
"2014-08-12 00:00:00","0","5","0","5","0","2","4","1","0","0","351","2","44","60","5","0","28","7","42","74","6868"
"2014-08-13 00:00:00","0","4","0","7","0","3","2","0","0","0","360","2","27","48","6","0","28","1","51","65","6847"
"2014-08-14 00:00:00","0","5","0","5","0","1","2","1","0","0","347","0","27","44","3","0","21","6","60","64","6702"
"2014-08-15 00:00:00","0","1","0","9","0","4","1","0","0","0","303","2","27","43","0","0","14","1","52","52","5056"
"2014-08-16 00:00:00","0","0","0","6","0","1","1","0","0","0","280","1","18","41","2","0","7","1","22","37","2933"
"2014-08-17 00:00:00","0","3","0","6","0","0","1","1","0","0","294","1","20","35","2","0","3","1","38","42","3037"
"2014-08-18 00:00:00","0","1","0","7","0","2","2","2","0","0","323","2","28","46","6","0","12","3","46","49","5927"
"2014-08-19 00:00:00","0","5","0","6","0","3","3","2","0","0","338","0","26","44","8","0","16","0","52","69","6577"
"2014-08-20 00:00:00","0","1","0","17","0","5","2","0","0","0","335","4","26","43","5","0","19","5","58","62","6646"
"2014-08-21 00:00:00","0","2","0","10","0","2","2","4","0","0","318","2","31","45","6","0","22","4","48","60","6614"
"2014-08-22 00:00:00","0","2","0","9","0","3","2","1","0","0","289","0","31","43","0","0","12","4","37","52","6009"
"2014-08-23 00:00:00","0","0","0","5","0","0","4","2","0","0","248","2","26","26","4","0","6","3","19","38","3139"
"2014-08-24 00:00:00","0","1","0","5","0","0","1","1","0","0","292","1","19","45","3","0","8","1","25","38","3175"
"2014-08-25 00:00:00","0","3","0","11","0","1","2","0","0","0","331","0","38","35","1","0","17","1","50","61","5749"
"2014-08-26 00:00:00","0","2","0","5","0","1","3","0","0","0","359","2","29","45","5","0","18","3","43","56","6525"
"2014-08-27 00:00:00","0","2","0","7","0","5","1","2","0","0","375","1","26","53","4","0","17","4","57","76","6696"
"2014-08-28 00:00:00","0","1","0","14","0","3","1","2","0","0","340","1","33","51","7","0","16","0","49","65","6509"
"2014-08-29 00:00:00","0","1","0","5","0","2","3","3","0","0","280","3","18","40","8","0","6","3","42","63","5400"
"2014-08-30 00:00:00","0","1","0","7","0","2","0","3","0","0","281","0","23","26","2","0","7","2","23","57","2997"
"2014-08-31 00:00:00","0","3","0","7","0","2","0","4","0","0","311","1","24","43","4","0","10","1","26","45","2911"
"2014-09-01 00:00:00","0","3","0","5","0","1","0","1","0","0","358","0","31","48","2","0","15","2","41","55","5239"
"2014-09-02 00:00:00","0","3","0","12","0","1","5","3","0","0","375","1","25","45","3","0","21","2","42","69","6198"
"2014-09-03 00:00:00","0","2","0","6","0","3","0","0","0","0","350","1","17","49","6","0","26","1","57","64","6572"
"2014-09-04 00:00:00","0","2","0","9","0","0","1","1","0","0","385","3","32","52","5","0","13","3","41","70","6583"
"2014-09-05 00:00:00","0","3","0","8","0","2","3","1","0","0","339","3","22","58","4","0","15","3","36","57","5794"
"2014-09-06 00:00:00","0","5","0","8","0","2","0","2","0","0","321","1","28","65","0","0","8","1","19","53","3177"
"2014-09-07 00:00:00","0","1","0","4","0","3","1","1","0","0","378","1","17","47","2","0","3","3","21","49","3076"
"2014-09-08 00:00:00","0","1","0","7","0","2","3","4","0","0","403","0","25","60","4","0","18","3","34","65","5888"
"2014-09-09 00:00:00","0","4","0","9","0","4","2","1","0","0","408","0","31","49","6","0","15","2","38","69","6327"
"2014-09-10 00:00:00","0","8","0","9","0","4","1","1","0","0","448","2","35","51","2","0","16","1","46","63","6786"
"2014-09-11 00:00:00","0","2","0","11","0","4","1","0","0","0","396","1","31","45","1","0","15","4","45","67","6786"
"2014-09-12 00:00:00","0","3","0","10","0","2","5","3","0","0","356","3","27","51","5","0","16","0","47","76","6003"
"2014-09-13 00:00:00","0","4","0","10","0","1","2","1","0","0","345","0","21","56","4","0","2","3","20","56","3213"
"2014-09-14 00:00:00","0","2","0","6","0","4","0","1","0","0","406","1","13","53","2","0","4","2","22","43","3253"
"2014-09-15 00:00:00","0","3","0","14","0","1","1","4","0","0","411","1","35","51","6","0","13","3","40","59","6148"
"2014-09-16 00:00:00","0","3","0","7","0","2","4","1","0","0","443","2","18","48","6","0","20","5","44","96","6632"
"2014-09-17 00:00:00","0","2","0","7","0","5","2","4","0","0","473","3","31","58","2","0","17","2","59","67","6788"
"2014-09-18 00:00:00","0","5","0","10","0","2","1","2","0","0","494","1","34","54","8","0","20","2","56","69","6913"
"2014-09-19 00:00:00","0","3","0","9","0","2","2","1","0","0","392","1","35","43","0","0","13","2","34","78","5984"
"2014-09-20 00:00:00","0","2","0","10","0","0","1","0","0","0","362","4","21","56","1","0","4","1","19","73","3240"
"2014-09-21 00:00:00","0","4","0","9","0","2","0","3","0","0","422","0","20","39","1","0","8","1","22","59","3325"
"2014-09-22 00:00:00","0","2","0","8","0","3","1","1","0","0","429","2","33","46","1","0","14","4","54","52","6200"
"2014-09-23 00:00:00","0","2","0","6","0","2","2","0","0","0","433","0","33","52","4","0","21","3","46","75","6728"
"2014-09-24 00:00:00","0","2","0","13","0","5","1","3","0","0","438","2","38","58","0","0","18","3","54","73","6792"
"2014-09-25 00:00:00","0","2","0","7","0","5","2","3","0","0","417","2","27","61","2","0","14","4","43","86","6687"
"2014-09-26 00:00:00","0","1","0","6","0","0","1","2","0","0","423","0","31","51","4","0","13","3","45","65","6218"
"2014-09-27 00:00:00","0","2","0","11","0","3","2","2","0","0","387","0","21","58","5","0","10","1","23","51","3142"
"2014-09-28 00:00:00","0","0","0","9","0","3","1","1","0","0","456","0","11","47","5","0","5","1","32","58","3230"
"2014-09-29 00:00:00","0","1","0","10","0","2","1","1","0","0","457","1","30","47","4","0","17","2","51","58","6208"
"2014-09-30 00:00:00","0","2","0","8","0","2","2","0","0","0","453","1","32","59","6","0","17","4","48","67","6604"
"2014-10-01 00:00:00","0","1","0","12","0","4","4","6","0","0","477","2","35","60","4","0","13","4","60","60","6413"
"2014-10-02 00:00:00","0","0","0","11","0","4","5","3","0","0","500","2","33","58","3","0","21","2","50","68","5954"
"2014-10-03 00:00:00","0","3","0","11","0","3","1","1","0","0","374","2","27","46","3","0","14","3","40","65","5185"
"2014-10-04 00:00:00","0","3","0","16","0","3","2","2","0","0","428","1","24","50","2","0","7","0","30","54","3088"
"2014-10-05 00:00:00","0","8","0","13","0","0","2","1","0","0","445","0","23","38","1","0","6","2","23","43","3260"
"2014-10-06 00:00:00","0","6","0","9","0","5","1","1","0","0","497","4","30","44","2","0","18","7","42","64","5692"
"2014-10-07 00:00:00","0","1","0","16","0","2","1","1","0","0","464","0","41","53","2","0","21","5","47","76","6271"
"2014-10-08 00:00:00","0","9","0","14","0","4","2","2","0","0","514","4","39","67","4","0","14","3","47","56","6577"
"2014-10-09 00:00:00","0","8","0","12","0","6","2","3","0","0","476","4","28","54","6","0","14","3","58","72","6732"
"2014-10-10 00:00:00","0","10","0","4","0","7","5","0","0","0","434","0","32","65","2","0","26","5","49","72","6118"
"2014-10-11 00:00:00","0","6","0","11","0","2","2","1","0","0","366","1","19","45","5","0","6","1","30","54","3378"
"2014-10-12 00:00:00","0","2","0","7","0","0","2","1","0","0","466","3","16","39","5","0","4","3","35","65","3432"
"2014-10-13 00:00:00","0","8","0","12","0","3","3","3","0","0","489","2","39","55","2","0","12","4","46","64","6206"
"2014-10-14 00:00:00","0","3","0","13","0","6","2","1","0","0","546","1","28","55","3","0","14","3","42","73","6730"
"2014-10-15 00:00:00","0","4","0","10","0","6","1","1","0","0","529","2","36","52","3","0","19","6","59","75","6828"
"2014-10-16 00:00:00","0","1","0","11","0","4","3","3","0","0","528","0","24","55","2","0","15","6","61","85","6874"
"2014-10-17 00:00:00","0","1","0","12","0","4","3","2","0","0","443","2","26","47","4","0","12","5","46","78","5850"
"2014-10-18 00:00:00","0","2","0","11","0","2","3","0","0","0","445","1","21","48","4","0","5","3","36","56","3311"
"2014-10-19 00:00:00","0","2","0","11","0","4","2","1","0","0","502","1","21","33","2","0","7","1","30","55","3365"
"2014-10-20 00:00:00","0","1","0","11","0","1","4","3","0","0","577","1","26","49","7","0","17","2","41","57","6341"
"2014-10-21 00:00:00","0","3","0","11","0","1","2","0","0","0","532","2","34","49","2","0","24","9","50","64","6687"
"2014-10-22 00:00:00","0","5","0","10","0","5","1","2","0","0","558","1","31","43","5","0","15","2","41","73","6547"
"2014-10-23 00:00:00","0","6","0","14","0","4","1","1","0","0","547","6","36","49","0","0","18","2","53","76","6360"
"2014-10-24 00:00:00","0","1","0","12","0","4","1","2","0","0","472","0","27","47","4","0","12","8","45","65","5765"
"2014-10-25 00:00:00","0","0","0","11","0","3","3","0","0","0","419","3","27","35","5","0","6","2","21","61","3316"
"2014-10-26 00:00:00","0","2","0","15","0","6","3","1","0","0","519","2","17","43","5","0","11","3","33","53","3473"
"2014-10-27 00:00:00","0","5","0","13","0","4","2","2","0","0","516","3","31","51","3","0","15","2","46","68","6129"
"2014-10-28 00:00:00","0","4","0","12","0","4","1","1","0","0","565","2","31","53","6","0","11","3","54","67","6728"
"2014-10-29 00:00:00","0","3","0","15","0","1","2","1","0","0","532","2","32","63","7","0","24","3","52","50","6953"
"2014-10-30 00:00:00","0","3","0","8","0","6","1","1","0","0","515","0","26","50","3","0","20","7","46","58","7072"
"2014-10-31 00:00:00","0","5","0","16","0","4","2","0","0","0","501","3","27","53","4","0","10","4","42","55","6104"
"2014-11-01 00:00:00","0","1","0","13","0","2","0","1","0","0","393","2","18","47","4","0","6","3","38","37","2893"
"2014-11-02 00:00:00","0","5","0","13","0","4","2","3","0","0","490","1","31","58","9","0","11","4","36","63","3584"
"2014-11-03 00:00:00","0","3","0","11","0","1","2","2","0","0","518","2","28","57","6","0","19","5","47","50","6143"
"2014-11-04 00:00:00","0","3","0","18","0","5","1","4","0","0","506","3","26","59","9","0","18","5","41","79","6935"
"2014-11-05 00:00:00","0","4","0","21","0","6","2","6","0","0","537","4","34","65","5","0","10","5","58","63","6895"
"2014-11-06 00:00:00","0","2","0","6","0","3","1","1","0","0","518","3","37","44","8","0","15","5","49","55","6934"
"2014-11-07 00:00:00","0","1","0","10","0","3","2","0","0","0","461","2","35","40","5","0","15","1","52","65","6371"
"2014-11-08 00:00:00","0","1","0","8","0","4","1","1","0","0","439","2","19","53","4","0","12","4","33","56","3496"
"2014-11-09 00:00:00","0","2","0","18","0","5","1","3","0","0","546","2","24","59","6","0","13","0","32","59","3579"
"2014-11-10 00:00:00","0","1","0","15","0","1","4","1","0","0","581","3","40","59","4","0","10","4","52","76","6353"
"2014-11-11 00:00:00","0","3","0","17","0","2","3","1","0","0","564","1","28","60","4","0","9","6","53","67","6751"
"2014-11-12 00:00:00","0","3","0","11","0","4","3","4","0","0","543","1","41","53","3","0","21","2","60","72","6969"
"2014-11-13 00:00:00","0","4","0","16","0","4","2","3","0","0","511","0","40","72","4","0","22","3","50","75","6734"
"2014-11-14 00:00:00","0","4","0","9","0","2","5","2","0","0","446","1","34","66","4","0","4","3","47","67","6148"
"2014-11-15 00:00:00","0","2","0","9","0","2","1","3","0","0","386","2","18","44","1","0","5","6","28","43","3554"
"2014-11-16 00:00:00","0","2","0","10","0","1","1","3","0","0","513","1","23","34","2","0","6","0","32","49","3554"
"2014-11-17 00:00:00","0","1","0","17","0","6","1","2","0","0","586","3","28","52","5","0","19","4","63","56","6520"
"2014-11-18 00:00:00","0","3","0","14","0","6","5","7","0","0","538","3","19","56","7","0","18","5","58","63","7103"
"2014-11-19 00:00:00","0","0","0","6","0","3","4","6","0","0","525","3","25","56","5","0","17","4","59","67","7029"
"2014-11-20 00:00:00","0","2","0","14","0","3","5","4","0","0","523","2","29","59","7","0","13","4","55","61","7082"
"2014-11-21 00:00:00","0","3","0","9","0","1","2","1","0","0","465","5","34","46","8","0","10","2","41","69","6297"
"2014-11-22 00:00:00","0","2","0","10","0","0","1","5","0","0","433","3","25","53","4","0","6","3","28","61","3528"
"2014-11-23 00:00:00","0","5","0","13","0","3","3","2","0","0","493","0","16","72","3","0","15","2","28","59","3757"
"2014-11-24 00:00:00","0","3","0","13","0","10","0","2","0","0","524","0","26","48","3","0","15","4","65","73","6371"
"2014-11-25 00:00:00","0","2","0","19","0","3","3","5","0","0","496","0","32","64","7","0","20","2","53","65","6913"
"2014-11-26 00:00:00","0","4","0","9","0","9","3","2","0","0","476","0","30","48","6","0","12","4","57","69","6763"
"2014-11-27 00:00:00","0","2","0","11","0","3","1","5","0","0","433","0","24","53","5","0","15","6","51","68","5838"
"2014-11-28 00:00:00","0","3","0","5","0","3","3","1","0","0","412","1","36","45","6","0","8","4","33","62","5381"
"2014-11-29 00:00:00","0","2","0","10","0","5","1","1","0","0","440","0","22","48","7","0","1","4","26","37","3475"
"2014-11-30 00:00:00","0","2","0","10","0","2","1","0","0","0","475","1","25","57","5","0","6","2","43","47","3522"
"2014-12-01 00:00:00","0","4","0","21","0","2","2","3","0","0","550","2","16","57","6","0","13","4","53","72","6176"
"2014-12-02 00:00:00","0","5","0","16","0","4","4","0","0","0","553","1","45","55","1","0","14","4","59","55","6742"
"2014-12-03 00:00:00","0","3","0","24","0","4","6","2","0","0","544","3","52","61","6","0","14","6","56","78","6983"
"2014-12-04 00:00:00","0","8","0","16","0","6","3","2","0","0","502","3","35","68","4","0","12","4","52","81","6971"
"2014-12-05 00:00:00","0","2","0","19","0","2","5","2","0","0","502","2","32","50","6","0","18","5","56","73","6219"
"2014-12-06 00:00:00","0","3","0","11","0","2","5","5","0","0","452","0","26","69","4","0","14","2","36","46","3450"
"2014-12-07 00:00:00","0","5","0","23","0","4","4","2","0","0","543","2","23","52","3","0","6","3","38","64","3566"
"2014-12-08 00:00:00","0","4","0","17","0","2","3","1","0","0","580","3","26","48","3","0","12","5","61","70","6221"
"2014-12-09 00:00:00","0","1","0","16","0","3","4","4","0","0","570","0","33","59","8","0","11","3","57","63","6839"
"2014-12-10 00:00:00","0","5","0","9","0","5","6","5","0","0","518","4","34","47","1","0","19","4","68","71","6745"
"2014-12-11 00:00:00","0","1","0","11","0","3","3","3","0","0","481","1","30","58","4","0","10","4","64","72","6778"
"2014-12-12 00:00:00","0","4","0","21","0","6","1","2","0","0","497","1","31","47","4","0","14","2","58","66","5928"
"2014-12-13 00:00:00","0","1","0","9","0","3","3","1","0","0","455","2","22","48","5","0","9","3","24","34","3227"
"2014-12-14 00:00:00","0","0","0","14","0","6","0","5","0","0","462","0","25","54","3","0","8","1","30","42","3304"
"2014-12-15 00:00:00","0","4","0","23","0","7","0","4","0","0","478","1","22","54","3","0","12","1","57","58","5877"
"2014-12-16 00:00:00","0","4","0","17","0","5","2","3","0","0","484","1","23","64","4","0","12","5","60","71","6265"
"2014-12-17 00:00:00","0","4","0","21","0","3","1","2","0","0","425","1","37","46","2","0","12","1","50","52","6386"
"2014-12-18 00:00:00","0","4","0","14","0","2","2","3","0","0","432","1","23","43","3","0","18","1","49","47","6263"
"2014-12-19 00:00:00","0","2","0","8","0","6","2","2","0","0","314","0","19","37","5","0","16","3","48","46","5365"
"2014-12-20 00:00:00","0","4","0","8","0","2","2","1","0","0","311","0","21","48","4","0","4","0","18","51","2880"
"2014-12-21 00:00:00","0","0","0","6","0","1","0","2","0","0","327","1","19","45","3","0","7","2","21","50","2853"
"2014-12-22 00:00:00","0","4","0","7","0","3","6","3","0","0","338","5","21","42","2","0","10","1","43","47","5283"
"2014-12-23 00:00:00","0","4","0","10","0","5","2","4","0","0","345","3","20","51","3","0","11","3","38","50","5273"
"2014-12-24 00:00:00","0","3","0","6","0","5","0","3","0","0","275","2","23","37","2","0","11","3","29","39","3997"
"2014-12-25 00:00:00","0","1","0","5","0","1","2","3","0","0","233","2","21","40","5","0","6","1","21","27","2511"
"2014-12-26 00:00:00","0","1","0","1","0","3","2","1","0","0","283","0","18","39","1","0","10","1","24","37","3470"
"2014-12-27 00:00:00","0","3","0","9","0","4","0","1","0","0","316","1","21","53","2","0","4","2","27","40","2825"
"2014-12-28 00:00:00","0","4","0","11","0","3","3","1","0","0","354","2","20","53","4","0","3","1","23","23","2894"
"2014-12-29 00:00:00","0","4","0","11","0","3","1","1","0","0","359","2","29","56","0","0","10","3","25","55","4877"
"2014-12-30 00:00:00","0","4","0","3","0","2","5","3","0","0","342","1","26","54","4","0","8","1","35","55","5101"
"2014-12-31 00:00:00","0","3","0","12","0","0","2","2","0","0","304","0","14","38","3","0","10","3","25","28","3905"
"2015-01-01 00:00:00","0","3","0","11","0","3","0","2","0","0","284","0","18","40","3","0","4","0","19","33","2567"
"2015-01-02 00:00:00","0","2","0","14","0","3","2","1","0","0","375","2","33","63","6","0","6","0","43","50","4443"
"2015-01-03 00:00:00","0","4","0","7","0","4","1","3","0","0","360","0","21","52","3","0","9","1","28","52","3235"
"2015-01-04 00:00:00","0","4","0","11","0","4","3","3","0","0","347","2","23","56","3","0","6","1","30","44","3326"
"2015-01-05 00:00:00","0","5","0","11","0","2","1","0","0","0","403","0","33","69","5","0","13","3","55","58","5616"
"2015-01-06 00:00:00","0","8","0","14","0","2","3","3","0","0","419","0","27","56","8","0","9","5","52","72","5973"
"2015-01-07 00:00:00","0","1","0","8","0","3","1","3","0","0","413","2","27","63","5","0","16","1","43","61","6391"
"2015-01-08 00:00:00","0","3","0","9","0","2","4","3","0","0","392","2","28","52","3","0","17","2","48","48","6569"
"2015-01-09 00:00:00","0","1","0","7","0","3","2","5","0","0","382","1","27","55","7","0","13","1","49","52","6096"
"2015-01-10 00:00:00","0","2","0","8","0","2","2","4","0","0","415","2","25","46","2","0","9","2","37","48","3406"
"2015-01-11 00:00:00","0","3","0","12","0","2","1","2","0","0","373","0","21","75","0","0","3","3","35","33","3454"
"2015-01-12 00:00:00","0","5","0","10","0","8","1","2","0","0","412","2","29","59","9","0","21","3","45","44","6033"
"2015-01-13 00:00:00","0","2","0","12","0","5","0","1","0","0","451","2","26","54","4","0","12","3","51","79","6546"
"2015-01-14 00:00:00","0","1","0","7","0","3","3","0","0","0","478","0","26","59","7","0","17","0","66","82","6607"
"2015-01-15 00:00:00","0","6","0","7","0","1","5","4","0","0","432","1","24","53","6","0","15","7","57","50","6519"
"2015-01-16 00:00:00","0","2","0","10","0","2","0","2","0","0","410","1","32","55","4","0","10","2","58","76","6106"
"2015-01-17 00:00:00","0","3","0","13","0","3","0","0","0","0","392","2","16","59","1","0","9","3","26","41","3423"
"2015-01-18 00:00:00","0","3","0","10","0","4","0","2","0","0","446","2","22","48","1","0","7","1","44","49","3338"
"2015-01-19 00:00:00","0","2","0","8","0","9","2","0","0","0","511","1","32","60","4","0","13","2","45","65","6254"
"2015-01-20 00:00:00","0","2","0","12","0","5","1","2","20","0","467","0","31","70","7","0","9","2","66","83","6843"
"2015-01-21 00:00:00","0","3","0","13","0","3","1","2","26","0","509","3","46","46","4","0","20","2","45","63","6907"
"2015-01-22 00:00:00","0","4","0","5","0","5","3","3","8","0","466","1","31","55","3","0","14","4","69","68","6785"
"2015-01-23 00:00:00","0","2","0","16","0","7","0","4","9","0","439","1","38","66","4","0","17","1","47","58","6221"
"2015-01-24 00:00:00","0","3","0","11","0","7","2","2","12","0","406","2","25","59","6","0","9","0","30","51","3416"
"2015-01-25 00:00:00","0","4","0","10","0","0","3","1","3","0","460","1","32","59","3","0","12","4","35","56","3588"
"2015-01-26 00:00:00","0","1","0","17","0","3","3","2","10","0","493","1","22","63","7","0","8","4","58","52","5742"
"2015-01-27 00:00:00","0","2","0","11","0","2","2","1","9","0","496","2","33","64","4","0","18","3","59","61","6687"
"2015-01-28 00:00:00","0","1","0","16","0","1","5","1","7","0","560","0","44","57","5","0","14","6","54","78","7082"
"2015-01-29 00:00:00","0","3","0","13","0","5","6","1","3","0","531","3","32","49","6","0","12","3","53","75","6965"
"2015-01-30 00:00:00","0","3","0","10","0","1","5","3","7","0","462","0","33","59","4","0","10","3","48","59","6128"
"2015-01-31 00:00:00","0","5","0","10","0","3","1","0","1","0","385","2","27","49","2","0","9","0","36","38","3561"
"2015-02-01 00:00:00","0","0","0","16","0","1","1","0","2","0","458","1","13","53","3","0","8","3","23","56","3672"
"2015-02-02 00:00:00","0","3","0","13","0","1","1","1","6","0","487","0","26","57","6","0","17","5","48","80","6278"
"2015-02-03 00:00:00","0","1","0","10","0","1","4","4","6","0","530","3","29","64","2","0","25","4","59","69","7053"
"2015-02-04 00:00:00","0","6","0","13","0","1","3","3","8","0","481","1","29","48","6","0","11","5","59","82","7228"
"2015-02-05 00:00:00","0","3","0","18","0","1","4","1","9","0","539","0","40","51","3","0","12","3","45","74","7056"
"2015-02-06 00:00:00","0","4","0","12","0","3","2","4","4","0","473","2","39","44","4","0","10","6","54","66","6449"
"2015-02-07 00:00:00","0","4","0","11","0","4","2","3","7","0","454","0","28","59","8","0","5","0","28","70","3762"
"2015-02-08 00:00:00","0","1","0","12","0","0","1","1","7","0","458","1","30","43","6","0","11","2","38","44","3822"
"2015-02-09 00:00:00","0","6","0","6","0","3","3","1","8","0","474","3","28","58","4","0","15","3","63","50","6744"
"2015-02-10 00:00:00","0","3","0","11","0","3","2","1","5","0","501","1","36","53","5","0","16","1","66","65","7089"
"2015-02-11 00:00:00","0","5","0","12","0","2","5","0","6","0","509","2","27","63","8","0","12","2","57","61","7143"
"2015-02-12 00:00:00","0","3","0","10","0","12","5","2","4","0","508","0","30","54","6","0","17","4","58","61","7428"
"2015-02-13 00:00:00","0","1","0","14","0","5","1","3","3","0","424","1","28","45","1","0","12","4","47","73","6406"
"2015-02-14 00:00:00","0","1","0","3","0","1","2","1","11","0","417","3","27","50","5","0","6","2","39","48","3381"
"2015-02-15 00:00:00","0","1","0","15","0","3","3","1","3","0","421","1","22","42","1","0","6","1","31","62","3520"
"2015-02-16 00:00:00","0","2","0","15","0","1","1","0","4","0","539","1","29","67","5","0","12","0","37","69","6331"
"2015-02-17 00:00:00","0","4","0","14","0","7","5","0","6","0","505","4","31","50","6","0","18","0","47","76","6890"
"2015-02-18 00:00:00","0","1","0","12","0","5","4","1","5","0","497","1","35","55","2","0","17","3","49","96","7313"
"2015-02-19 00:00:00","0","7","0","6","0","6","1","3","4","0","496","0","30","60","2","0","14","2","46","73","7267"
"2015-02-20 00:00:00","0","4","0","1","0","1","5","1","6","0","436","3","30","53","4","0","9","2","53","81","6505"
"2015-02-21 00:00:00","0","5","0","10","0","2","2","0","3","0","391","2","22","52","6","0","9","0","34","53","3979"
"2015-02-22 00:00:00","0","3","0","17","0","3","2","1","4","0","459","1","30","53","5","0","9","2","42","62","3882"
"2015-02-23 00:00:00","0","4","0","8","0","6","3","1","2","0","527","1","37","59","8","0","18","5","53","69","6755"
"2015-02-24 00:00:00","0","1","0","17","0","5","1","2","5","0","567","0","22","51","8","0","25","3","59","65","7241"
"2015-02-25 00:00:00","0","3","0","9","0","3","5","2","5","0","509","1","39","44","11","0","17","3","69","88","7392"
"2015-02-26 00:00:00","0","1","0","13","0","1","0","0","4","0","488","1","27","68","9","0","13","3","59","55","7368"
"2015-02-27 00:00:00","0","1","0","7","0","1","2","0","4","0","413","0","26","63","7","0","5","3","51","71","6646"
"2015-02-28 00:00:00","0","6","0","11","0","2","2","1","5","0","386","2","15","41","2","0","7","1","36","58","3765"
"2015-03-01 00:00:00","0","0","0","14","0","3","2","2","6","0","467","0","20","39","4","0","6","8","42","55","3903"
"2015-03-02 00:00:00","0","2","0","13","0","4","3","2","6","0","521","3","42","65","4","0","16","3","45","66","6718"
"2015-03-03 00:00:00","0","6","0","9","0","3","1","3","1","0","544","0","36","65","3","0","10","6","56","79","7192"
"2015-03-04 00:00:00","0","2","0","10","0","2","3","1","3","0","529","4","29","63","2","0","15","2","56","68","7506"
"2015-03-05 00:00:00","0","2","0","11","0","5","1","0","4","0","506","0","34","50","7","0","16","5","69","65","7245"
"2015-03-06 00:00:00","0","3","0","14","0","2","3","1","7","0","462","2","33","59","3","0","13","4","58","61","6294"
"2015-03-07 00:00:00","0","2","0","8","0","3","0","2","5","0","410","1","15","56","3","0","2","2","33","56","3748"
"2015-03-08 00:00:00","0","2","0","7","0","1","0","2","3","0","451","0","28","56","3","0","6","4","41","53","3788"
"2015-03-09 00:00:00","0","2","0","16","0","7","1","2","4","0","493","3","34","62","3","0","15","3","48","65","6608"
"2015-03-10 00:00:00","0","2","0","11","0","3","3","2","4","0","502","0","42","69","3","0","11","5","48","64","7138"
"2015-03-11 00:00:00","0","3","0","17","0","6","2","2","8","0","485","4","35","60","3","0","23","3","56","91","7528"
"2015-03-12 00:00:00","0","3","0","7","0","8","1","1","1","0","515","2","39","61","5","0","12","5","53","61","7415"
"2015-03-13 00:00:00","0","8","0","8","0","3","3","3","5","0","444","1","29","55","7","0","13","1","62","62","6745"
"2015-03-14 00:00:00","0","3","0","10","0","0","2","0","7","0","426","0","25","54","2","0","3","2","37","49","3772"
"2015-03-15 00:00:00","0","7","0","6","0","4","2","1","3","0","458","0","22","53","4","0","3","1","31","56","3829"
"2015-03-16 00:00:00","0","2","0","12","0","3","3","2","3","0","499","3","32","40","4","0","16","5","46","76","6881"
"2015-03-17 00:00:00","0","6","0","8","0","2","3","1","3","0","523","1","33","52","3","0","12","2","73","88","7351"
"2015-03-18 00:00:00","0","8","0","10","0","5","3","2","5","0","511","3","45","48","8","0","14","7","66","76","7367"
"2015-03-19 00:00:00","0","6","0","5","0","0","0","1","4","0","464","2","29","57","8","0","19","2","52","86","7113"
"2015-03-20 00:00:00","0","5","0","9","0","4","2","2","5","0","445","5","43","53","6","0","10","0","43","48","6426"
"2015-03-21 00:00:00","0","2","0","7","0","4","1","2","5","0","440","3","28","39","3","0","10","5","44","50","3756"
"2015-03-22 00:00:00","0","2","0","7","0","2","1","3","1","0","505","1","25","56","2","0","9","1","37","54","3890"
"2015-03-23 00:00:00","0","1","0","11","0","1","3","4","5","0","542","3","37","61","0","0","19","2","61","65","6746"
"2015-03-24 00:00:00","0","4","0","13","0","4","3","3","4","0","540","2","41","57","2","0","18","1","60","79","7269"
"2015-03-25 00:00:00","0","3","0","9","0","5","1","7","5","0","501","4","36","56","6","0","18","3","68","82","7599"
"2015-03-26 00:00:00","0","4","0","8","0","1","0","1","1","0","493","1","32","60","4","0","22","1","58","68","7045"
"2015-03-27 00:00:00","0","3","0","9","0","3","4","2","3","0","426","3","44","61","8","0","21","1","45","62","6676"
"2015-03-28 00:00:00","0","5","0","15","0","2","1","0","3","0","377","2","21","56","5","0","9","0","41","62","3875"
"2015-03-29 00:00:00","0","2","0","10","0","3","0","3","1","0","443","0","24","54","1","0","6","2","42","54","3981"
"2015-03-30 00:00:00","0","5","0","7","0","5","1","2","4","0","495","2","38","66","7","0","16","2","58","102","7092"
"2015-03-31 00:00:00","0","7","0","15","0","2","0","4","4","0","483","2","31","62","6","0","15","4","47","73","7096"
"2015-04-01 00:00:00","0","3","0","9","0","2","2","1","4","0","519","3","37","46","7","0","18","1","60","62","7194"
"2015-04-02 00:00:00","0","5","0","13","0","2","2","2","2","0","452","3","38","60","8","0","10","5","50","60","6790"
"2015-04-03 00:00:00","0","2","0","3","0","4","3","3","5","0","443","3","29","65","2","0","10","2","48","53","5343"
"2015-04-04 00:00:00","0","6","0","10","0","0","0","3","5","0","357","2","33","56","4","0","5","3","38","60","3746"
"2015-04-05 00:00:00","0","4","0","12","0","3","2","1","5","0","417","0","30","61","7","0","9","1","38","55","3421"
"2015-04-06 00:00:00","0","2","0","10","0","4","2","0","6","0","455","1","29","47","4","0","7","1","41","73","5783"
"2015-04-07 00:00:00","0","1","0","9","0","3","1","3","3","0","500","1","26","68","7","0","15","2","61","74","6891"
"2015-04-08 00:00:00","0","0","0","13","0","4","2","1","6","0","492","2","39","50","2","0","16","4","67","94","7454"
"2015-04-09 00:00:00","0","1","0","13","0","2","2","4","4","0","477","2","37","65","5","0","18","3","75","65","7508"
"2015-04-10 00:00:00","0","2","0","11","0","5","2","0","3","0","479","0","32","65","2","0","12","1","50","79","6687"
"2015-04-11 00:00:00","0","4","0","16","0","3","2","0","3","0","441","1","23","57","9","0","9","1","50","52","3708"
"2015-04-12 00:00:00","0","5","0","10","0","4","1","0","3","0","465","0","32","51","1","0","11","3","38","61","3750"
"2015-04-13 00:00:00","0","6","0","16","0","1","2","3","10","0","488","3","28","57","5","0","14","2","70","68","6651"
"2015-04-14 00:00:00","0","5","0","13","0","4","2","2","5","0","500","4","30","58","5","0","13","6","74","59","7088"
"2015-04-15 00:00:00","0","3","0","17","0","5","3","1","3","0","498","1","32","70","9","0","13","4","64","88","7438"
"2015-04-16 00:00:00","0","3","0","11","0","7","3","1","8","0","517","3","26","67","4","0","6","3","76","78","7747"
"2015-04-17 00:00:00","0","5","0","17","0","2","3","2","7","0","482","2","31","63","6","0","9","2","51","70","7143"
"2015-04-18 00:00:00","0","4","0","14","0","0","1","1","2","0","464","1","25","57","3","0","5","3","44","46","4055"
"2015-04-19 00:00:00","0","3","0","8","0","4","0","2","4","0","499","3","21","52","0","0","7","2","44","58","4221"
"2015-04-20 00:00:00","0","4","0","14","0","5","3","2","1","0","551","1","31","73","4","0","15","3","63","63","7420"
"2015-04-21 00:00:00","0","7","0","19","0","7","5","2","6","0","525","1","33","62","4","0","20","7","76","66","7846"
"2015-04-22 00:00:00","0","3","0","13","0","3","5","1","3","0","576","2","35","77","8","0","12","3","79","83","8224"
"2015-04-23 00:00:00","0","3","0","14","0","4","2","4","3","0","557","2","37","74","3","0","16","3","66","85","8108"
"2015-04-24 00:00:00","0","2","0","17","0","3","2","3","5","0","473","0","33","46","1","0","11","4","55","67","7182"
"2015-04-25 00:00:00","0","2","0","14","0","3","4","1","3","0","441","1","21","47","4","0","12","3","31","52","4030"
"2015-04-26 00:00:00","0","5","0","11","0","4","2","1","5","0","496","2","30","44","8","0","14","1","34","53","4182"
"2015-04-27 00:00:00","0","1","0","10","0","2","2","4","5","0","529","1","33","63","6","0","13","6","52","83","7370"
"2015-04-28 00:00:00","0","3","0","16","0","2","2","2","3","0","546","1","38","45","5","0","14","4","55","66","7715"
"2015-04-29 00:00:00","0","3","0","14","0","1","4","3","2","0","548","3","34","67","6","0","11","4","66","54","7713"
"2015-04-30 00:00:00","0","0","0","11","0","4","5","1","6","0","514","0","33","69","1","0","9","5","60","70","7285"
"2015-05-01 00:00:00","0","0","0","6","0","3","3","3","1","0","431","0","37","56","4","0","10","3","44","73","5400"
"2015-05-02 00:00:00","0","4","0","11","0","5","0","1","3","0","499","1","27","42","8","0","7","2","47","77","3799"
"2015-05-03 00:00:00","0","1","0","10","0","1","2","1","2","0","510","1","15","65","5","0","5","4","44","68","3906"
"2015-05-04 00:00:00","0","0","0","16","0","3","1","2","2","0","562","3","34","68","5","0","13","3","64","70","6716"
"2015-05-05 00:00:00","0","0","0","10","0","6","5","1","4","0","547","1","35","60","5","0","12","5","58","69","7351"
"2015-05-06 00:00:00","0","0","0","21","0","4","2","4","8","0","535","2","35","69","9","0","13","3","62","94","7759"
"2015-05-07 00:00:00","0","0","0","15","0","2","8","2","5","0","517","1","36","58","1","0","12","5","66","82","7630"
"2015-05-08 00:00:00","0","2","0","15","0","4","2","3","4","0","451","0","26","61","4","0","12","4","41","84","6737"
"2015-05-09 00:00:00","0","0","0","12","0","4","3","0","0","0","394","2","22","48","1","0","2","5","38","46","3711"
"2015-05-10 00:00:00","0","1","0","15","0","4","2","1","3","0","504","1","23","59","9","0","9","1","39","51","3692"
"2015-05-11 00:00:00","0","0","0","14","0","5","4","1","6","0","548","1","29","60","5","0","23","1","56","96","7019"
"2015-05-12 00:00:00","0","1","0","14","0","5","3","2","7","0","512","0","31","55","2","0","13","4","47","81","7609"
"2015-05-13 00:00:00","0","2","0","13","0","2","4","1","3","0","517","0","34","81","5","0","17","3","62","93","7434"
"2015-05-14 00:00:00","0","1","0","8","0","5","2","0","2","0","540","2","34","62","5","0","11","2","58","60","7150"
"2015-05-15 00:00:00","0","4","0","18","0","0","5","2","3","0","437","2","37","62","6","0","14","3","54","75","6607"
"2015-05-16 00:00:00","0","2","0","16","0","3","4","4","3","0","440","1","25","49","4","0","7","2","29","56","3657"
"2015-05-17 00:00:00","0","4","0","8","0","4","1","2","1","0","458","3","17","37","6","0","5","3","38","46","3601"
"2015-05-18 00:00:00","0","1","0","15","0","4","5","4","2","0","520","0","30","51","5","0","17","3","57","67","6754"
"2015-05-19 00:00:00","0","2","0","22","0","5","3","2","4","0","521","1","31","54","11","0","12","5","47","114","7481"
"2015-05-20 00:00:00","0","7","0","15","0","4","3","0","2","0","518","0","32","55","8","0","14","5","56","86","7649"
"2015-05-21 00:00:00","0","2","0","13","0","2","3","2","2","0","483","2","36","53","7","0","11","4","69","72","7545"
"2015-05-22 00:00:00","0","1","0","10","0","1","2","1","4","0","408","2","30","52","6","0","10","2","59","69","6710"
"2015-05-23 00:00:00","0","5","0","15","0","3","3","0","7","0","402","0","27","47","1","0","5","1","34","55","3547"
"2015-05-24 00:00:00","0","1","0","9","0","3","3","0","2","0","429","2","24","51","4","0","2","2","39","42","3451"
"2015-05-25 00:00:00","0","3","0","6","0","2","2","1","2","0","466","0","35","70","5","0","7","6","51","66","5658"
"2015-05-26 00:00:00","0","3","0","11","0","5","2","1","3","0","471","2","30","60","4","0","6","5","73","75","7493"
"2015-05-27 00:00:00","0","1","0","9","0","0","5","0","5","0","500","2","39","55","9","0","10","2","82","76","7648"
"2015-05-28 00:00:00","0","1","0","12","0","0","4","3","6","0","470","1","37","62","6","0","13","7","52","75","7568"
"2015-05-29 00:00:00","0","3","0","8","0","3","4","2","2","0","466","1","27","37","9","0","9","3","56","65","6923"
"2015-05-30 00:00:00","0","1","0","7","0","6","1","3","1","0","409","2","20","47","1","0","10","0","33","46","3684"
"2015-05-31 00:00:00","0","3","0","9","0","2","1","0","7","0","425","1","21","55","7","0","8","4","41","44","3751"
"2015-06-01 00:00:00","0","4","0","13","0","4","6","2","3","0","413","2","30","47","7","0","12","6","66","52","6850"
"2015-06-02 00:00:00","0","5","0","12","0","2","3","1","4","0","483","0","24","50","6","0","12","6","70","75","7481"
"2015-06-03 00:00:00","0","2","0","10","0","2","4","2","6","0","408","2","41","53","7","0","14","2","60","66","7798"
"2015-06-04 00:00:00","0","3","0","14","0","2","3","2","5","0","493","0","41","58","11","0","11","5","52","80","7459"
"2015-06-05 00:00:00","0","6","0","11","0","4","7","0","2","0","404","1","26","50","10","0","7","4","57","60","6839"
"2015-06-06 00:00:00","0","5","0","14","0","1","2","2","4","0","370","0","19","59","2","0","7","1","38","54","3500"
"2015-06-07 00:00:00","0","1","0","14","0","3","1","1","6","0","427","2","20","47","5","0","5","1","30","47","3567"
"2015-06-08 00:00:00","0","1","0","8","0","2","3","2","1","0","448","1","26","53","3","0","11","1","54","64","6790"
"2015-06-09 00:00:00","0","1","0","13","0","2","5","3","4","0","489","1","36","71","8","0","15","6","73","72","7621"
"2015-06-10 00:00:00","0","6","0","9","0","2","6","1","4","0","454","0","26","73","9","0","12","3","50","75","7806"
"2015-06-11 00:00:00","0","2","0","11","0","3","5","1","4","0","455","4","30","50","12","0","14","3","59","78","7685"
"2015-06-12 00:00:00","0","1","0","9","0","3","9","1","7","0","391","2","37","60","3","0","23","4","62","51","6404"
"2015-06-13 00:00:00","0","4","0","9","0","1","4","0","1","0","391","0","12","50","6","0","9","1","37","49","3479"
"2015-06-14 00:00:00","0","5","0","3","0","0","3","1","4","0","408","3","16","39","7","0","8","1","35","59","3474"
"2015-06-15 00:00:00","0","3","0","12","0","2","2","3","6","0","430","0","28","54","5","0","13","6","50","69","6807"
"2015-06-16 00:00:00","0","2","0","15","0","3","0","1","4","0","439","1","30","41","8","0","11","6","57","84","7502"
"2015-06-17 00:00:00","0","2","0","7","0","8","2","1","6","0","415","0","32","54","11","0","19","1","70","76","7713"
"2015-06-18 00:00:00","0","1","0","12","0","2","5","0","2","0","463","2","24","54","5","0","9","6","59","78","7485"
"2015-06-19 00:00:00","0","2","0","11","0","3","3","2","3","0","400","1","36","46","2","0","10","1","74","58","6621"
"2015-06-20 00:00:00","0","7","0","7","0","1","0","2","1","0","350","1","21","49","2","0","7","0","38","43","3504"
"2015-06-21 00:00:00","0","2","0","6","0","2","2","5","1","0","388","0","15","44","4","0","2","2","30","59","3453"
"2015-06-22 00:00:00","0","2","0","11","0","1","4","1","5","0","415","2","33","38","4","0","14","4","50","68","6856"
"2015-06-23 00:00:00","0","2","0","6","0","2","8","6","7","0","462","1","29","74","6","0","15","0","77","91","7542"
"2015-06-24 00:00:00","0","2","0","13","0","1","7","5","5","0","440","1","36","61","4","0","14","1","67","77","7627"
"2015-06-25 00:00:00","0","2","0","10","0","4","4","3","5","0","404","2","24","53","3","0","15","2","48","88","7557"
"2015-06-26 00:00:00","0","2","0","7","0","4","4","3","2","0","391","1","28","38","1","0","10","3","57","76","6781"
"2015-06-27 00:00:00","0","3","0","8","0","3","2","1","3","0","307","0","24","36","6","0","4","3","40","64","3434"
"2015-06-28 00:00:00","0","2","0","8","0","2","4","1","3","0","338","1","16","35","7","0","9","2","31","40","3607"
"2015-06-29 00:00:00","0","6","0","9","0","4","8","2","6","0","390","0","17","36","11","0","12","2","43","54","6991"
"2015-06-30 00:00:00","0","5","0","6","0","3","5","1","7","0","402","0","36","52","12","0","12","2","58","67","7480"
"2015-07-01 00:00:00","0","3","0","10","0","8","6","0","4","0","392","1","29","42","6","0","10","5","51","74","7495"
"2015-07-02 00:00:00","0","3","0","9","0","2","4","3","12","0","401","0","25","44","9","0","21","5","51","71","7408"
"2015-07-03 00:00:00","0","4","0","4","0","1","2","1","5","0","358","1","20","40","6","0","9","4","52","57","6013"
"2015-07-04 00:00:00","0","1","0","3","0","1","3","2","2","0","298","3","24","34","6","0","3","4","35","58","3369"
"2015-07-05 00:00:00","0","2","0","10","0","5","2","4","6","0","316","1","15","37","9","0","4","3","34","59","3238"
"2015-07-06 00:00:00","0","6","0","9","0","5","4","2","3","0","424","2","25","43","7","0","6","3","46","56","6943"
"2015-07-07 00:00:00","0","6","0","12","0","6","7","1","5","0","429","0","28","46","11","0","19","1","50","74","7643"
"2015-07-08 00:00:00","0","1","0","4","0","5","6","2","4","0","413","1","29","41","9","0","19","9","75","68","7898"
"2015-07-09 00:00:00","0","0","0","11","0","1","7","1","2","0","400","0","30","41","4","0","15","3","55","71","7853"
"2015-07-10 00:00:00","0","7","0","9","0","3","2","1","3","0","370","0","25","37","6","0","16","3","59","72","6870"
"2015-07-11 00:00:00","0","5","0","5","0","2","3","3","2","0","331","0","20","35","2","0","7","5","40","59","3475"
"2015-07-12 00:00:00","0","1","0","8","0","5","1","0","1","0","297","1","18","38","4","0","8","0","29","66","3474"
"2015-07-13 00:00:00","0","3","0","9","0","4","3","4","1","0","398","0","38","54","5","0","20","9","65","62","7074"
"2015-07-14 00:00:00","0","5","0","8","0","3","3","3","6","0","417","1","36","57","3","0","9","5","84","65","7637"
"2015-07-15 00:00:00","0","2","0","13","0","2","3","1","3","0","433","3","26","46","8","0","17","3","53","60","7691"
"2015-07-16 00:00:00","0","4","0","13","0","1","2","3","3","0","392","4","31","51","4","0","16","7","62","72","7484"
"2015-07-17 00:00:00","0","3","0","4","0","2","4","1","3","0","356","1","25","52","5","0","9","5","50","61","6402"
"2015-07-18 00:00:00","0","4","0","6","0","0","1","1","3","0","311","1","13","40","3","0","5","2","26","43","3255"
"2015-07-19 00:00:00","0","1","0","12","0","3","1","1","5","0","322","1","17","52","5","0","3","3","38","36","3435"
"2015-07-20 00:00:00","0","3","0","12","0","3","9","4","3","0","368","0","20","59","5","0","9","4","60","63","6794"
"2015-07-21 00:00:00","0","5","0","13","0","0","4","4","4","0","366","5","23","65","6","0","15","4","70","67","7496"
"2015-07-22 00:00:00","0","5","0","5","0","3","6","2","1","0","413","1","31","54","6","0","13","7","59","60","7831"
"2015-07-23 00:00:00","0","4","0","10","0","5","3","2","4","0","386","0","25","53","3","0","21","4","65","75","7786"
"2015-07-24 00:00:00","0","3","0","7","0","5","4","2","2","0","334","1","24","46","2","0","10","5","60","65","6881"
"2015-07-25 00:00:00","0","7","0","7","0","5","1","4","3","0","315","0","22","44","2","0","7","2","33","41","3483"
"2015-07-26 00:00:00","0","5","0","6","0","2","3","1","4","0","305","1","25","41","6","0","5","2","33","52","3512"
"2015-07-27 00:00:00","0","3","0","8","0","1","4","2","3","0","387","0","20","51","4","0","15","0","67","84","7162"
"2015-07-28 00:00:00","0","6","0","6","0","2","6","1","5","0","368","1","23","74","11","0","18","6","68","81","7816"
"2015-07-29 00:00:00","0","4","0","11","0","10","3","1","11","0","400","0","39","56","9","0","16","2","68","86","7854"
"2015-07-30 00:00:00","0","3","0","7","0","4","4","1","6","0","338","1","30","51","4","0","8","4","64","71","7349"
"2015-07-31 00:00:00","0","3","0","10","0","6","5","5","8","0","338","2","33","50","2","0","9","2","54","65","6637"
"2015-08-01 00:00:00","0","2","0","9","0","6","0","1","4","0","264","0","11","49","3","0","5","2","27","47","3299"
"2015-08-02 00:00:00","0","4","0","8","0","3","2","2","2","0","304","0","20","42","5","0","7","1","33","36","3419"
"2015-08-03 00:00:00","0","5","0","9","0","3","1","5","6","0","347","0","29","45","6","0","9","1","54","55","6824"
"2015-08-04 00:00:00","0","3","12","7","0","3","9","1","6","0","360","1","39","50","5","0","10","5","48","78","7298"
"2015-08-05 00:00:00","0","0","18","8","0","4","4","4","7","0","419","1","24","58","6","0","12","1","61","80","7598"
"2015-08-06 00:00:00","0","3","7","4","0","4","2","1","3","0","390","0","22","61","3","0","10","5","76","77","7456"
"2015-08-07 00:00:00","0","2","6","6","0","8","2","2","7","0","360","1","26","46","4","0","10","3","50","68","6545"
"2015-08-08 00:00:00","0","1","1","3","0","3","2","4","4","0","272","2","14","40","1","0","5","2","31","48","3318"
"2015-08-09 00:00:00","0","1","15","9","0","1","4","3","2","0","352","2","24","39","4","0","7","2","31","54","3346"
"2015-08-10 00:00:00","0","3","13","10","0","3","2","3","5","0","377","1","21","44","5","0","15","3","73","74","6827"
"2015-08-11 00:00:00","0","4","5","7","0","5","5","3","3","0","389","3","33","53","5","0","12","5","48","70","7383"
"2015-08-12 00:00:00","0","5","7","12","0","3","5","4","4","0","463","0","38","43","6","0","18","3","69","68","7521"
"2015-08-13 00:00:00","0","0","6","6","0","6","3","0","7","0","433","0","24","62","4","0","8","8","62","74","7431"
"2015-08-14 00:00:00","0","4","4","14","0","5","4","1","6","0","336","0","21","54","5","0","4","2","39","61","6314"
"2015-08-15 00:00:00","0","2","3","11","0","1","1","4","1","0","316","1","22","51","8","0","6","2","33","42","3300"
"2015-08-16 00:00:00","0","2","3","5","0","1","1","1","4","0","338","0","21","56","5","0","2","2","31","51","3369"
"2015-08-17 00:00:00","0","7","2","8","0","5","2","2","2","0","345","1","39","58","10","0","17","3","59","61","6638"
"2015-08-18 00:00:00","0","1","2","10","0","0","2","2","4","0","434","1","33","62","9","0","15","6","63","77","7331"
"2015-08-19 00:00:00","0","1","3","7","0","6","7","0","5","0","423","3","41","63","3","0","13","4","59","66","7477"
"2015-08-20 00:00:00","0","3","7","7","0","1","8","3","1","0","357","1","30","62","6","0","18","4","62","72","7491"
"2015-08-21 00:00:00","0","5","4","10","0","1","5","2","5","0","326","0","27","50","1","0","11","5","47","55","6519"
"2015-08-22 00:00:00","0","1","2","11","0","4","1","0","7","0","316","1","24","48","0","0","5","3","34","58","3418"
"2015-08-23 00:00:00","0","3","2","5","0","5","2","1","6","0","362","1","24","49","5","0","3","3","29","62","3509"
"2015-08-24 00:00:00","0","4","2","8","0","3","2","2","7","0","350","0","24","53","9","0","10","2","39","77","6694"
"2015-08-25 00:00:00","0","5","11","10","0","4","3","1","7","0","397","1","33","53","5","0","7","4","59","83","7243"
"2015-08-26 00:00:00","0","1","5","8","0","0","5","3","4","0","365","0","35","65","2","0","10","1","59","73","7219"
"2015-08-27 00:00:00","0","9","3","6","0","4","3","1","2","0","378","0","28","80","6","0","12","3","38","65","7201"
"2015-08-28 00:00:00","0","6","2","19","0","3","4","6","5","0","362","2","24","59","3","0","5","5","49","65","6200"
"2015-08-29 00:00:00","0","3","2","12","0","5","3","0","1","0","320","0","18","42","3","0","3","5","18","48","3345"
"2015-08-30 00:00:00","0","0","2","4","0","2","1","2","6","0","379","1","20","39","4","0","6","2","34","40","3341"
"2015-08-31 00:00:00","0","2","5","8","0","1","6","1","3","0","367","1","32","57","4","0","7","3","56","49","6328"
"2015-09-01 00:00:00","0","1","4","10","0","2","3","1","1","0","410","0","30","55","10","0","8","7","53","98","6925"
"2015-09-02 00:00:00","0","3","3","12","0","3","5","1","5","0","452","0","33","37","4","0","3","4","48","80","7179"
"2015-09-03 00:00:00","0","1","3","9","0","1","2","3","9","0","426","2","34","51","8","0","11","3","44","78","7097"
"2015-09-04 00:00:00","0","1","3","6","0","3","3","3","4","0","368","2","39","47","8","0","6","4","50","80","6366"
"2015-09-05 00:00:00","0","3","3","7","0","4","2","0","5","0","356","1","22","35","4","0","7","1","25","56","3399"
"2015-09-06 00:00:00","0","5","2","4","0","3","1","1","3","0","376","1","21","66","3","0","0","1","28","50","3530"
"2015-09-07 00:00:00","0","0","1","17","0","3","5","4","5","0","419","0","22","38","5","0","11","4","40","69","5794"
"2015-09-08 00:00:00","0","3","2","8","0","1","3","2","4","0","464","2","34","58","5","0","11","6","54","92","6896"
"2015-09-09 00:00:00","0","2","2","11","0","3","4","3","3","0","484","0","40","66","3","0","9","3","53","69","6955"
"2015-09-10 00:00:00","0","2","3","14","0","0","1","2","5","0","477","1","35","53","5","0","17","5","51","69","7142"
"2015-09-11 00:00:00","0","1","2","6","0","4","4","0","3","0","448","0","33","65","5","0","15","5","58","61","6477"
"2015-09-12 00:00:00","0","2","0","6","0","1","1","2","1","0","418","0","26","39","2","0","7","2","36","66","3511"
"2015-09-13 00:00:00","0","4","3","11","0","2","4","3","1","0","479","0","20","53","4","0","5","6","34","41","3439"
"2015-09-14 00:00:00","0","7","1","12","0","3","2","1","5","0","479","0","30","52","5","0","8","0","54","62","6541"
"2015-09-15 00:00:00","0","5","4","17","0","4","1","2","6","0","495","2","30","57","8","0","7","3","55","66","7064"
"2015-09-16 00:00:00","0","1","1","10","0","3","1","5","4","0","528","1","39","46","6","0","8","1","62","80","7465"
"2015-09-17 00:00:00","0","4","1","10","0","4","4","1","4","0","497","0","33","50","7","0","13","2","61","85","6838"
"2015-09-18 00:00:00","0","3","1","13","0","2","4","3","2","0","428","0","25","52","3","0","7","2","52","66","6653"
"2015-09-19 00:00:00","0","2","0","10","0","0","2","0","2","0","407","0","29","57","4","0","3","3","34","54","3678"
"2015-09-20 00:00:00","0","1","0","7","0","1","1","4","4","0","472","0","21","54","5","0","6","2","45","53","3580"
"2015-09-21 00:00:00","0","3","2","15","0","6","4","1","5","0","476","0","33","50","7","0","14","5","56","84","6710"
"2015-09-22 00:00:00","0","4","1","10","0","4","3","0","3","0","522","0","43","42","3","0","15","3","68","65","7248"
"2015-09-23 00:00:00","0","1","2","15","0","1","6","1","10","0","559","1","42","67","5","0","11","2","50","73","7034"
"2015-09-24 00:00:00","0","3","1","7","0","0","5","1","5","0","462","0","33","62","4","0","8","4","69","87","6848"
"2015-09-25 00:00:00","0","3","2","14","0","3","7","1","2","0","450","0","34","50","6","0","8","5","57","73","6089"
"2015-09-26 00:00:00","0","5","1","9","0","2","1","4","2","0","396","3","24","47","1","0","4","4","34","53","3488"
"2015-09-27 00:00:00","0","5","1","14","0","2","0","0","0","0","497","0","21","54","6","0","6","7","36","56","3474"
"2015-09-28 00:00:00","0","5","0","10","0","2","3","3","4","0","448","2","33","59","6","0","4","3","66","75","6327"
"2015-09-29 00:00:00","0","5","0","22","0","3","3","1","5","0","488","0","37","50","5","0","6","1","44","81","7047"
"2015-09-30 00:00:00","0","2","4","11","0","2","8","2","3","0","505","2","27","46","9","0","7","11","77","69","6871"
"2015-10-01 00:00:00","0","1","0","13","0","4","5","2","3","0","469","2","38","55","4","0","7","5","60","75","6779"
"2015-10-02 00:00:00","0","2","3","7","0","2","2","0","6","0","491","3","31","51","1","0","5","0","52","73","6077"
"2015-10-03 00:00:00","0","2","1","9","0","2","2","4","2","0","460","3","23","50","5","0","2","1","36","56","3519"
"2015-10-04 00:00:00","0","8","0","11","0","3","7","3","1","0","512","1","18","43","3","0","6","2","26","60","3444"
"2015-10-05 00:00:00","0","2","2","18","0","2","1","2","5","0","542","0","50","54","8","0","9","8","49","74","6473"
"2015-10-06 00:00:00","0","3","3","14","0","2","7","1","0","0","500","4","50","63","7","0","5","5","65","73","7056"
"2015-10-07 00:00:00","0","2","4","11","0","5","1","2","2","0","589","2","44","70","7","0","8","2","61","70","7487"
"2015-10-08 00:00:00","0","8","0","15","0","7","1","2","8","0","532","1","31","54","6","0","12","5","55","81","7619"
"2015-10-09 00:00:00","0","6","2","8","0","4","6","3","5","0","493","1","34","42","2","0","4","4","38","75","6632"
"2015-10-10 00:00:00","0","2","1","7","0","4","1","5","5","0","482","0","27","55","3","0","6","1","47","54","3613"
"2015-10-11 00:00:00","0","2","0","14","0","1","5","5","3","0","544","0","20","46","4","0","9","1","41","68","3619"
"2015-10-12 00:00:00","0","1","1","19","0","1","5","4","8","0","546","0","31","62","16","0","5","3","44","83","6598"
"2015-10-13 00:00:00","0","8","0","13","0","3","3","1","4","0","572","2","31","52","8","0","9","0","51","78","7214"
"2015-10-14 00:00:00","0","2","1","14","0","3","3","2","5","0","554","0","36","60","6","0","10","4","61","68","7481"
"2015-10-15 00:00:00","0","5","5","16","0","4","5","3","3","0","575","0","36","67","5","0","7","6","55","70","7311"
"2015-10-16 00:00:00","0","9","1","11","0","5","3","2","7","0","487","1","31","52","12","0","5","4","68","73","6577"
"2015-10-17 00:00:00","0","3","1","14","0","5","4","2","1","0","420","1","16","52","8","0","7","4","40","53","3683"
"2015-10-18 00:00:00","0","2","0","13","0","2","0","3","3","0","498","4","18","49","4","0","1","4","28","52","3722"
"2015-10-19 00:00:00","0","7","1","23","0","1","9","0","5","0","555","0","35","59","8","0","11","3","53","72","6918"
"2015-10-20 00:00:00","0","2","2","11","0","3","3","1","5","0","519","1","37","68","6","0","13","2","67","70","7441"
"2015-10-21 00:00:00","0","9","1","13","0","0","7","2","4","0","571","3","33","60","11","0","7","7","54","64","7123"
"2015-10-22 00:00:00","0","3","0","16","0","1","4","1","6","0","533","1","22","58","12","0","6","4","64","72","6967"
"2015-10-23 00:00:00","0","3","0","12","0","4","1","1","3","0","546","0","31","48","3","0","8","6","54","60","6507"
"2015-10-24 00:00:00","0","3","2","10","0","1","3","2","4","0","447","0","24","50","5","0","2","4","26","50","3726"
"2015-10-25 00:00:00","0","7","1","12","0","2","5","2","3","0","505","2","21","53","7","0","7","0","32","62","3733"
"2015-10-26 00:00:00","0","7","1","10","0","3","2","1","6","0","559","3","32","44","9","0","9","1","57","72","6907"
"2015-10-27 00:00:00","0","4","3","13","0","2","3","2","2","0","565","3","26","65","8","0","6","5","58","70","7349"
"2015-10-28 00:00:00","0","7","1","14","0","2","3","2","7","0","556","0","35","81","5","0","10","2","61","74","7390"
"2015-10-29 00:00:00","0","4","0","15","0","1","6","2","3","0","556","2","38","69","8","0","16","8","74","69","7347"
"2015-10-30 00:00:00","0","4","1","10","0","2","5","2","4","0","491","1","31","52","4","0","6","8","56","58","6325"
"2015-10-31 00:00:00","0","2","2","9","0","2","3","0","6","0","472","0","30","77","4","0","5","2","28","64","3514"
"2015-11-01 00:00:00","0","3","1","10","0","1","0","2","7","0","483","1","12","58","3","0","3","3","42","62","3551"
"2015-11-02 00:00:00","0","5","1","6","0","2","4","3","5","0","588","2","29","55","6","0","16","3","59","78","6636"
"2015-11-03 00:00:00","0","3","1","13","0","4","4","1","4","0","609","1","40","71","4","0","11","5","70","54","7173"
"2015-11-04 00:00:00","0","5","2","11","0","2","7","2","6","0","569","0","40","68","3","0","13","5","56","80","7268"
"2015-11-05 00:00:00","0","8","2","17","0","4","4","1","7","0","531","2","36","57","8","0","12","4","59","92","7324"
"2015-11-06 00:00:00","0","5","1","14","0","2","4","2","2","0","508","1","36","42","4","0","18","3","40","62","6521"
"2015-11-07 00:00:00","0","3","1","12","0","6","0","2","2","0","482","1","22","56","4","0","9","2","36","54","3746"
"2015-11-08 00:00:00","0","3","1","12","0","0","3","1","1","0","604","0","18","50","2","0","8","2","54","62","3719"
"2015-11-09 00:00:00","0","1","0","9","0","1","2","2","1","0","567","3","32","50","9","0","7","2","53","60","6489"
"2015-11-10 00:00:00","0","6","2","13","0","2","4","2","7","0","589","2","36","60","6","0","15","3","74","67","7022"
"2015-11-11 00:00:00","0","3","1","14","0","6","6","0","3","0","558","2","36","54","7","0","17","1","66","63","6569"
"2015-11-12 00:00:00","0","0","1","12","0","5","5","3","3","0","562","1","43","63","4","0","11","2","58","58","7003"
"2015-11-13 00:00:00","0","3","3","16","0","5","5","3","2","0","430","2","30","51","7","0","11","3","60","65","6413"
"2015-11-14 00:00:00","0","1","1","10","0","2","3","3","7","0","491","1","22","41","4","0","2","4","38","49","3631"
"2015-11-15 00:00:00","0","2","0","12","0","8","2","3","6","0","554","1","19","65","2","0","6","2","38","45","3813"
"2015-11-16 00:00:00","0","4","2","13","0","4","6","0","5","0","589","1","39","45","5","0","12","2","71","60","6624"
"2015-11-17 00:00:00","0","3","2","10","0","1","4","1","7","0","571","1","32","49","7","0","15","2","75","76","7318"
"2015-11-18 00:00:00","0","5","0","14","0","3","3","2","6","0","548","3","33","69","8","0","20","4","55","57","7597"
"2015-11-19 00:00:00","0","5","5","17","0","2","5","2","6","0","579","0","27","66","7","0","11","5","59","73","7683"
"2015-11-20 00:00:00","0","2","1","13","0","4","3","1","4","0","447","4","36","59","7","0","10","3","52","73","6832"
"2015-11-21 00:00:00","0","2","0","16","0","1","3","2","1","0","417","3","20","52","2","0","11","2","36","45","3805"
"2015-11-22 00:00:00","0","5","2","15","0","0","1","3","4","0","512","3","27","67","7","0","8","3","39","37","3803"
"2015-11-23 00:00:00","0","5","1","11","0","1","3","2","2","0","518","0","35","45","3","0","11","2","61","59","6871"
"2015-11-24 00:00:00","0","3","0","11","0","4","5","1","3","0","536","2","32","38","10","0","12","3","58","68","7381"
"2015-11-25 00:00:00","0","8","1","16","0","1","8","1","8","0","523","0","34","57","3","0","12","2","71","67","7087"
"2015-11-26 00:00:00","0","11","3","10","0","1","4","1","5","0","428","0","22","65","6","0","11","6","56","64","6373"
"2015-11-27 00:00:00","0","4","1","11","0","5","9","2","5","0","419","2","17","65","5","0","8","6","41","66","5539"
"2015-11-28 00:00:00","0","3","0","8","0","0","2","0","5","0","459","0","34","48","5","0","8","3","43","54","3700"
"2015-11-29 00:00:00","0","4","2","7","0","1","2","0","1","0","540","2","25","56","5","0","6","3","33","72","3816"
"2015-11-30 00:00:00","0","7","2","19","0","2","4","0","2","0","537","2","33","51","11","0","11","3","65","87","6646"
"2015-12-01 00:00:00","0","5","1","9","0","2","3","2","3","0","583","1","36","51","9","0","14","6","68","64","7179"
"2015-12-02 00:00:00","0","2","2","13","0","4","7","6","9","0","566","3","18","53","8","0","11","4","74","83","7388"
"2015-12-03 00:00:00","0","3","2","10","0","2","4","0","3","0","514","1","32","52","8","0","11","2","55","74","7444"
"2015-12-04 00:00:00","0","4","1","17","0","3","6","3","6","0","498","1","30","62","4","0","10","1","54","47","6690"
"2015-12-05 00:00:00","0","2","0","15","0","4","3","0","1","0","462","1","17","47","5","0","6","3","37","45","3764"
"2015-12-06 00:00:00","0","3","0","10","0","1","4","4","1","0","554","1","24","46","8","0","9","1","48","43","3924"
"2015-12-07 00:00:00","0","5","1","13","0","5","6","0","7","0","554","0","26","44","10","0","13","4","68","75","6885"
"2015-12-08 00:00:00","0","2","4","9","0","2","4","1","3","0","600","2","37","54","10","0","12","5","77","59","7370"
"2015-12-09 00:00:00","0","1","3","11","0","6","7","2","3","0","578","5","25","61","14","0","18","2","52","60","7331"
"2015-12-10 00:00:00","0","5","1","16","0","2","10","3","4","0","559","1","35","53","3","0","9","3","66","70","7217"
"2015-12-11 00:00:00","0","3","1","13","0","1","9","2","5","0","473","3","36","44","8","0","13","4","59","64","6559"
"2015-12-12 00:00:00","0","1","0","15","0","1","4","0","1","0","430","1","18","45","5","0","3","2","55","45","3802"
"2015-12-13 00:00:00","0","3","0","18","0","3","3","1","3","0","496","2","16","44","10","0","8","5","44","44","3767"
"2015-12-14 00:00:00","0","0","0","11","0","2","7","7","5","0","544","1","27","69","5","0","12","3","53","58","6827"
"2015-12-15 00:00:00","0","8","1","13","0","3","5","2","3","0","538","4","29","55","8","0","7","2","70","70","7377"
"2015-12-16 00:00:00","0","7","0","20","0","2","7","5","4","0","497","2","34","57","8","0","11","6","69","77","7178"
"2015-12-17 00:00:00","0","2","0","11","0","1","5","2","3","0","471","1","31","53","6","0","13","2","65","72","6968"
"2015-12-18 00:00:00","0","1","1","12","0","1","4","3","4","0","413","1","28","55","4","0","12","6","40","60","6039"
"2015-12-19 00:00:00","0","2","0","10","0","4","4","1","0","0","341","0","20","47","2","0","5","1","34","37","3393"
"2015-12-20 00:00:00","0","2","0","9","0","2","2","0","1","0","386","0","21","37","2","0","5","1","36","45","3330"
"2015-12-21 00:00:00","0","3","2","12","0","4","11","0","3","0","380","1","31","50","5","0","11","3","44","56","6163"
"2015-12-22 00:00:00","0","5","1","10","0","3","6","1","4","0","392","0","24","51","8","0","10","6","46","59","6364"
"2015-12-23 00:00:00","0","5","1","7","0","1","2","1","2","0","350","0","26","55","3","0","8","0","38","53","5959"
"2015-12-24 00:00:00","0","2","2","15","0","3","5","1","1","0","297","1","11","49","4","0","7","4","22","40","4159"
"2015-12-25 00:00:00","0","1","2","9","0","0","4","0","3","0","264","1","11","44","1","0","7","2","20","28","2661"
"2015-12-26 00:00:00","0","2","0","8","0","2","4","2","2","0","312","0","24","49","3","0","5","3","25","31","2802"
"2015-12-27 00:00:00","0","1","2","9","0","0","3","1","4","0","333","0","22","50","2","0","6","1","32","36","3058"
"2015-12-28 00:00:00","0","1","3","8","0","0","4","1","6","0","365","1","19","53","3","0","7","3","33","49","5178"
"2015-12-29 00:00:00","0","3","2","14","0","2","0","3","3","0","375","3","25","48","2","0","9","1","49","51","5848"
"2015-12-30 00:00:00","0","4","0","8","0","2","4","4","5","0","390","0","31","64","7","0","9","4","36","41","5599"
"2015-12-31 00:00:00","0","3","0","9","0","3","2","2","2","0","330","0","20","36","6","0","3","1","30","37","4048"
"2016-01-01 00:00:00","0","1","1","4","0","1","3","0","5","0","331","3","19","42","0","0","2","1","14","28","2692"
"2016-01-02 00:00:00","0","3","3","10","0","4","3","0","3","0","409","0","21","47","2","0","8","4","39","74","3306"
"2016-01-03 00:00:00","0","2","0","8","0","1","4","2","4","0","421","1","27","60","2","0","3","4","27","55","3500"
"2016-01-04 00:00:00","0","5","0","15","0","2","9","5","8","0","402","2","32","56","4","0","8","0","52","60","6036"
"2016-01-05 00:00:00","0","4","1","12","0","3","6","2","6","0","414","0","25","60","6","0","13","1","58","76","6739"
"2016-01-06 00:00:00","0","5","0","11","0","2","4","0","1","0","415","0","39","73","7","0","9","2","57","74","6928"
"2016-01-07 00:00:00","0","6","1","19","0","1","13","4","10","0","371","3","34","55","6","0","11","4","37","64","7092"
"2016-01-08 00:00:00","0","4","2","13","0","1","4","2","4","0","410","2","30","61","3","0","7","2","46","63","6511"
"2016-01-09 00:00:00","0","3","1","9","0","0","4","0","2","0","398","1","21","62","3","0","10","3","29","43","3834"
"2016-01-10 00:00:00","0","5","3","10","0","1","6","1","1","0","435","0","13","48","4","0","11","0","34","55","3808"
"2016-01-11 00:00:00","0","5","5","11","0","4","10","4","6","0","389","0","31","65","7","0","21","5","47","62","6842"
"2016-01-12 00:00:00","0","7","1","12","0","5","6","2","3","0","443","3","32","84","5","0","20","2","59","73","7274"
"2016-01-13 00:00:00","0","5","2","13","0","2","2","3","5","0","464","0","31","76","6","0","17","5","60","63","7432"
"2016-01-14 00:00:00","0","5","1","14","0","3","5","3","3","0","432","0","31","74","7","0","17","4","54","69","7254"
"2016-01-15 00:00:00","0","3","1","14","0","0","2","4","6","0","378","1","27","65","7","0","9","1","52","52","6338"
"2016-01-16 00:00:00","0","1","1","9","0","1","2","1","3","0","349","0","21","58","4","0","12","1","45","49","3702"
"2016-01-17 00:00:00","0","1","0","12","0","1","5","2","5","0","415","2","14","57","4","0","9","2","40","43","3868"
"2016-01-18 00:00:00","0","4","2","21","0","2","4","2","3","0","427","3","31","79","6","0","15","4","51","78","6794"
"2016-01-19 00:00:00","0","4","2","7","0","1","12","7","8","0","418","3","30","54","6","0","25","2","56","78","7206"
"2016-01-20 00:00:00","0","9","2","10","0","2","4","4","6","0","493","1","21","61","4","0","14","3","65","64","7706"
"2016-01-21 00:00:00","0","9","2","7","0","1","9","5","4","0","484","2","29","70","5","0","18","6","79","70","7440"
"2016-01-22 00:00:00","0","8","4","14","0","5","4","1","4","0","425","2","25","64","4","0","9","4","52","64","6828"
"2016-01-23 00:00:00","0","6","2","10","0","3","6","4","5","0","408","0","26","54","4","0","6","2","43","43","3999"
"2016-01-24 00:00:00","0","5","2","23","0","1","2","2","1","0","459","0","23","56","4","0","9","2","34","55","3975"
"2016-01-25 00:00:00","0","6","4","13","0","3","11","2","4","0","489","1","37","77","12","0","21","1","68","59","7003"
"2016-01-26 00:00:00","0","7","1","16","0","2","7","5","4","0","471","1","26","76","7","0","13","7","47","68","6984"
"2016-01-27 00:00:00","0","1","1","11","0","4","10","4","3","0","463","1","31","65","11","0","13","4","58","79","7711"
"2016-01-28 00:00:00","0","1","2","13","0","3","2","3","6","0","468","1","37","71","8","0","17","4","63","77","7577"
"2016-01-29 00:00:00","0","4","3","9","0","5","4","2","5","0","453","3","28","63","4","0","14","4","59","68","6852"
"2016-01-30 00:00:00","0","6","0","19","0","0","4","1","5","0","417","0","15","62","4","0","15","0","32","57","3863"
"2016-01-31 00:00:00","0","2","0","13","0","1","3","1","0","0","480","0","22","66","3","0","8","6","34","69","3923"
"2016-02-01 00:00:00","0","8","1","10","0","3","8","8","8","0","523","1","37","77","8","0","22","1","63","77","6946"
"2016-02-02 00:00:00","0","9","3","17","0","3","6","4","5","0","500","2","29","65","3","0","11","6","55","70","7502"
"2016-02-03 00:00:00","0","5","3","17","0","1","3","3","5","0","474","3","36","79","6","0","8","7","55","65","7738"
"2016-02-04 00:00:00","0","3","2","17","0","6","3","5","5","0","501","2","32","79","6","0","16","6","50","69","7581"
"2016-02-05 00:00:00","0","12","0","9","0","1","4","3","11","0","489","1","39","50","11","0","12","7","54","81","6814"
"2016-02-06 00:00:00","0","10","0","19","0","5","5","0","6","0","439","1","18","64","5","0","6","4","27","63","3931"
"2016-02-07 00:00:00","0","4","4","13","0","6","8","0","1","0","464","1","25","53","3","0","9","1","34","48","4004"
"2016-02-08 00:00:00","0","8","2","15","0","2","6","1","6","0","499","2","30","74","5","0","16","0","50","70","6609"
"2016-02-09 00:00:00","0","6","4","10","0","4","10","2","4","0","521","1","45","74","7","0","13","4","55","75","7291"
"2016-02-10 00:00:00","0","8","0","12","0","3","6","2","5","0","486","1","25","69","10","0","17","4","52","70","7642"
"2016-02-11 00:00:00","0","4","3","7","0","1","10","4","8","0","479","0","37","85","7","0","26","9","50","76","7839"
"2016-02-12 00:00:00","0","14","3","10","0","1","7","2","5","0","460","3","31","94","4","0","17","1","51","77","6817"
"2016-02-13 00:00:00","0","5","2","16","0","1","2","0","7","0","386","0","19","68","5","0","12","3","42","58","3941"
"2016-02-14 00:00:00","0","8","1","12","0","3","1","3","4","0","417","0","19","76","5","0","17","0","42","52","3768"
"2016-02-15 00:00:00","0","4","2","18","0","2","4","1","2","0","483","1","21","73","7","0","10","2","51","70","7011"
"2016-02-16 00:00:00","0","7","2","20","0","6","3","1","5","0","470","1","37","102","8","0","22","5","63","78","7720"
"2016-02-17 00:00:00","0","8","1","16","0","1","8","4","5","0","555","1","34","79","7","0","24","4","63","70","7941"
"2016-02-18 00:00:00","0","7","3","18","0","0","6","2","6","0","546","4","33","70","4","0","14","3","71","82","7951"
"2016-02-19 00:00:00","0","4","3","12","0","2","5","1","3","0","452","1","27","72","9","0","14","4","67","56","7072"
"2016-02-20 00:00:00","0","4","4","14","0","2","3","3","7","0","429","2","21","68","6","0","9","3","50","66","4204"
"2016-02-21 00:00:00","0","2","1","16","0","4","7","4","3","0","508","0","35","52","9","0","10","0","49","47","4212"
"2016-02-22 00:00:00","0","3","0","13","0","1","2","3","6","0","539","1","30","69","12","0","12","3","61","65","7286"
"2016-02-23 00:00:00","0","4","3","19","0","0","4","1","4","0","479","0","38","68","8","0","19","6","61","91","7795"
"2016-02-24 00:00:00","0","4","0","12","0","3","3","5","5","0","521","0","24","65","12","0","21","4","67","72","7985"
"2016-02-25 00:00:00","0","3","2","15","0","3","7","0","12","0","522","1","29","79","11","0","16","6","78","91","8153"
"2016-02-26 00:00:00","0","5","2","8","0","3","5","3","4","0","437","1","27","69","10","0","18","4","75","80","7231"
"2016-02-27 00:00:00","0","3","2","12","0","1","4","1","1","0","409","2","23","55","4","0","11","2","35","50","4189"
"2016-02-28 00:00:00","0","4","1","17","0","3","2","1","2","0","475","1","30","60","7","0","8","2","41","55","4081"
"2016-02-29 00:00:00","0","3","2","28","0","3","3","0","7","0","463","1","24","65","5","0","18","3","71","79","7097"
"2016-03-01 00:00:00","0","5","1","18","0","1","8","4","8","0","503","1","25","60","5","0","21","1","74","85","7601"
"2016-03-02 00:00:00","0","3","4","16","0","2","10","1","5","0","502","0","33","66","4","0","12","7","60","67","7970"
"2016-03-03 00:00:00","0","8","4","14","0","2","8","1","11","0","506","4","33","54","8","0","17","2","59","71","8164"
"2016-03-04 00:00:00","0","11","2","19","0","4","7","0","7","0","449","3","33","64","7","0","16","4","58","63","7176"
"2016-03-05 00:00:00","0","2","0","12","0","1","7","1","4","0","439","0","24","59","7","0","10","4","36","57","4212"
"2016-03-06 00:00:00","0","5","1","12","0","2","11","1","4","0","464","0","22","62","4","0","7","5","41","55","4003"
"2016-03-07 00:00:00","0","4","3","16","0","3","5","6","7","0","469","3","38","60","8","0","21","0","51","80","7203"
"2016-03-08 00:00:00","0","5","2","9","0","1","4","1","7","0","498","0","36","59","6","0","19","5","70","71","7908"
"2016-03-09 00:00:00","0","4","3","20","0","2","8","1","4","0","547","1","39","59","7","0","13","3","59","62","7850"
"2016-03-10 00:00:00","0","8","4","17","0","1","13","4","7","0","498","0","40","70","7","0","26","4","59","72","7842"
"2016-03-11 00:00:00","0","3","2","15","0","2","7","0","10","0","457","1","21","59","6","0","10","1","49","61","7064"
"2016-03-12 00:00:00","0","2","0","16","0","2","5","1","2","0","445","0","17","46","6","0","11","2","35","55","4002"
"2016-03-13 00:00:00","0","1","2","12","0","2","2","1","4","0","472","1","21","52","6","0","15","4","42","55","4037"
"2016-03-14 00:00:00","0","6","1","21","0","3","10","1","6","0","498","2","36","47","6","0","15","1","75","82","7308"
"2016-03-15 00:00:00","0","4","3","12","0","1","3","0","3","0","530","0","32","72","9","0","14","1","71","69","7761"
"2016-03-16 00:00:00","0","6","2","15","0","2","6","6","8","0","513","2","29","64","10","0","21","5","56","63","7923"
"2016-03-17 00:00:00","0","1","1","10","0","0","6","5","10","0","511","0","34","50","5","0","18","2","65","73","7742"
"2016-03-18 00:00:00","0","9","1","13","0","1","3","2","9","0","400","2","22","60","8","0","24","5","73","55","6839"
"2016-03-19 00:00:00","0","4","0","12","0","1","4","0","5","0","429","1","26","36","3","0","16","5","43","64","3821"
"2016-03-20 00:00:00","0","2","1","12","0","1","7","1","6","0","476","2","24","38","3","0","6","4","47","53","3909"
"2016-03-21 00:00:00","0","4","2","19","0","3","4","2","7","0","515","1","19","68","8","0","9","1","70","67","7210"
"2016-03-22 00:00:00","0","4","1","11","0","2","5","2","12","0","490","0","25","62","8","0","18","4","78","63","7515"
"2016-03-23 00:00:00","0","3","2","21","0","5","11","1","3","0","488","3","36","58","6","0","15","4","67","65","7492"
"2016-03-24 00:00:00","0","4","2","15","0","0","7","4","6","0","474","1","34","68","3","0","16","2","72","58","6675"
"2016-03-25 00:00:00","0","4","1","13","0","1","6","2","1","0","487","1","23","43","3","0","11","3","60","56","5642"
"2016-03-26 00:00:00","0","3","2","13","0","0","3","2","2","0","434","0","23","39","2","0","7","1","54","58","3807"
"2016-03-27 00:00:00","0","2","0","15","0","2","3","1","2","0","448","1","19","51","9","0","5","3","48","43","3700"
"2016-03-28 00:00:00","0","5","0","22","0","2","5","2","7","0","519","0","16","52","4","0","10","5","60","66","6093"
"2016-03-29 00:00:00","0","5","3","15","0","0","4","2","4","0","520","1","43","58","5","0","12","5","88","65","7646"
"2016-03-30 00:00:00","0","2","2","17","0","5","5","0","5","0","497","4","27","59","8","0","13","5","54","91","7781"
"2016-03-31 00:00:00","0","2","2","17","0","3","8","3","4","0","525","1","33","67","4","0","10","2","77","71","7654"
"2016-04-01 00:00:00","0","7","0","17","0","3","5","2","4","0","462","1","24","57","8","0","7","6","61","73","6937"
"2016-04-02 00:00:00","0","3","0","12","0","3","2","2","1","0","432","0","22","53","6","0","8","4","47","55","3943"
"2016-04-03 00:00:00","0","6","1","14","0","1","4","0","2","0","464","1","28","51","11","0","7","1","41","50","4077"
"2016-04-04 00:00:00","0","3","1","16","0","3","4","1","6","0","535","2","33","65","8","0","11","4","60","71","7095"
"2016-04-05 00:00:00","0","1","2","21","0","4","7","2","9","0","509","1","31","71","6","0","17","2","67","69","7817"
"2016-04-06 00:00:00","0","9","1","19","0","1","8","3","6","0","519","1","40","65","6","0","7","1","67","65","8002"
"2016-04-07 00:00:00","0","3","2","15","0","3","5","1","6","0","502","1","47","61","6","0","9","4","71","72","8035"
"2016-04-08 00:00:00","0","7","2","18","0","2","3","2","5","0","466","2","41","64","4","0","8","7","51","74","7058"
"2016-04-09 00:00:00","0","2","0","11","0","2","1","0","4","0","440","0","24","69","5","0","4","6","44","58","4157"
"2016-04-10 00:00:00","0","1","2","12","0","4","6","0","4","0","488","1","17","70","2","0","7","3","39","53","4034"
"2016-04-11 00:00:00","0","3","0","13","0","4","7","3","2","0","553","0","35","67","9","0","11","1","61","75","7478"
"2016-04-12 00:00:00","0","3","0","17","0","3","11","2","3","0","534","0","43","69","13","0","10","2","85","78","7930"
"2016-04-13 00:00:00","0","4","2","13","0","2","6","1","7","0","544","1","40","64","7","0","18","4","73","70","8154"
"2016-04-14 00:00:00","0","5","2","10","0","2","7","1","2","0","530","0","42","62","10","0","8","4","64","66","7841"
"2016-04-15 00:00:00","0","5","1","11","0","3","9","1","5","0","441","0","34","71","2","0","8","4","58","69","7252"
"2016-04-16 00:00:00","0","9","3","12","0","1","4","2","2","0","449","3","34","58","8","0","4","3","33","59","4052"
"2016-04-17 00:00:00","0","1","3","13","0","1","1","1","4","0","536","0","21","58","4","0","5","1","40","55","3984"
"2016-04-18 00:00:00","0","1","2","17","0","2","6","1","5","0","525","0","43","62","8","0","7","2","68","73","7442"
"2016-04-19 00:00:00","0","6","7","11","0","2","6","0","10","0","558","1","33","69","4","0","10","5","77","75","8139"
"2016-04-20 00:00:00","0","2","1","17","0","1","13","5","3","0","537","1","43","67","6","0","10","4","70","72","8243"
"2016-04-21 00:00:00","0","2","0","17","0","3","6","3","5","0","505","0","39","75","11","0","20","2","77","78","8022"
"2016-04-22 00:00:00","0","5","1","15","0","0","6","3","7","0","467","1","29","63","6","0","15","8","57","75","7108"
"2016-04-23 00:00:00","0","2","0","14","0","2","2","4","3","0","388","1","27","57","7","0","8","3","37","61","4070"
"2016-04-24 00:00:00","0","2","1","19","0","3","8","1","4","0","481","1","23","71","6","0","8","4","39","65","3972"
"2016-04-25 00:00:00","0","4","1","16","0","1","7","3","4","0","493","2","27","68","7","0","24","10","55","68","7356"
"2016-04-26 00:00:00","0","6","2","16","0","3","6","2","6","0","569","3","26","68","6","0","18","5","61","73","7986"
"2016-04-27 00:00:00","0","4","1","24","0","3","9","1","7","0","545","0","39","63","10","0","15","3","69","73","7931"
"2016-04-28 00:00:00","0","0","5","25","0","3","9","1","6","0","519","2","29","79","5","0","16","6","65","72","7831"
"2016-04-29 00:00:00","0","5","0","15","0","2","7","5","6","0","439","1","41","65","8","0","14","1","56","67","6905"
"2016-04-30 00:00:00","0","2","2","24","0","1","2","3","3","0","451","2","24","58","7","0","7","1","44","48","3900"
"2016-05-01 00:00:00","0","5","2","20","0","2","3","1","2","0","502","1","24","62","5","0","7","3","38","55","3742"
"2016-05-02 00:00:00","0","4","1","14","0","3","6","2","5","0","504","2","24","53","10","0","13","2","54","69","6393"
"2016-05-03 00:00:00","0","3","0","16","0","2","9","3","5","0","571","0","26","69","11","0","14","5","69","80","7392"
"2016-05-04 00:00:00","0","5","1","12","0","2","5","0","6","0","469","3","30","55","7","0","10","2","66","77","7685"
"2016-05-05 00:00:00","0","4","1","19","0","2","4","0","1","0","535","0","26","75","10","0","12","0","65","49","6931"
"2016-05-06 00:00:00","0","4","4","16","0","3","6","4","5","0","474","3","34","66","7","0","10","1","45","76","6520"
"2016-05-07 00:00:00","0","3","2","15","0","2","5","1","6","0","437","0","17","52","5","0","9","3","39","56","3707"
"2016-05-08 00:00:00","0","6","2","13","0","4","4","2","4","0","446","2","20","61","3","0","10","2","48","53","3560"
"2016-05-09 00:00:00","0","4","3","11","0","7","8","1","2","0","502","2","25","52","4","0","11","1","67","73","6753"
"2016-05-10 00:00:00","0","3","2","13","0","3","4","1","5","0","485","2","31","48","4","0","18","3","59","68","7539"
"2016-05-11 00:00:00","0","1","3","14","0","0","5","1","6","0","505","0","36","48","10","0","13","0","60","85","7654"
"2016-05-12 00:00:00","0","4","2","9","0","3","8","5","5","0","473","0","39","65","5","0","12","2","54","71","7741"
"2016-05-13 00:00:00","0","2","1","16","0","3","19","2","6","0","435","0","32","50","7","0","11","1","56","63","6891"
"2016-05-14 00:00:00","0","3","0","14","0","3","6","1","5","0","406","0","21","54","7","0","8","3","35","53","3757"
"2016-05-15 00:00:00","0","2","2","17","0","1","2","2","3","0","422","2","20","65","10","0","5","0","36","52","3762"
"2016-05-16 00:00:00","0","6","1","17","0","6","2","0","2","0","480","1","39","50","9","0","17","4","68","51","6380"
"2016-05-17 00:00:00","0","4","4","13","0","1","7","0","4","0","470","2","31","54","6","0","11","2","62","79","7380"
"2016-05-18 00:00:00","0","7","1","7","0","4","4","1","7","0","477","1","46","57","12","0","19","3","70","63","7616"
"2016-05-19 00:00:00","0","2","1","7","0","1","4","1","3","0","462","0","28","59","13","0","10","5","56","76","7705"
"2016-05-20 00:00:00","0","6","3","14","0","4","7","3","8","0","429","0","33","45","5","0","11","3","62","65","6763"
"2016-05-21 00:00:00","0","2","3","12","0","1","1","2","0","0","414","0","27","40","5","0","1","0","35","43","3665"
"2016-05-22 00:00:00","0","2","1","11","0","0","1","3","5","0","442","0","18","57","7","0","10","1","54","37","3776"
"2016-05-23 00:00:00","0","3","2","14","0","0","5","6","5","0","437","0","25","54","14","0","10","4","66","55","6954"
"2016-05-24 00:00:00","0","4","4","17","0","2","5","3","4","0","475","1","25","54","11","0","9","5","66","81","7534"
"2016-05-25 00:00:00","0","3","5","12","0","1","5","0","4","0","470","0","29","57","11","0","7","2","77","78","7620"
"2016-05-26 00:00:00","0","2","3","17","0","2","6","1","5","0","460","3","30","60","7","0","12","2","61","74","7445"
"2016-05-27 00:00:00","0","2","0","17","0","3","6","2","7","0","444","2","23","37","6","0","15","3","50","56","6547"
"2016-05-28 00:00:00","0","0","3","11","0","2","5","0","5","0","399","4","17","49","2","0","7","3","33","57","3402"
"2016-05-29 00:00:00","0","6","1","14","0","1","5","2","3","0","396","0","12","56","9","0","4","3","39","47","3612"
"2016-05-30 00:00:00","0","5","3","8","0","2","3","1","7","0","429","1","25","54","7","0","11","3","53","79","6131"
"2016-05-31 00:00:00","0","2","4","9","0","1","2","2","6","0","451","1","28","51","6","0","12","5","69","67","7114"
"2016-06-01 00:00:00","0","9","1","14","0","0","5","2","3","0","481","2","34","57","12","0","17","2","65","59","7340"
"2016-06-02 00:00:00","0","1","5","8","0","2","2","3","7","0","463","1","33","57","8","0","10","5","57","63","7483"
"2016-06-03 00:00:00","0","3","1","12","0","7","7","2","3","0","436","1","33","54","9","0","15","3","56","57","6644"
"2016-06-04 00:00:00","0","4","2","9","0","3","3","2","4","0","405","0","18","30","4","0","4","3","31","51","3414"
"2016-06-05 00:00:00","0","7","0","7","0","1","8","1","6","0","465","0","22","54","9","0","11","0","40","41","3414"
"2016-06-06 00:00:00","0","2","1","15","0","4","3","3","2","0","436","0","29","51","5","0","27","3","65","73","6714"
"2016-06-07 00:00:00","0","4","3","16","0","4","7","0","7","0","472","0","26","54","8","0","20","0","64","63","7370"
"2016-06-08 00:00:00","0","2","1","9","0","4","6","4","2","0","434","0","21","54","5","0","19","3","53","75","7563"
"2016-06-09 00:00:00","0","6","4","15","0","2","7","2","3","0","409","1","29","60","11","0","22","1","65","76","7503"
"2016-06-10 00:00:00","0","6","3","15","0","1","6","6","3","0","377","0","32","47","12","0","10","3","85","60","6561"
"2016-06-11 00:00:00","0","2","1","7","0","1","3","2","0","0","351","0","19","54","6","0","2","3","35","57","3402"
"2016-06-12 00:00:00","0","3","0","7","0","3","6","1","4","0","393","1","23","63","6","0","3","2","37","52","3387"
"2016-06-13 00:00:00","0","4","2","6","0","0","5","2","3","0","443","1","36","48","2","0","15","4","49","68","6727"
"2016-06-14 00:00:00","0","3","2","16","0","2","2","3","7","0","474","1","25","65","8","0","24","3","50","61","7455"
"2016-06-15 00:00:00","0","9","6","16","0","2","8","2","5","0","480","0","41","57","7","0","21","4","65","76","7640"
"2016-06-16 00:00:00","0","4","2","13","0","2","9","0","3","0","425","1","42","48","7","0","19","1","62","86","7429"
"2016-06-17 00:00:00","0","4","3","8","0","0","6","3","5","0","391","2","27","61","11","0","12","5","49","55","6606"
"2016-06-18 00:00:00","0","2","0","7","0","0","4","2","9","0","369","0","19","50","4","0","10","3","28","44","3388"
"2016-06-19 00:00:00","0","2","3","4","0","4","5","4","3","0","425","0","17","39","5","0","10","2","41","58","3380"
"2016-06-20 00:00:00","0","0","2","11","0","3","9","3","2","0","405","2","31","55","4","0","16","0","56","67","6605"
"2016-06-21 00:00:00","0","7","1","8","0","0","7","3","5","0","405","0","26","59","7","0","14","6","59","72","7523"
"2016-06-22 00:00:00","0","3","2","11","0","1","9","5","5","0","405","1","27","62","7","0","13","3","58","73","7601"
"2016-06-23 00:00:00","0","4","1","9","0","5","4","3","3","0","418","0","48","61","4","0","15","8","53","73","7493"
"2016-06-24 00:00:00","0","4","1","11","0","3","7","5","2","0","350","1","18","58","7","0","12","3","55","56","6276"
"2016-06-25 00:00:00","0","4","2","4","0","1","3","0","4","0","347","0","23","38","3","0","8","0","39","40","3272"
"2016-06-26 00:00:00","0","7","3","10","0","2","4","3","3","0","360","0","14","35","7","0","5","2","41","37","3251"
"2016-06-27 00:00:00","0","4","5","10","0","1","5","2","7","0","365","0","28","51","4","0","14","1","57","72","6704"
"2016-06-28 00:00:00","0","5","1","11","0","1","10","4","6","0","401","1","30","48","10","0","19","8","57","68","7430"
"2016-06-29 00:00:00","0","1","1","14","0","2","5","7","4","0","360","0","36","44","3","0","15","2","65","73","7659"
"2016-06-30 00:00:00","0","0","2","14","0","3","5","4","2","0","391","0","31","54","5","0","11","5","64","77","7355"
"2016-07-01 00:00:00","0","2","1","9","0","2","11","4","2","0","341","0","19","50","2","0","7","5","63","56","6346"
"2016-07-02 00:00:00","0","1","2","10","0","1","3","0","1","0","277","0","20","34","2","0","9","3","23","36","3240"
"2016-07-03 00:00:00","0","1","0","8","0","2","3","5","0","0","312","0","20","53","1","0","6","2","50","61","3147"
"2016-07-04 00:00:00","0","1","1","9","0","2","8","3","4","0","361","1","32","50","2","0","18","5","42","63","5818"
"2016-07-05 00:00:00","0","10","1","9","0","1","7","5","2","0","381","3","23","68","5","0","14","4","61","62","6785"
"2016-07-06 00:00:00","0","2","5","13","0","3","7","3","7","0","411","0","34","49","4","0","15","3","47","52","6772"
"2016-07-07 00:00:00","0","7","2","10","0","3","7","2","9","0","342","1","29","64","7","0","17","3","51","54","6982"
"2016-07-08 00:00:00","0","0","1","9","0","1","11","1","4","0","333","1","25","56","2","0","8","2","61","43","6241"
"2016-07-09 00:00:00","0","2","0","11","0","0","4","0","2","0","293","1","10","44","7","0","4","1","34","51","3209"
"2016-07-10 00:00:00","0","2","0","14","0","0","5","2","0","0","294","0","22","44","5","0","6","1","34","47","3196"
"2016-07-11 00:00:00","0","3","1","8","0","1","10","0","6","0","361","1","33","45","7","0","14","6","45","72","6667"
"2016-07-12 00:00:00","0","5","2","6","0","2","10","2","6","0","373","2","22","57","7","0","16","1","76","66","7328"
"2016-07-13 00:00:00","0","3","1","11","0","2","3","0","7","0","360","0","29","50","6","0","16","3","61","53","7390"
"2016-07-14 00:00:00","0","3","0","14","0","3","5","2","3","0","363","0","25","55","5","0","10","5","47","65","7182"
"2016-07-15 00:00:00","0","7","3","9","0","3","12","1","5","0","307","0","25","51","5","0","13","1","61","59","6479"
"2016-07-16 00:00:00","0","4","0","11","0","0","4","2","3","0","300","0","25","46","5","0","8","1","32","56","3174"
"2016-07-17 00:00:00","0","6","0","11","0","0","1","1","6","0","302","0","16","41","1","0","5","2","27","45","3368"
"2016-07-18 00:00:00","0","5","1","12","0","1","10","4","8","0","342","1","32","49","6","0","16","2","48","62","6655"
"2016-07-19 00:00:00","0","7","3","19","0","3","5","5","0","0","370","0","20","71","8","0","17","5","50","54","7219"
"2016-07-20 00:00:00","0","1","4","13","0","7","8","2","3","0","359","1","24","39","9","0","16","4","69","59","7270"
"2016-07-21 00:00:00","0","2","0","14","0","3","12","1","5","0","364","0","32","37","6","0","14","5","61","65","7597"
"2016-07-22 00:00:00","0","2","1","12","0","2","5","7","7","0","313","0","20","53","1","0","14","4","57","52","6539"
"2016-07-23 00:00:00","0","3","0","5","0","3","5","1","2","0","312","0","24","39","8","0","4","0","26","36","3340"
"2016-07-24 00:00:00","0","3","0","6","0","1","2","3","1","0","324","0","22","50","5","0","3","0","39","44","3382"
"2016-07-25 00:00:00","0","1","0","7","0","3","6","1","2","0","361","1","24","49","5","0","20","4","58","57","6775"
"2016-07-26 00:00:00","0","6","0","12","0","5","8","0","4","0","370","0","38","62","9","0","13","4","69","61","7270"
"2016-07-27 00:00:00","0","5","0","7","0","4","10","2","3","0","367","1","30","53","6","0","15","4","72","60","7289"
"2016-07-28 00:00:00","0","5","2","10","0","1","8","1","4","0","331","3","33","56","8","0","17","3","59","63","7453"
"2016-07-29 00:00:00","0","2","2","11","0","2","7","2","1","0","359","1","23","47","11","0","13","5","62","55","6349"
"2016-07-30 00:00:00","0","3","2","6","0","2","4","0","6","0","276","0","18","39","3","0","8","2","28","37","3298"
"2016-07-31 00:00:00","0","3","2","9","0","3","4","1","3","0","309","0","22","41","5","0","5","2","32","44","3150"
"2016-08-01 00:00:00","0","3","2","20","0","1","7","4","3","0","350","0","29","53","8","0","7","4","47","43","6568"
"2016-08-02 00:00:00","67","4","1","11","0","1","4","1","3","0","384","0","32","58","6","0","13","0","64","57","7184"
"2016-08-03 00:00:00","29","5","0","13","0","5","11","1","7","0","370","0","27","52","1","0","12","4","72","62","7408"
"2016-08-04 00:00:00","21","5","1","9","0","4","10","2","5","0","375","1","26","54","9","0","12","4","65","66","7236"
"2016-08-05 00:00:00","12","1","1","18","0","1","13","6","6","0","330","0","22","45","11","0","13","2","49","53","6325"
"2016-08-06 00:00:00","12","0","4","7","0","2","5","3","4","0","257","0","20","39","6","0","2","2","32","37","3223"
"2016-08-07 00:00:00","10","3","1","6","0","1","4","1","6","0","282","0","29","53","3","0","11","2","26","36","3282"
"2016-08-08 00:00:00","4","6","2","8","0","4","12","1","2","0","317","1","17","57","3","0","14","3","59","57","6652"
"2016-08-09 00:00:00","14","10","1","12","0","2","10","4","1","0","376","0","31","48","5","0","8","6","64","61","7103"
"2016-08-10 00:00:00","8","2","2","7","0","1","10","0","6","0","346","0","33","48","3","0","12","4","68","73","7345"
"2016-08-11 00:00:00","11","4","0","7","0","3","5","2","5","0","301","0","28","49","7","0","11","4","49","57","7168"
"2016-08-12 00:00:00","3","5","2","9","0","3","5","2","2","0","327","0","25","52","5","0","13","4","53","65","6292"
"2016-08-13 00:00:00","4","1","0","14","0","1","5","2","0","0","292","1","25","52","4","0","3","3","41","40","3200"
"2016-08-14 00:00:00","4","4","0","8","0","1","4","0","5","0","327","0","31","39","7","0","9","1","39","39","3113"
"2016-08-15 00:00:00","5","7","0","11","0","1","5","3","4","0","356","2","22","46","8","0","6","5","57","65","5565"
"2016-08-16 00:00:00","2","3","3","6","0","1","8","2","6","0","327","2","25","57","5","0","12","6","62","77","6846"
"2016-08-17 00:00:00","4","5","1","8","0","3","6","1","4","0","335","4","24","68","8","0","10","4","88","72","6994"
"2016-08-18 00:00:00","7","2","2","7","0","3","7","0","6","0","337","1","21","49","7","0","15","4","67","63","6878"
"2016-08-19 00:00:00","2","1","2","12","0","0","8","2","5","0","327","1","27","68","6","0","11","5","83","53","6287"
"2016-08-20 00:00:00","0","3","4","9","0","1","7","4","3","0","311","0","21","40","2","0","9","1","36","35","3268"
"2016-08-21 00:00:00","1","3","4","6","0","0","2","2","4","0","326","1","12","54","4","0","6","2","34","48","3215"
"2016-08-22 00:00:00","2","1","2","10","0","4","6","2","2","0","365","1","33","49","3","0","13","3","69","76","6625"
"2016-08-23 00:00:00","2","3","0","8","0","2","7","4","3","0","333","0","34","57","7","0","18","4","61","61","7028"
"2016-08-24 00:00:00","1","8","3","4","0","3","7","4","4","0","371","2","32","60","7","0","11","5","53","67","7124"
"2016-08-25 00:00:00","1","8","2","8","0","1","10","2","1","0","366","2","31","50","6","0","13","5","79","69","7003"
"2016-08-26 00:00:00","0","5","4","15","0","0","9","1","6","0","356","1","23","42","4","0","5","6","66","56","6186"
"2016-08-27 00:00:00","2","3","2","9","0","4","3","2","2","0","300","0","25","41","3","0","9","2","38","38","3291"
"2016-08-28 00:00:00","2","7","4","9","0","2","5","2","2","0","379","0","18","50","1","0","5","2","35","40","3270"
"2016-08-29 00:00:00","3","5","0","15","0","1","6","4","4","0","364","0","27","48","10","0","18","2","67","60","6386"
"2016-08-30 00:00:00","4","7","2","10","0","4","13","4","7","0","390","1","32","68","5","0","6","5","67","76","6857"
"2016-08-31 00:00:00","1","6","0","6","0","2","5","2","5","0","416","2","47","52","4","0","9","2","69","71","6986"
"2016-09-01 00:00:00","1","6","0","5","0","1","3","1","3","0","387","0","28","60","7","0","10","5","71","60","6910"
"2016-09-02 00:00:00","3","5","3","6","0","3","9","1","3","0","371","2","26","52","5","0","11","2","58","41","6154"
"2016-09-03 00:00:00","2","2","2","4","0","0","2","4","2","0","350","1","21","55","6","0","3","2","42","42","3165"
"2016-09-04 00:00:00","2","2","1","10","0","2","2","1","3","0","374","1","21","44","6","0","5","2","37","51","3247"
"2016-09-05 00:00:00","2","5","2","7","0","2","3","0","4","0","416","1","28","59","2","0","11","4","70","56","5222"
"2016-09-06 00:00:00","1","6","1","15","0","3","4","0","6","0","419","0","35","63","7","0","16","5","68","47","6504"
"2016-09-07 00:00:00","3","7","2","13","0","0","4","2","3","0","447","0","30","63","4","0","16","1","57","78","6760"
"2016-09-08 00:00:00","3","4","2","13","0","0","5","1","9","0","392","1","41","67","8","0","12","0","64","76","6693"
"2016-09-09 00:00:00","2","3","4","11","0","3","4","3","3","0","374","3","31","57","5","0","13","1","63","67","6063"
"2016-09-10 00:00:00","8","1","2","7","0","1","1","1","4","0","381","1","22","55","6","0","6","3","35","41","3277"
"2016-09-11 00:00:00","1","4","4","8","0","3","2","2","5","0","383","0","31","45","6","0","8","0","36","49","3195"
"2016-09-12 00:00:00","1","5","5","10","0","1","3","2","2","0","413","1","28","58","6","0","16","2","54","61","5973"
"2016-09-13 00:00:00","1","2","2","11","0","3","12","0","5","0","448","1","28","52","5","0","14","2","84","62","6365"
"2016-09-14 00:00:00","6","4","1","11","0","2","5","1","2","0","454","2","39","52","6","0","9","2","69","73","6589"
"2016-09-15 00:00:00","3","3","1","16","0","3","7","2","4","0","465","0","28","56","4","0","7","6","75","65","6604"
"2016-09-16 00:00:00","0","5","2","13","0","2","7","0","0","0","376","1","22","61","9","0","9","1","49","55","6215"
"2016-09-17 00:00:00","0","1","1","12","0","2","1","1","4","0","358","0","19","49","0","0","11","5","40","44","3549"
"2016-09-18 00:00:00","2","1","2","13","0","1","6","2","4","0","450","1","22","71","8","0","9","0","46","51","3583"
"2016-09-19 00:00:00","0","5","1","10","0","5","8","0","4","0","465","0","24","65","3","0","10","1","67","52","6536"
"2016-09-20 00:00:00","3","4","1","17","0","2","4","3","5","0","467","0","27","69","5","0","13","6","72","63","6974"
"2016-09-21 00:00:00","1","5","0","13","0","2","10","0","5","0","480","1","26","46","3","0","13","2","73","52","7270"
"2016-09-22 00:00:00","0","4","0","13","0","2","7","1","6","0","491","0","30","79","4","0","10","2","80","68","7198"
"2016-09-23 00:00:00","1","4","2","9","0","1","4","2","1","0","420","2","31","51","2","0","4","1","71","74","6469"
"2016-09-24 00:00:00","0","5","0","15","0","0","4","0","4","0","408","1","16","57","6","0","8","5","39","42","3325"
"2016-09-25 00:00:00","1","4","2","12","0","1","5","2","3","0","476","0","24","62","2","0","7","2","54","53","3390"
"2016-09-26 00:00:00","0","3","0","18","0","2","5","2","5","0","484","2","31","61","5","0","10","2","75","72","6638"
"2016-09-27 00:00:00","3","3","3","16","0","5","5","1","2","0","465","1","34","58","3","0","10","4","72","57","7024"
"2016-09-28 00:00:00","0","1","2","10","0","1","7","3","3","0","496","0","34","51","3","0","5","3","70","46","7417"
"2016-09-29 00:00:00","4","2","1","9","0","2","4","0","1","0","537","0","32","63","5","0","9","1","76","62","7120"
"2016-09-30 00:00:00","1","9","2","11","0","3","7","4","2","0","474","0","34","60","6","0","12","1","53","40","6186"
"2016-10-01 00:00:00","2","3","0","11","0","4","0","1","3","0","406","2","24","51","1","0","1","1","41","34","3458"
"2016-10-02 00:00:00","1","3","4","8","0","2","3","0","2","0","499","0","20","66","6","0","6","1","38","46","3309"
"2016-10-03 00:00:00","1","2","5","18","0","4","8","3","10","0","497","1","26","58","2","0","13","0","67","56","6126"
"2016-10-04 00:00:00","1","3","1","10","0","1","7","3","1","0","519","2","25","67","7","0","11","5","76","67","6794"
"2016-10-05 00:00:00","0","4","3","16","0","5","6","1","5","0","524","1","31","61","4","0","15","5","69","68","7123"
"2016-10-06 00:00:00","2","8","4","12","0","1","8","4","3","0","527","2","30","74","4","0","14","5","64","67","6992"
"2016-10-07 00:00:00","1","7","2","14","0","1","3","2","5","0","451","2","31","67","3","0","9","2","58","58","6341"
"2016-10-08 00:00:00","0","1","2","8","0","0","2","2","3","0","472","2","20","66","2","0","9","0","41","44","3606"
"2016-10-09 00:00:00","2","2","1","14","0","3","3","0","3","0","488","1","29","65","2","0","12","4","54","46","3508"
"2016-10-10 00:00:00","2","5","3","17","0","2","4","5","9","0","502","2","27","56","2","0","11","3","52","58","5944"
"2016-10-11 00:00:00","4","2","0","13","0","2","5","2","3","0","500","3","26","64","4","0","8","2","74","58","6444"
"2016-10-12 00:00:00","4","5","2","11","0","1","10","2","7","0","519","0","34","70","6","0","14","4","83","64","6997"
"2016-10-13 00:00:00","2","5","2","14","0","1","5","5","2","0","496","0","38","79","6","0","11","1","70","61","7306"
"2016-10-14 00:00:00","1","5","3","13","0","0","8","3","3","0","470","1","31","73","5","0","7","4","79","55","6527"
"2016-10-15 00:00:00","1","9","2","10","0","0","4","0","3","0","428","0","15","57","3","0","4","3","41","43","3678"
"2016-10-16 00:00:00","1","3","1","16","0","2","3","1","1","0","548","0","20","66","2","0","6","5","54","46","3534"
"2016-10-17 00:00:00","1","3","1","16","0","2","9","1","5","0","516","2","24","72","3","0","9","4","72","54","6626"
"2016-10-18 00:00:00","1","1","1","23","0","0","7","2","5","0","513","1","34","71","10","0","7","2","80","63","7102"
"2016-10-19 00:00:00","1","6","1","20","0","4","7","1","5","0","532","0","33","83","5","0","11","5","76","68","7493"
"2016-10-20 00:00:00","2","6","3","10","0","1","8","4","1","0","486","1","35","60","3","0","13","1","94","63","7278"
"2016-10-21 00:00:00","1","7","2","15","0","3","11","3","3","0","433","1","26","76","4","0","11","4","61","66","6410"
"2016-10-22 00:00:00","1","4","1","18","0","1","2","1","4","0","435","1","17","66","2","0","4","0","51","61","3539"
"2016-10-23 00:00:00","2","2","2","15","0","3","4","2","6","0","516","0","20","66","6","0","8","3","60","61","3439"
"2016-10-24 00:00:00","1","4","0","14","0","5","4","3","8","0","499","2","29","50","8","0","10","4","81","53","6452"
"2016-10-25 00:00:00","0","5","3","19","0","3","2","0","2","0","549","0","35","65","5","0","16","5","73","70","7138"
"2016-10-26 00:00:00","1","3","1","13","0","1","5","3","3","0","546","2","38","56","7","0","18","10","87","71","7087"
"2016-10-27 00:00:00","1","1","3","13","0","2","6","2","0","0","523","0","34","69","5","0","10","7","86","67","7089"
"2016-10-28 00:00:00","0","2","1","9","0","1","4","1","7","0","439","1","32","58","2","0","13","4","68","59","5919"
"2016-10-29 00:00:00","1","4","2","10","0","1","6","1","3","0","391","0","21","45","3","0","9","2","38","46","3263"
"2016-10-30 00:00:00","2","4","1","20","0","0","4","0","4","0","478","1","23","70","2","0","10","1","41","38","3215"
"2016-10-31 00:00:00","2","2","1","14","0","0","5","1","4","0","487","1","30","71","5","0","16","6","64","61","5616"
"2016-11-01 00:00:00","3","3","3","15","0","1","6","3","3","0","503","0","35","69","2","0","14","5","73","59","5872"
"2016-11-02 00:00:00","0","3","1","21","0","3","7","4","5","0","526","0","38","59","14","0","17","0","65","54","6825"
"2016-11-03 00:00:00","0","5","4","28","0","3","5","6","4","0","496","0","35","68","2","0","15","5","76","50","6971"
"2016-11-04 00:00:00","3","5","1","15","0","1","2","4","2","0","479","2","32","61","5","0","5","4","62","57","6222"
"2016-11-05 00:00:00","1","2","2","17","0","1","5","3","8","0","467","1","16","46","2","0","9","1","58","51","3550"
"2016-11-06 00:00:00","5","2","1","14","0","4","14","2","4","0","505","0","19","58","3","0","8","1","51","60","3642"
"2016-11-07 00:00:00","0","5","0","21","0","0","8","3","5","0","516","1","43","55","4","0","17","4","72","78","6699"
"2016-11-08 00:00:00","2","6","1","22","0","0","8","2","5","0","522","0","26","63","4","0","12","9","63","68","6916"
"2016-11-09 00:00:00","2","2","1","19","0","0","6","1","3","0","472","0","18","56","2","0","6","4","70","57","6349"
"2016-11-10 00:00:00","1","4","3","17","0","4","7","2","8","0","499","0","28","53","6","0","19","5","69","54","6878"
"2016-11-11 00:00:00","1","7","1","10","0","1","5","5","3","0","389","2","28","61","4","0","16","2","65","66","6099"
"2016-11-12 00:00:00","0","2","1","23","0","2","5","3","2","0","465","0","20","57","3","0","5","1","51","60","3495"
"2016-11-13 00:00:00","1","3","3","16","0","0","7","2","4","0","513","1","22","47","7","0","7","5","43","57","3498"
"2016-11-14 00:00:00","3","5","1","16","0","2","4","4","5","0","568","2","37","48","2","0","17","4","78","70","6391"
"2016-11-15 00:00:00","0","3","3","11","0","1","13","2","5","0","520","0","37","60","4","0","10","5","61","61","6973"
"2016-11-16 00:00:00","1","4","1","8","0","2","7","3","6","0","591","0","37","50","4","0","8","7","84","74","7181"
"2016-11-17 00:00:00","2","2","0","21","0","0","6","2","7","0","508","0","36","65","6","0","11","3","68","83","7348"
"2016-11-18 00:00:00","1","2","2","13","0","1","9","0","5","0","488","0","28","50","7","0","8","3","44","44","6531"
"2016-11-19 00:00:00","1","5","4","8","0","2","3","3","3","0","419","0","21","45","4","0","5","1","43","46","3655"
"2016-11-20 00:00:00","1","4","0","7","0","2","4","4","5","0","508","1","25","72","4","0","6","1","47","57","3814"
"2016-11-21 00:00:00","1","5","0","13","0","6","7","2","10","0","546","0","33","52","4","0","12","1","55","63","6672"
"2016-11-22 00:00:00","3","5","0","12","0","1","5","2","4","0","486","0","29","70","7","0","11","4","71","70","7056"
"2016-11-23 00:00:00","0","5","1","16","0","0","13","6","4","0","481","2","34","51","9","0","13","4","67","63","7084"
"2016-11-24 00:00:00","0","5","2","11","0","1","9","1","6","0","502","1","22","58","8","0","13","1","50","59","6263"
"2016-11-25 00:00:00","1","4","1","18","0","1","3","1","4","0","446","0","28","71","2","0","4","1","51","48","5625"
"2016-11-26 00:00:00","0","5","1","19","0","1","5","1","7","0","438","0","37","45","1","0","9","2","58","52","3352"
"2016-11-27 00:00:00","1","3","2","18","0","0","5","2","5","0","458","2","21","71","3","0","11","1","52","44","3521"
"2016-11-28 00:00:00","2","6","3","15","0","3","7","1","8","0","528","2","28","70","7","0","10","3","80","57","6514"
"2016-11-29 00:00:00","1","3","1","14","0","3","5","2","8","0","520","0","41","52","5","0","11","2","83","78","7131"
"2016-11-30 00:00:00","2","5","4","17","0","0","7","1","2","0","531","2","35","63","1","0","12","4","94","64","7133"
"2016-12-01 00:00:00","2","4","0","16","0","2","5","3","7","0","529","0","40","59","11","0","9","2","72","73","7167"
"2016-12-02 00:00:00","1","1","2","16","0","2","3","2","3","0","477","4","25","57","1","0","9","3","68","67","6399"
"2016-12-03 00:00:00","2","3","3","22","0","0","0","1","8","0","488","1","25","44","1","0","2","3","46","51","3462"
"2016-12-04 00:00:00","2","5","2","14","0","3","4","1","5","0","522","0","24","53","5","0","5","2","46","46","3580"
"2016-12-05 00:00:00","0","5","1","16","0","3","6","1","7","0","525","3","34","62","6","0","19","4","86","68","6537"
"2016-12-06 00:00:00","0","2","3","12","0","0","7","2","5","0","507","3","32","49","4","0","10","4","79","65","6911"
"2016-12-07 00:00:00","4","5","2","21","0","1","14","4","6","0","538","0","31","73","6","0","21","2","85","76","7189"
"2016-12-08 00:00:00","1","2","2","10","0","1","6","1","5","0","523","0","45","66","9","0","11","1","74","63","6854"
"2016-12-09 00:00:00","0","2","0","18","0","2","4","2","4","0","462","2","26","60","6","0","9","4","84","62","6309"
"2016-12-10 00:00:00","1","3","1","11","0","1","7","3","3","0","410","0","18","62","3","0","6","2","53","58","3419"
"2016-12-11 00:00:00","3","4","0","10","0","0","3","1","7","0","496","1","27","70","4","0","5","1","51","50","3474"
"2016-12-12 00:00:00","0","3","1","16","0","2","9","2","2","0","502","0","25","58","4","0","14","2","86","61","6209"
"2016-12-13 00:00:00","0","6","4","21","0","1","6","2","6","0","540","0","36","60","4","0","11","0","90","60","6753"
"2016-12-14 00:00:00","3","5","1","16","0","3","6","2","8","0","476","3","30","59","7","0","11","2","77","62","6981"
"2016-12-15 00:00:00","1","3","1","17","0","0","4","0","7","0","465","1","30","55","10","0","12","4","79","63","6613"
"2016-12-16 00:00:00","2","4","3","22","0","1","2","1","8","0","392","1","28","56","6","0","11","1","59","49","5990"
"2016-12-17 00:00:00","0","0","0","12","0","0","3","1","6","0","352","2","18","41","5","0","11","1","35","47","3216"
"2016-12-18 00:00:00","2","1","0","14","0","3","6","0","1","0","406","1","19","53","2","0","8","0","54","53","3149"
"2016-12-19 00:00:00","0","6","0","14","0","4","4","2","0","0","407","3","32","64","5","0","9","0","58","63","5916"
"2016-12-20 00:00:00","3","1","0","19","0","1","8","3","4","0","408","1","36","58","4","0","12","3","61","53","6416"
"2016-12-21 00:00:00","6","3","1","16","0","1","4","2","1","0","422","2","25","55","2","0","16","3","63","56","6568"
"2016-12-22 00:00:00","3","4","1","12","0","0","12","0","6","0","346","1","30","82","7","0","14","0","51","56","6172"
"2016-12-23 00:00:00","1","1","0","14","0","0","4","3","2","0","340","0","30","73","1","0","10","2","49","42","4911"
"2016-12-24 00:00:00","0","2","0","14","0","0","1","2","4","0","293","1","17","55","2","0","2","3","26","39","2676"
"2016-12-25 00:00:00","0","1","2","8","0","2","6","3","0","0","308","0","14","61","6","0","7","1","34","38","2414"
"2016-12-26 00:00:00","3","2","2","12","0","1","7","1","1","0","334","1","14","63","4","0","7","0","30","49","3792"
"2016-12-27 00:00:00","1","4","1","14","0","2","4","5","4","0","367","2","31","49","4","0","8","1","46","46","5009"
"2016-12-28 00:00:00","1","5","1","6","0","0","4","2","5","0","382","1","35","61","4","0","11","1","58","70","5493"
"2016-12-29 00:00:00","1","3","2","17","0","0","5","0","4","0","409","1","39","64","3","0","10","2","47","74","5420"
"2016-12-30 00:00:00","5","5","0","15","0","2","2","3","4","0","394","1","24","66","5","0","9","1","44","45","4709"
"2016-12-31 00:00:00","3","4","1","14","0","3","2","1","2","0","318","0","16","49","2","0","5","3","37","29","2609"
"2017-01-01 00:00:00","0","2","2","8","0","0","3","0","1","0","318","0","22","38","2","0","8","1","26","41","2343"
"2017-01-02 00:00:00","2","4","5","18","0","3","3","2","4","0","399","3","33","64","4","0","11","1","50","61","4620"
"2017-01-03 00:00:00","2","3","6","14","0","0","7","2","2","0","480","2","31","61","4","0","6","3","47","66","6128"
"2017-01-04 00:00:00","0","4","3","9","0","1","12","4","3","0","445","2","28","55","5","0","14","2","74","66","6737"
"2017-01-05 00:00:00","0","4","2","10","0","2","10","4","7","0","450","1","31","81","7","0","9","4","59","63","6980"
"2017-01-06 00:00:00","2","5","4","19","0","0","8","0","5","0","460","1","39","56","6","0","11","0","54","53","6076"
"2017-01-07 00:00:00","2","6","2","15","0","2","6","0","5","0","426","1","18","66","1","0","7","0","34","46","3658"
"2017-01-08 00:00:00","1","2","0","15","0","1","11","2","6","0","468","0","28","77","3","0","5","3","39","44","3579"
"2017-01-09 00:00:00","1","4","2","16","0","2","4","3","7","0","494","0","26","64","5","0","12","1","63","58","6383"
"2017-01-10 00:00:00","2","4","4","17","0","2","13","3","3","0","511","0","36","63","2","0","10","0","57","50","6763"
"2017-01-11 00:00:00","3","2","3","20","0","1","7","2","10","0","468","0","37","72","2","0","11","2","72","85","7090"
"2017-01-12 00:00:00","1","3","3","19","0","0","7","3","7","0","486","0","30","70","3","0","13","2","76","68","7072"
"2017-01-13 00:00:00","4","9","4","15","0","1","9","1","8","0","454","0","30","71","6","0","11","2","66","67","6339"
"2017-01-14 00:00:00","2","4","3","22","0","0","4","0","3","0","454","0","26","44","2","0","8","1","46","42","3562"
"2017-01-15 00:00:00","2","0","5","10","0","0","6","3","6","0","469","0","26","63","1","0","8","2","43","51","3634"
"2017-01-16 00:00:00","4","4","1","17","0","2","7","0","6","0","487","1","22","59","5","0","14","5","59","75","6156"
"2017-01-17 00:00:00","1","6","4","20","0","4","6","2","9","0","472","0","27","73","4","0","10","2","69","58","7095"
"2017-01-18 00:00:00","1","1","0","28","0","5","6","3","1","0","498","0","29","68","8","0","11","4","68","51","7104"
"2017-01-19 00:00:00","1","5","3","13","0","1","5","3","8","0","521","0","30","72","6","0","14","2","59","56","7260"
"2017-01-20 00:00:00","0","3","3","19","0","5","5","4","4","0","469","3","24","73","6","0","14","2","48","45","6463"
"2017-01-21 00:00:00","2","1","1","21","0","1","2","1","3","0","433","0","31","54","7","0","8","0","39","48","3586"
"2017-01-22 00:00:00","2","2","3","23","0","1","6","4","3","0","534","0","25","55","11","0","7","2","49","49","3707"
"2017-01-23 00:00:00","2","2","1","19","0","2","5","1","11","0","510","0","34","58","9","0","14","1","65","78","6522"
"2017-01-24 00:00:00","0","0","0","15","0","3","6","4","4","0","520","0","35","73","4","0","13","5","58","61","7132"
"2017-01-25 00:00:00","2","2","1","19","0","1","13","4","6","0","530","2","35","72","3","0","18","6","70","76","7324"
"2017-01-26 00:00:00","1","2","1","23","0","2","8","1","4","0","505","1","32","61","8","0","9","1","78","67","6574"
"2017-01-27 00:00:00","2","3","5","15","0","2","4","6","4","0","480","2","31","67","5","0","13","1","64","68","6218"
"2017-01-28 00:00:00","2","3","1","13","0","1","4","0","5","0","464","2","30","71","4","0","5","1","43","61","3567"
"2017-01-29 00:00:00","2","2","3","23","0","2","3","2","5","0","544","0","32","57","4","0","4","0","44","59","3517"
"2017-01-30 00:00:00","0","6","4","16","0","3","8","3","4","0","535","2","25","64","9","0","8","3","70","74","6603"
"2017-01-31 00:00:00","2","2","2","15","0","1","11","3","2","0","533","1","31","61","4","0","19","3","65","71","7119"
"2017-02-01 00:00:00","0","2","0","20","0","5","5","4","9","0","569","0","28","72","3","0","13","6","83","60","7237"
"2017-02-02 00:00:00","2","2","4","24","0","1","6","1","5","0","568","1","31","72","3","0","15","2","82","70","7179"
"2017-02-03 00:00:00","2","4","3","16","0","1","5","2","10","0","524","0","31","50","6","0","22","4","78","57","6508"
"2017-02-04 00:00:00","1","2","3","15","0","1","4","0","2","0","463","0","25","58","2","0","5","3","36","39","3766"
"2017-02-05 00:00:00","0","4","2","20","0","1","6","1","4","0","538","1","24","59","3","0","7","0","40","51","3673"
"2017-02-06 00:00:00","1","1","1","17","0","4","8","4","6","0","521","0","34","74","5","0","8","2","66","97","6714"
"2017-02-07 00:00:00","4","4","1","22","0","4","7","2","5","0","519","1","36","61","9","0","16","6","87","62","7334"
"2017-02-08 00:00:00","0","5","3","16","0","1","6","4","6","0","578","1","36","74","12","0","15","5","80","68","7622"
"2017-02-09 00:00:00","1","3","5","18","0","1","7","6","2","0","561","1","28","76","8","0","15","6","62","84","7511"
"2017-02-10 00:00:00","1","6","2","17","0","1","9","4","2","0","487","0","39","82","4","0","10","3","66","58","6836"
"2017-02-11 00:00:00","2","0","2","14","0","5","5","2","5","0","458","0","28","82","1","0","11","1","46","56","3776"
"2017-02-12 00:00:00","0","3","1","14","0","2","3","7","5","0","522","0","24","82","6","0","12","3","49","57","3780"
"2017-02-13 00:00:00","1","6","2","20","0","1","10","2","6","0","555","1","35","75","4","0","10","3","66","72","6729"
"2017-02-14 00:00:00","0","5","2","20","0","2","7","3","7","0","525","0","29","53","7","0","8","7","73","72","7124"
"2017-02-15 00:00:00","2","7","0","13","0","3","9","3","3","0","527","1","40","77","9","0","11","3","72","68","7590"
"2017-02-16 00:00:00","1","1","4","13","0","3","8","0","2","0","553","1","32","73","8","0","18","6","81","70","7798"
"2017-02-17 00:00:00","1","7","0","16","0","0","6","6","7","0","500","0","29","69","7","0","17","1","66","53","7062"
"2017-02-18 00:00:00","2","3","1","14","0","4","5","1","4","0","442","1","31","53","5","0","8","2","49","55","3974"
"2017-02-19 00:00:00","1","0","2","16","0","1","4","1","8","0","501","0","20","71","2","0","9","1","50","49","3883"
"2017-02-20 00:00:00","0","4","0","18","0","3","5","3","10","0","578","1","28","78","6","0","14","3","64","64","6994"
"2017-02-21 00:00:00","0","1","3","17","0","3","10","3","3","0","576","1","34","80","11","0","17","5","96","85","7605"
"2017-02-22 00:00:00","3","6","3","18","0","2","9","5","5","0","552","0","24","83","5","0","15","1","63","76","7656"
"2017-02-23 00:00:00","2","10","2","15","0","4","13","4","5","0","535","1","37","68","6","0","18","4","84","66","7572"
"2017-02-24 00:00:00","1","8","4","16","0","3","6","1","2","0","499","1","42","86","5","0","9","2","74","74","6892"
"2017-02-25 00:00:00","4","3","1","15","0","5","7","2","2","0","498","1","27","64","9","0","10","1","45","50","4024"
"2017-02-26 00:00:00","2","5","1","17","0","5","10","1","10","0","527","0","30","58","4","0","7","0","59","44","4051"
"2017-02-27 00:00:00","0","1","1","24","0","2","14","0","7","0","523","0","29","54","5","0","20","3","71","67","7088"
"2017-02-28 00:00:00","2","3","1","24","0","8","9","2","8","0","536","2","34","63","7","0","17","3","87","81","7239"
"2017-03-01 00:00:00","2","5","1","19","0","1","9","1","10","0","586","1","42","71","10","0","14","3","79","64","7548"
"2017-03-02 00:00:00","1","2","4","15","0","5","11","4","6","0","561","1","46","87","4","0","15","1","71","63","7576"
"2017-03-03 00:00:00","3","1","5","14","0","1","7","2","5","0","536","2","41","67","7","0","9","2","75","52","6922"
"2017-03-04 00:00:00","3","3","1","9","0","0","4","1","2","0","459","0","29","62","5","0","9","3","49","45","3855"
"2017-03-05 00:00:00","2","5","3","17","0","2","9","1","3","0","498","0","20","76","5","0","8","1","70","52","4070"
"2017-03-06 00:00:00","3","9","1","13","0","3","8","4","2","0","505","2","32","66","8","0","15","2","84","55","7155"
"2017-03-07 00:00:00","3","8","3","18","0","3","14","5","7","0","540","1","32","76","11","0","23","3","77","72","7410"
"2017-03-08 00:00:00","1","1","1","10","0","1","10","6","12","0","589","0","52","78","8","0","21","5","79","80","7612"
"2017-03-09 00:00:00","2","4","3","15","0","2","11","3","5","0","510","0","39","71","12","0","17","3","102","56","7565"
"2017-03-10 00:00:00","3","0","0","13","0","2","11","3","4","0","463","2","37","81","3","0","14","4","72","62","6941"
"2017-03-11 00:00:00","2","4","4","15","0","1","6","2","5","0","421","1","29","66","7","0","7","4","43","46","3966"
"2017-03-12 00:00:00","2","5","2","14","0","2","8","3","2","0","531","1","22","68","4","0","9","1","69","54","4030"
"2017-03-13 00:00:00","1","7","1","16","0","2","7","2","4","0","529","0","30","72","12","0","13","3","81","72","6662"
"2017-03-14 00:00:00","2","1","3","15","0","2","9","4","7","0","523","3","35","62","6","0","10","6","68","62","7441"
"2017-03-15 00:00:00","1","3","3","21","0","3","14","0","6","0","542","0","36","87","11","0","17","5","79","69","7712"
"2017-03-16 00:00:00","3","3","1","18","0","3","17","2","1","0","529","1","36","79","9","0","12","3","75","78","7649"
"2017-03-17 00:00:00","2","3","1","18","0","2","8","2","4","0","517","2","30","66","6","0","16","2","83","55","6954"
"2017-03-18 00:00:00","1","5","1","17","0","4","2","1","6","0","487","0","18","67","5","0","5","2","55","36","3941"
"2017-03-19 00:00:00","0","2","2","13","0","0","4","2","0","0","469","1","23","74","6","0","6","2","56","73","4054"
"2017-03-20 00:00:00","0","2","4","13","0","2","10","2","5","0","529","1","30","61","6","0","15","2","85","77","7178"
"2017-03-21 00:00:00","1","5","2","23","0","3","5","1","8","0","568","2","35","64","7","0","21","4","84","71","7757"
"2017-03-22 00:00:00","1","4","2","23","0","3","11","2","4","0","565","0","30","64","10","0","11","2","83","87","7841"
"2017-03-23 00:00:00","0","4","2","16","0","2","14","2","6","0","515","0","33","63","12","0","14","2","92","70","7741"
"2017-03-24 00:00:00","2","2","1","15","0","2","6","1","7","0","482","0","37","60","5","0","19","3","64","69","6922"
"2017-03-25 00:00:00","0","3","1","14","0","2","9","0","7","0","402","1","29","68","5","0","4","2","56","54","3932"
"2017-03-26 00:00:00","1","1","0","16","0","6","5","1","7","0","495","2","32","50","11","0","9","4","53","46","4058"
"2017-03-27 00:00:00","0","0","6","15","0","2","7","2","9","0","545","0","31","77","13","0","16","3","70","55","7195"
"2017-03-28 00:00:00","2","4","4","16","0","1","13","6","4","0","582","1","36","69","11","0","13","3","75","83","7525"
"2017-03-29 00:00:00","0","8","2","16","0","5","8","5","3","0","567","1","35","68","9","0","15","3","95","78","7818"
"2017-03-30 00:00:00","4","1","3","13","0","1","12","8","8","0","512","0","29","66","9","0","18","4","81","78","7733"
"2017-03-31 00:00:00","2","1","1","13","0","3","9","1","5","0","516","0","34","61","7","0","15","1","88","66","6697"
"2017-04-01 00:00:00","2","3","2","6","0","3","2","3","3","0","462","1","25","42","4","0","12","2","59","56","3699"
"2017-04-02 00:00:00","2","3","2","14","0","1","3","4","9","0","512","0","24","60","7","0","5","4","48","47","3769"
"2017-04-03 00:00:00","1","6","1","22","0","2","13","2","4","0","554","0","32","56","17","0","10","0","75","71","6883"
"2017-04-04 00:00:00","2","2","1","9","0","1","6","0","10","0","549","1","43","61","15","0","17","1","79","58","7500"
"2017-04-05 00:00:00","4","6","2","18","0","3","6","4","2","0","554","0","32","79","6","0","21","5","88","75","7713"
"2017-04-06 00:00:00","2","3","3","13","0","2","6","2","10","0","546","0","23","61","7","0","14","3","58","64","7794"
"2017-04-07 00:00:00","0","2","1","23","0","0","6","3","6","0","527","1","22","61","8","0","15","1","65","47","6650"
"2017-04-08 00:00:00","1","0","0","16","0","2","6","4","4","0","460","0","29","55","3","0","7","1","40","40","3793"
"2017-04-09 00:00:00","0","6","0","13","0","4","5","1","5","0","484","0","26","60","3","0","9","2","45","49","3684"
"2017-04-10 00:00:00","1","3","4","18","0","2","3","2","4","0","519","0","41","68","10","0","12","6","56","75","6902"
"2017-04-11 00:00:00","1","5","3","19","0","5","11","5","7","0","548","1","29","59","6","0","13","0","74","69","7499"
"2017-04-12 00:00:00","3","7","0","14","0","1","8","3","5","0","518","1","39","72","12","0","9","2","72","62","7466"
"2017-04-13 00:00:00","1","3","1","15","0","3","8","3","8","0","554","0","26","60","0","0","16","5","77","54","6901"
"2017-04-14 00:00:00","1","2","2","12","0","5","3","2","3","0","518","1","30","54","6","0","10","3","52","55","5436"
"2017-04-15 00:00:00","0","1","1","17","0","1","4","1","3","0","479","0","38","45","4","0","12","0","28","37","3649"
"2017-04-16 00:00:00","1","3","1","22","0","2","4","2","0","0","538","0","23","59","3","0","3","2","34","65","3475"
"2017-04-17 00:00:00","3","3","0","18","0","3","6","4","7","0","580","1","31","67","5","0","14","1","57","68","5723"
"2017-04-18 00:00:00","0","2","1","9","0","0","4","3","5","0","600","1","30","70","4","0","16","2","72","65","7246"
"2017-04-19 00:00:00","0","4","1","23","0","5","10","1","6","0","575","0","30","76","10","0","20","4","94","76","7512"
"2017-04-20 00:00:00","0","4","3","15","0","2","9","3","5","0","602","1","36","79","7","0","28","1","66","75","7529"
"2017-04-21 00:00:00","4","4","2","21","0","1","1","4","5","0","531","0","35","67","10","0","10","5","53","77","6952"
"2017-04-22 00:00:00","1","2","0","11","0","0","5","2","5","0","526","2","25","60","3","0","5","1","50","50","3845"
"2017-04-23 00:00:00","1","3","1","16","0","2","3","0","5","0","557","1","19","66","7","0","12","4","45","60","3809"
"2017-04-24 00:00:00","0","7","3","26","0","6","7","0","2","0","617","1","33","71","0","0","16","2","59","73","6845"
"2017-04-25 00:00:00","2","3","0","19","0","2","8","1","3","0","590","0","40","67","8","0","5","4","74","73","7540"
"2017-04-26 00:00:00","3","3","2","10","0","0","4","1","7","0","606","0","30","66","3","0","13","3","67","68","7619"
"2017-04-27 00:00:00","0","6","1","19","0","6","7","5","7","0","565","1","35","64","5","0","11","3","67","86","7505"
"2017-04-28 00:00:00","1","3","1","13","0","2","2","0","5","0","475","1","37","58","9","0","18","5","65","58","6432"
"2017-04-29 00:00:00","1","0","2","11","0","1","8","3","7","0","494","0","26","53","4","0","4","2","53","48","3521"
"2017-04-30 00:00:00","1","2","0","10","0","1","2","2","6","0","470","0","25","57","5","0","4","2","37","48","3562"
"2017-05-01 00:00:00","0","0","1","18","0","3","2","5","6","0","602","2","23","61","6","0","15","4","63","49","4975"
"2017-05-02 00:00:00","0","1","1","15","0","4","4","7","5","0","583","0","27","68","7","0","22","2","61","67","6742"
"2017-05-03 00:00:00","0","3","4","20","0","2","1","5","2","0","583","1","31","60","5","0","23","3","76","71","7290"
"2017-05-04 00:00:00","1","2","1","17","0","1","7","2","5","0","593","1","25","63","8","0","15","5","67","47","7199"
"2017-05-05 00:00:00","0","1","3","10","0","4","10","3","6","0","514","0","30","60","4","0","10","2","71","67","6647"
"2017-05-06 00:00:00","2","4","1","17","0","2","4","1","3","0","488","2","16","61","4","0","7","2","44","50","3582"
"2017-05-07 00:00:00","0","1","3","13","0","2","3","2","9","0","549","1","26","63","6","0","7","0","53","50","3704"
"2017-05-08 00:00:00","3","4","0","20","0","3","12","6","5","0","574","0","22","68","3","0","17","4","84","59","6709"
"2017-05-09 00:00:00","6","2","3","17","0","2","9","5","9","0","563","3","25","80","3","0","17","6","93","62","7231"
"2017-05-10 00:00:00","2","1","3","14","0","2","7","2","3","0","581","0","31","68","3","0","16","2","78","69","7373"
"2017-05-11 00:00:00","0","2","2","16","0","2","8","2","2","0","548","0","36","76","7","0","12","3","77","69","7369"
"2017-05-12 00:00:00","0","1","3","16","0","5","6","2","5","0","501","3","27","68","4","0","13","4","56","70","6522"
"2017-05-13 00:00:00","0","4","0","17","0","4","5","1","5","0","450","1","21","66","2","0","9","2","39","63","3482"
"2017-05-14 00:00:00","1","4","2","17","0","0","3","2","1","0","483","1","22","72","2","0","6","5","57","39","3443"
"2017-05-15 00:00:00","1","3","1","21","0","1","10","4","6","0","538","2","34","50","6","0","14","1","81","79","6712"
"2017-05-16 00:00:00","3","3","1","11","0","1","7","3","6","0","512","2","39","65","7","0","10","3","86","72","7327"
"2017-05-17 00:00:00","2","3","2","14","0","2","11","1","3","0","519","1","19","78","7","0","14","7","61","79","7423"
"2017-05-18 00:00:00","1","4","1","20","0","1","3","5","9","0","510","1","36","75","5","0","10","3","76","71","7338"
"2017-05-19 00:00:00","1","1","2","20","0","2","7","4","8","0","450","0","34","55","2","0","10","0","70","66","6713"
"2017-05-20 00:00:00","0","0","1","17","0","4","2","0","9","0","431","2","14","43","5","0","8","0","33","70","3546"
"2017-05-21 00:00:00","0","0","2","5","0","3","1","3","4","0","500","1","23","47","3","0","7","3","31","60","3568"
"2017-05-22 00:00:00","2","1","3","15","0","3","8","4","2","0","496","1","33","65","5","0","13","5","66","68","6700"
"2017-05-23 00:00:00","3","4","2","15","24","2","15","2","3","0","504","0","30","42","10","0","11","7","79","62","7402"
"2017-05-24 00:00:00","1","1","2","17","14","2","13","2","8","0","495","0","38","67","4","0","14","5","67","76","7392"
"2017-05-25 00:00:00","0","3","0","6","7","3","7","0","7","0","471","2","31","64","3","0","13","2","67","77","6851"
"2017-05-26 00:00:00","3","8","1","13","4","3","8","2","1","0","430","0","32","61","2","0","8","4","67","62","6247"
"2017-05-27 00:00:00","1","4","1","8","6","4","6","0","4","0","418","2","20","49","4","0","8","1","39","54","3469"
"2017-05-28 00:00:00","3","0","2","14","3","2","8","2","7","0","423","0","22","68","8","0","9","2","44","43","3304"
"2017-05-29 00:00:00","4","7","1","11","1","4","5","0","6","0","489","2","22","76","6","0","9","1","61","77","5958"
"2017-05-30 00:00:00","0","1","2","19","5","0","8","3","7","0","474","1","29","58","7","0","11","3","80","67","7111"
"2017-05-31 00:00:00","3","4","4","23","0","2","12","1","3","0","529","2","21","70","5","0","7","3","72","65","7121"
"2017-06-01 00:00:00","2","5","4","22","6","5","16","3","4","0","484","0","26","63","7","0","15","3","70","69","7079"
"2017-06-02 00:00:00","1","3","1","20","5","1","10","2","2","0","453","1","38","63","8","0","15","5","68","60","6408"
"2017-06-03 00:00:00","1","4","1","9","5","0","6","0","1","0","416","0","14","48","3","0","9","0","39","53","3359"
"2017-06-04 00:00:00","0","6","1","10","3","4","5","3","6","0","414","0","24","46","6","0","11","1","51","47","3315"
"2017-06-05 00:00:00","2","2","0","22","3","2","10","3","8","0","444","0","22","62","2","0","14","3","51","78","6165"
"2017-06-06 00:00:00","2","2","2","22","4","3","4","3","10","0","512","1","27","56","3","0","7","2","64","68","6963"
"2017-06-07 00:00:00","4","1","2","20","6","2","8","4","2","0","466","1","38","67","6","0","8","4","68","72","7364"
"2017-06-08 00:00:00","2","6","4","17","4","2","12","2","7","0","430","2","38","60","11","0","12","3","76","70","7303"
"2017-06-09 00:00:00","1","1","3","20","6","3","11","1","5","0","437","1","24","61","4","0","12","1","67","70","6652"
"2017-06-10 00:00:00","2","4","1","10","1","2","6","0","4","0","431","1","24","51","3","0","11","3","34","43","3404"
"2017-06-11 00:00:00","0","1","1","9","3","1","6","0","7","0","382","1","16","58","3","0","7","2","41","51","3384"
"2017-06-12 00:00:00","2","1","2","13","4","2","8","2","4","0","471","1","36","48","5","0","7","3","70","75","6604"
"2017-06-13 00:00:00","2","5","2","14","3","1","10","5","6","0","458","2","22","60","8","0","6","6","69","71","7299"
"2017-06-14 00:00:00","0","2","3","22","5","2","13","1","3","0","463","0","24","58","6","0","7","4","79","56","7476"
"2017-06-15 00:00:00","3","0","1","19","3","4","9","5","6","0","472","0","38","50","5","0","16","6","60","71","7166"
"2017-06-16 00:00:00","3","3","1","13","4","1","6","1","5","0","412","1","27","47","5","0","7","6","69","66","6542"
"2017-06-17 00:00:00","0","3","1","14","6","1","6","0","5","0","399","2","12","53","4","0","8","5","39","53","3444"
"2017-06-18 00:00:00","0","2","1","18","5","1","10","2","0","0","403","0","24","51","3","0","7","2","38","42","3196"
"2017-06-19 00:00:00","2","6","3","11","1","2","3","7","6","0","432","1","27","56","7","0","15","6","64","88","6759"
"2017-06-20 00:00:00","1","2","2","11","3","4","12","8","8","0","458","0","27","59","6","0","16","5","77","64","7325"
"2017-06-21 00:00:00","1","3","2","16","6","0","14","1","4","0","459","1","35","59","3","0","21","0","65","73","7407"
"2017-06-22 00:00:00","0","0","4","12","4","3","5","1","7","0","432","1","23","47","7","0","12","2","70","55","7283"
"2017-06-23 00:00:00","2","2","3","15","1","2","3","1","2","0","406","0","29","53","4","0","11","5","60","59","6448"
"2017-06-24 00:00:00","0","5","3","15","6","1","3","2","0","0","347","0","19","42","0","0","9","2","35","41","3284"
"2017-06-25 00:00:00","0","4","2","10","7","1","3","2","6","0","320","1","22","58","8","0","5","1","41","44","3069"
"2017-06-26 00:00:00","4","9","0","17","3","2","8","4","5","0","430","0","22","51","6","0","15","3","55","62","6018"
"2017-06-27 00:00:00","0","5","2","16","3","5","11","5","5","0","429","1","27","52","7","0","17","5","59","62","6839"
"2017-06-28 00:00:00","1","4","3","13","5","5","14","1","4","0","410","1","23","44","3","0","20","4","76","64","7243"
"2017-06-29 00:00:00","1","7","4","15","5","4","7","1","7","0","432","2","44","57","4","0","13","2","81","73","7129"
"2017-06-30 00:00:00","0","2","4","12","4","1","11","0","5","0","351","1","22","47","5","0","15","3","51","56","6190"
"2017-07-01 00:00:00","1","2","0","11","9","3","5","4","3","0","345","1","14","34","0","0","6","1","40","33","3201"
"2017-07-02 00:00:00","0","5","0","11","3","3","5","0","5","0","351","0","21","54","3","0","6","2","34","33","3078"
"2017-07-03 00:00:00","2","5","1","20","6","2","11","3","6","0","387","2","24","58","3","0","11","6","53","71","6115"
"2017-07-04 00:00:00","2","3","2","12","2","2","10","2","4","0","355","0","33","54","2","0","8","2","70","66","6361"
"2017-07-05 00:00:00","2","5","6","16","4","1","5","0","3","0","392","2","34","65","6","0","16","6","60","71","7114"
"2017-07-06 00:00:00","0","5","1","18","2","1","12","1","4","0","384","0","35","47","13","0","12","4","66","61","7211"
"2017-07-07 00:00:00","1","6","2","16","6","2","8","1","9","0","312","0","27","51","3","0","6","5","79","49","6532"
"2017-07-08 00:00:00","0","1","0","11","3","3","3","6","1","0","303","1","16","44","3","0","9","4","36","40","3205"
"2017-07-09 00:00:00","0","2","0","9","1","3","5","3","1","0","332","1","27","45","1","0","4","2","36","48","3232"
"2017-07-10 00:00:00","1","3","1","14","8","6","14","5","3","0","439","0","38","55","7","0","13","3","57","65","6729"
"2017-07-11 00:00:00","2","3","0","15","4","5","11","2","8","0","418","2","30","56","4","0","14","2","54","73","7347"
"2017-07-12 00:00:00","2","3","0","18","3","4","5","5","4","0","416","0","28","44","5","0","9","3","60","65","7366"
"2017-07-13 00:00:00","1","3","2","18","1","3","13","1","5","0","455","1","32","51","1","0","11","3","63","61","7309"
"2017-07-14 00:00:00","1","3","4","14","3","2","8","1","3","0","363","2","22","37","3","0","12","2","57","46","6405"
"2017-07-15 00:00:00","0","9","1","8","2","0","1","2","3","0","295","0","25","48","3","0","4","0","28","34","3300"
"2017-07-16 00:00:00","1","0","2","11","1","0","2","3","1","0","318","1","16","39","4","0","7","3","39","49","3255"
"2017-07-17 00:00:00","1","1","1","14","3","1","9","3","3","0","350","2","37","47","3","0","10","3","60","55","6749"
"2017-07-18 00:00:00","4","4","4","9","2","4","11","2","7","0","413","0","41","53","4","0","11","0","59","68","7569"
"2017-07-19 00:00:00","3","5","1","12","2","1","10","3","6","0","372","1","24","58","1","0","12","2","74","67","7590"
"2017-07-20 00:00:00","1","4","1","15","5","1","9","2","3","0","363","0","27","40","7","0","16","5","73","63","7539"
"2017-07-21 00:00:00","2","3","3","10","2","3","6","4","1","0","362","1","25","51","6","0","15","4","61","55","6659"
"2017-07-22 00:00:00","1","1","0","14","2","1","8","2","4","0","292","0","25","41","6","0","11","4","41","42","3410"
"2017-07-23 00:00:00","0","5","2","11","3","3","3","3","3","0","321","0","18","55","2","0","4","1","27","42","3327"
"2017-07-24 00:00:00","2","6","2","17","2","2","6","4","6","0","373","2","30","46","7","0","9","3","56","61","6707"
"2017-07-25 00:00:00","1","6","0","18","2","1","8","3","6","0","357","0","23","45","1","0","12","5","62","61","7469"
"2017-07-26 00:00:00","1","1","2","14","3","3","8","6","6","0","420","1","30","52","7","0","20","5","78","73","7570"
"2017-07-27 00:00:00","3","4","4","16","2","1","13","2","4","0","404","1","33","54","6","0","15","3","66","70","7437"
"2017-07-28 00:00:00","0","4","3","9","1","0","3","1","10","0","365","3","27","41","8","0","6","4","66","62","6607"
"2017-07-29 00:00:00","1","3","2","12","2","3","4","2","2","0","302","0","20","37","4","0","7","2","40","40","3476"
"2017-07-30 00:00:00","2","2","2","12","2","1","2","3","1","0","304","0","28","41","2","0","11","2","38","46","3353"
"2017-07-31 00:00:00","2","3","1","14","2","0","5","2","7","0","378","0","23","57","3","0","14","2","54","67","6576"
"2017-08-01 00:00:00","1","2","2","17","3","2","10","1","7","0","383","0","32","59","8","0","14","0","63","46","7084"
"2017-08-02 00:00:00","4","5","2","17","3","3","9","1","3","0","397","2","29","59","5","0","14","3","62","69","7392"
"2017-08-03 00:00:00","3","5","2","17","3","1","6","2","8","0","403","0","31","55","5","0","14","2","53","69","7416"
"2017-08-04 00:00:00","3","4","4","13","4","2","15","2","5","0","355","0","26","51","6","0","10","2","61","66","6408"
"2017-08-05 00:00:00","0","6","3","16","2","3","6","2","5","0","332","0","23","37","3","0","3","2","38","40","3197"
"2017-08-06 00:00:00","0","4","0","14","1","0","8","3","3","0","353","0","26","49","2","0","6","0","36","47","3271"
"2017-08-07 00:00:00","4","0","1","16","2","2","10","3","3","0","365","1","35","44","5","0","6","3","56","72","6341"
"2017-08-08 00:00:00","2","1","1","12","2","0","15","3","6","0","396","2","35","49","8","0","10","3","69","66","7100"
"2017-08-09 00:00:00","1","4","2","10","2","2","14","2","5","0","416","2","35","45","5","0","15","4","63","65","7191"
"2017-08-10 00:00:00","1","1","4","8","2","2","8","4","6","0","394","2","31","41","4","0","7","4","75","77","7102"
"2017-08-11 00:00:00","2","5","1","17","2","1","17","3","6","0","347","2","24","43","2","0","14","3","54","65","6227"
"2017-08-12 00:00:00","2","2","1","14","1","1","5","3","3","0","331","0","25","41","5","0","8","3","36","48","3238"
"2017-08-13 00:00:00","1","4","0","17","2","0","9","1","2","0","302","1","22","44","5","0","10","2","38","47","3086"
"2017-08-14 00:00:00","1","2","2","10","1","4","12","3","7","0","372","2","35","52","3","0","7","5","50","68","5906"
"2017-08-15 00:00:00","1","3","1","11","1","2","14","2","1","0","350","0","37","42","10","0","13","1","68","52","5905"
"2017-08-16 00:00:00","2","2","1","10","2","1","10","2","2","0","415","2","31","54","10","0","13","4","65","71","6825"
"2017-08-17 00:00:00","1","5","0","8","2","3","12","1","5","0","412","0","27","43","5","0","14","3","57","77","6909"
"2017-08-18 00:00:00","2","3","1","16","2","1","7","1","3","0","387","0","25","50","3","0","6","1","65","77","6129"
"2017-08-19 00:00:00","0","3","1","11","1","2","6","1","3","0","353","0","13","37","4","0","3","3","32","54","3308"
"2017-08-20 00:00:00","0","2","2","9","1","2","4","2","7","0","341","0","21","50","3","0","6","0","26","58","3254"
"2017-08-21 00:00:00","4","13","0","17","2","3","9","2","2","0","334","1","28","52","4","0","22","1","51","51","6063"
"2017-08-22 00:00:00","2","6","2","16","1","2","10","3","5","0","380","0","31","55","5","0","17","1","57","66","6778"
"2017-08-23 00:00:00","4","5","1","10","2","7","7","3","4","0","368","4","29","42","4","0","11","4","77","70","7079"
"2017-08-24 00:00:00","4","6","1","11","0","3","8","0","5","0","367","0","41","50","8","0","11","3","55","65","6865"
"2017-08-25 00:00:00","0","6","2","17","2","3","11","2","3","0","359","0","24","55","3","0","12","2","72","76","5767"
"2017-08-26 00:00:00","4","3","0","9","2","1","3","3","1","0","286","0","24","43","3","0","2","3","31","48","3140"
"2017-08-27 00:00:00","3","6","0","17","1","3","5","5","3","0","333","0","21","48","2","0","8","0","30","50","3005"
"2017-08-28 00:00:00","1","4","2","15","2","3","9","1","0","0","368","1","29","53","7","0","17","1","60","66","5937"
"2017-08-29 00:00:00","4","7","2","20","5","4","10","1","4","0","397","2","30","48","4","0","8","5","64","63","6582"
"2017-08-30 00:00:00","2","2","1","11","2","3","11","4","2","0","375","3","32","57","5","0","11","1","73","75","6755"
"2017-08-31 00:00:00","5","3","2","14","2","3","11","6","2","0","341","0","37","52","5","0","12","3","56","64","6441"
"2017-09-01 00:00:00","4","7","4","21","3","8","11","0","5","0","353","0","34","52","2","0","11","5","62","54","5598"
"2017-09-02 00:00:00","2","5","1","9","1","0","3","3","4","0","350","1","25","38","2","0","5","1","34","40","3009"
"2017-09-03 00:00:00","2","9","0","13","0","1","3","2","2","0","345","1","21","51","2","0","1","1","40","31","3008"
"2017-09-04 00:00:00","2","2","2","14","2","2","8","1","1","0","396","0","30","40","4","0","7","0","52","55","5136"
"2017-09-05 00:00:00","3","4","2","18","3","2","7","3","7","0","444","1","34","51","0","0","8","2","56","59","6175"
"2017-09-06 00:00:00","2","3","2","15","2","3","6","2","3","0","423","1","35","52","1","0","10","2","65","69","6705"
"2017-09-07 00:00:00","2","7","0","18","1","3","2","4","3","0","434","1","35","39","5","0","23","3","62","60","6536"
"2017-09-08 00:00:00","1","2","3","10","0","3","4","5","6","0","379","0","27","49","4","0","10","0","74","81","6012"
"2017-09-09 00:00:00","0","4","1","6","0","4","1","7","3","0","411","0","20","40","2","0","6","4","40","38","3198"
"2017-09-10 00:00:00","2","6","0","14","2","0","2","1","12","0","450","1","27","52","2","0","8","2","43","46","3343"
"2017-09-11 00:00:00","1","4","4","14","3","2","8","2","4","0","431","1","38","56","8","0","11","2","59","63","6148"
"2017-09-12 00:00:00","2","4","2","11","2","1","6","2","2","0","419","1","22","55","4","0","13","2","66","48","6593"
"2017-09-13 00:00:00","1","4","5","9","2","3","9","3","11","0","412","0","34","56","2","0","10","3","84","64","6798"
"2017-09-14 00:00:00","0","1","0","13","1","3","11","3","4","0","455","1","24","60","2","0","11","4","54","65","6720"
"2017-09-15 00:00:00","2","5","1","10","2","3","8","1","6","0","416","1","31","50","4","0","13","2","57","57","5953"
"2017-09-16 00:00:00","2","5","1","7","1","0","3","0","6","0","406","1","21","44","3","0","8","1","35","41","3318"
"2017-09-17 00:00:00","2","4","0","8","0","4","0","1","0","0","445","0","16","36","4","0","4","2","36","57","3207"
"2017-09-18 00:00:00","2","2","0","15","0","4","9","1","4","0","502","1","39","52","2","0","7","2","42","63","6265"
"2017-09-19 00:00:00","2","4","1","18","1","0","7","3","6","0","475","1","28","61","6","0","12","2","62","58","6768"
"2017-09-20 00:00:00","3","1","2","11","1","2","7","0","5","0","508","0","37","49","5","0","15","2","59","79","6885"
"2017-09-21 00:00:00","2","3","0","17","2","6","11","4","3","0","487","0","30","57","9","0","5","0","67","82","6792"
"2017-09-22 00:00:00","0","2","0","16","1","1","6","5","5","0","463","1","24","35","6","0","7","2","57","66","6079"
"2017-09-23 00:00:00","2","1","1","14","1","1","6","0","7","0","444","0","21","42","6","0","6","2","26","47","3247"
"2017-09-24 00:00:00","2","3","1","8","0","3","6","0","3","0","473","0","23","56","0","0","7","5","41","53","3335"
"2017-09-25 00:00:00","4","6","1","15","1","3","10","1","5","0","475","0","36","63","3","0","17","3","62","66","6392"
"2017-09-26 00:00:00","4","1","2","26","1","3","9","6","7","0","514","0","34","43","2","0","12","2","65","81","6835"
"2017-09-27 00:00:00","6","4","1","18","2","1","9","3","7","0","525","3","38","53","2","0","11","4","59","59","6764"
"2017-09-28 00:00:00","5","0","1","23","2","1","11","4","8","0","485","0","33","48","5","0","25","3","52","58","6659"
"2017-09-29 00:00:00","2","4","1","12","1","2","5","1","2","0","423","2","21","60","5","0","12","2","34","48","5728"
"2017-09-30 00:00:00","1","2","0","4","0","2","4","1","3","0","402","1","16","51","4","0","5","2","36","42","3099"
"2017-10-01 00:00:00","3","4","1","13","1","0","3","2","1","0","492","2","28","53","0","0","4","0","22","59","3216"
"2017-10-02 00:00:00","2","4","1","11","0","3","9","2","4","0","447","2","26","56","3","0","12","1","50","58","5457"
"2017-10-03 00:00:00","2","3","1","9","1","0","13","2","4","0","530","2","22","58","4","0","19","1","56","65","6332"
"2017-10-04 00:00:00","3","0","3","9","2","1","14","0","0","0","553","2","31","52","2","0","11","1","56","60","6590"
"2017-10-05 00:00:00","3","1","3","10","4","4","4","1","4","0","516","2","36","54","2","0","12","4","62","59","6475"
"2017-10-06 00:00:00","4","2","0","15","0","3","2","1","2","0","436","1","31","51","1","0","8","0","52","65","6087"
"2017-10-07 00:00:00","3","3","2","14","1","1","4","1","4","0","422","1","32","41","3","0","5","4","33","59","3348"
"2017-10-08 00:00:00","1","3","0","10","0","1","9","2","7","0","502","1","27","48","3","0","5","1","55","54","3491"
"2017-10-09 00:00:00","3","7","3","20","1","4","11","2","3","0","503","1","31","48","4","0","18","3","52","67","6174"
"2017-10-10 00:00:00","1","2","1","16","0","7","9","0","3","0","541","0","33","55","9","0","10","1","67","77","6648"
"2017-10-11 00:00:00","2","3","1","13","0","2","8","2","5","0","544","3","28","49","7","0","10","3","62","55","6829"
"2017-10-12 00:00:00","1","4","1","20","0","3","12","6","3","0","489","1","32","47","5","0","13","3","65","75","6711"
"2017-10-13 00:00:00","0","3","3","11","3","2","11","2","2","0","467","0","27","40","3","0","6","8","53","70","5995"
"2017-10-14 00:00:00","2","3","2","16","0","3","5","0","1","0","465","2","23","45","5","0","6","4","40","54","3374"
"2017-10-15 00:00:00","0","1","2","13","1","2","5","1","2","0","549","0","19","55","3","0","9","1","36","49","3424"
"2017-10-16 00:00:00","4","6","1","17","1","2","13","0","5","0","596","1","27","65","5","0","15","2","51","62","6168"
"2017-10-17 00:00:00","1","7","2","17","0","2","6","1","9","0","545","1","28","68","4","0","22","1","62","62","6499"
"2017-10-18 00:00:00","0","5","3","12","1","0","6","1","4","0","543","1","32","50","3","0","17","1","80","92","6330"
"2017-10-19 00:00:00","5","8","1","11","1","5","8","3","4","0","499","0","33","67","6","0","19","0","78","66","6191"
"2017-10-20 00:00:00","2","3","3","14","1","1","5","3","4","0","477","0","31","54","3","0","17","3","57","85","5710"
"2017-10-21 00:00:00","2","3","1","20","1","2","3","0","5","0","456","1","23","57","5","0","6","3","37","50","3323"
"2017-10-22 00:00:00","5","1","1","15","0","1","6","1","3","0","579","4","35","58","3","0","7","3","49","56","3467"
"2017-10-23 00:00:00","1","3","0","19","3","2","6","3","5","0","558","0","29","56","5","0","9","1","71","71","6382"
"2017-10-24 00:00:00","3","3","1","20","0","3","8","1","5","0","575","0","27","53","7","0","7","3","72","58","6850"
"2017-10-25 00:00:00","3","1","3","12","0","4","14","4","8","0","521","1","26","67","3","0","15","3","76","65","7006"
"2017-10-26 00:00:00","2","1","0","21","2","1","7","5","9","0","566","1","35","47","6","0","16","3","71","70","6712"
"2017-10-27 00:00:00","3","5","2","12","0","0","5","0","7","0","493","1","28","56","2","0","10","1","73","52","6107"
"2017-10-28 00:00:00","0","3","0","9","0","4","4","3","3","0","406","3","30","61","2","0","11","1","41","50","3345"
"2017-10-29 00:00:00","2","2","2","12","0","0","7","1","5","0","495","2","17","50","4","0","9","5","55","49","3312"
"2017-10-30 00:00:00","2","4","1","16","1","1","9","1","6","0","582","1","39","64","7","0","17","3","59","64","6130"
"2017-10-31 00:00:00","3","2","0","13","2","2","8","1","6","0","541","0","41","61","7","0","10","3","84","66","6302"
"2017-11-01 00:00:00","1","0","2","15","0","4","14","1","4","0","548","0","34","60","7","0","11","2","86","60","5933"
"2017-11-02 00:00:00","2","3","2","16","2","3","7","0","3","0","526","1","28","62","7","0","10","2","83","69","6434"
"2017-11-03 00:00:00","2","1","4","16","2","2","13","4","6","0","482","5","46","47","6","0","11","1","67","70","5948"
"2017-11-04 00:00:00","1","2","0","23","1","1","3","3","2","0","460","1","21","60","1","0","4","2","31","52","3384"
"2017-11-05 00:00:00","3","2","0","16","2","3","7","1","6","0","575","1","28","51","2","0","6","1","45","57","3464"
"2017-11-06 00:00:00","0","2","6","19","3","3","14","2","1","0","554","3","20","59","2","0","13","1","69","74","6350"
"2017-11-07 00:00:00","2","5","1","22","1","1","12","0","6","0","549","0","25","43","2","0","14","4","53","65","6904"
"2017-11-08 00:00:00","1","2","1","18","0","2","13","1","4","0","578","4","31","55","4","0","17","0","62","62","7057"
"2017-11-09 00:00:00","1","0","2","10","2","1","8","4","4","0","530","1","40","57","9","0","14","2","72","54","6818"
"2017-11-10 00:00:00","3","4","2","13","0","2","14","2","7","0","483","0","31","51","4","0","8","4","59","65","6080"
"2017-11-11 00:00:00","1","2","1","18","1","5","11","2","1","0","462","1","29","32","5","0","6","0","31","50","3473"
"2017-11-12 00:00:00","2","7","3","19","0","1","9","3","4","0","544","0","25","59","3","0","6","1","45","66","3522"
"2017-11-13 00:00:00","2","4","4","18","0","2","17","5","4","0","535","2","31","50","5","0","11","1","41","55","6422"
"2017-11-14 00:00:00","0","1","1","20","2","5","14","2","4","0","532","0","43","38","11","0","13","5","74","68","6861"
"2017-11-15 00:00:00","2","1","2","15","1","4","13","5","5","0","578","1","28","59","6","0","14","1","66","71","6896"
"2017-11-16 00:00:00","3","6","3","16","0","1","14","3","1","0","555","1","35","56","6","0","9","2","58","57","6801"
"2017-11-17 00:00:00","0","3","2","16","0","4","16","2","5","0","512","0","29","50","8","0","9","3","53","54","6134"
"2017-11-18 00:00:00","0","0","1","14","0","0","10","4","3","0","458","0","26","46","3","0","7","1","34","48","3477"
"2017-11-19 00:00:00","0","1","1","24","1","0","7","2","2","0","549","0","25","47","4","0","7","1","37","61","3429"
"2017-11-20 00:00:00","1","2","0","17","1","2","10","1","5","0","537","1","32","43","8","0","13","6","64","58","6346"
"2017-11-21 00:00:00","2","4","3","18","2","4","7","1","4","0","547","3","49","57","11","0","11","2","67","72","6767"
"2017-11-22 00:00:00","3","2","1","23","0","3","12","4","3","0","550","0","30","56","2","0","11","4","69","66","6585"
"2017-11-23 00:00:00","2","2","1","14","0","1","13","2","7","0","442","0","22","52","7","0","10","3","51","64","5963"
"2017-11-24 00:00:00","2","1","0","13","0","1","11","2","4","0","466","1","20","41","6","0","11","3","45","65","5284"
"2017-11-25 00:00:00","1","8","2","15","0","2","6","0","4","0","467","0","17","56","7","0","4","0","33","40","3157"
"2017-11-26 00:00:00","1","2","2","21","1","3","4","2","6","0","514","1","20","52","3","0","3","0","48","68","3341"
"2017-11-27 00:00:00","1","1","0","20","0","2","10","2","9","0","536","3","31","48","5","0","12","3","64","59","6163"
"2017-11-28 00:00:00","1","3","1","17","0","3","13","4","9","0","575","0","29","54","9","0","10","1","72","81","6655"
"2017-11-29 00:00:00","7","1","0","21","2","2","15","2","7","0","580","0","41","49","7","0","14","5","55","61","6614"
"2017-11-30 00:00:00","3","2","4","27","0","1","17","5","4","0","497","1","38","66","4","0","19","3","57","58","6475"
"2017-12-01 00:00:00","3","4","1","16","0","3","10","3","4","0","507","3","26","56","8","0","14","1","52","60","5900"
"2017-12-02 00:00:00","2","5","1","12","0","3","6","1","4","0","483","0","23","48","6","0","6","2","26","54","3339"
"2017-12-03 00:00:00","0","3","2","15","0","1","9","2","2","0","518","2","34","47","5","0","10","2","34","54","3364"
"2017-12-04 00:00:00","3","3","0","18","1","0","14","3","7","0","538","2","25","66","6","0","11","3","56","70","6228"
"2017-12-05 00:00:00","2","1","2","19","1","1","14","6","5","0","561","1","31","51","7","0","10","2","60","70","6615"
"2017-12-06 00:00:00","3","3","0","21","0","5","10","3","5","0","558","1","32","52","8","0","20","4","68","68","6624"
"2017-12-07 00:00:00","4","1","2","24","0","1","8","2","6","0","543","2","36","58","6","0","10","2","60","53","6458"
"2017-12-08 00:00:00","3","5","2","29","2","2","8","2","5","0","528","1","23","53","4","0","7","3","60","51","5673"
"2017-12-09 00:00:00","7","0","1","21","0","3","2","0","2","0","442","1","25","40","2","0","5","3","37","56","3340"
"2017-12-10 00:00:00","2","4","0","13","0","2","7","3","2","0","514","0","23","54","3","0","10","0","46","55","3321"
"2017-12-11 00:00:00","4","3","1","13","0","1","10","3","7","0","546","2","35","59","5","0","12","1","66","65","6003"
"2017-12-12 00:00:00","1","4","3","25","0","2","10","1","7","0","549","1","37","65","1","0","1","2","59","79","6417"
"2017-12-13 00:00:00","3","1","0","12","1","2","10","1","6","0","528","2","25","56","7","0","3","2","75","62","6448"
"2017-12-14 00:00:00","1","7","1","20","0","4","12","7","4","0","508","0","24","44","8","0","3","2","65","56","6325"
"2017-12-15 00:00:00","4","4","2","12","1","3","7","2","5","0","453","0","21","55","6","0","1","3","52","59","5320"
"2017-12-16 00:00:00","3","7","4","11","0","1","5","1","1","0","404","0","23","47","5","0","0","4","37","40","2998"
"2017-12-17 00:00:00","1","7","0","9","0","0","10","0","5","0","441","0","23","42","5","0","1","3","37","42","2950"
"2017-12-18 00:00:00","3","4","6","11","0","0","12","4","1","0","425","2","32","50","5","0","3","1","54","51","5608"
"2017-12-19 00:00:00","2","5","1","21","2","6","14","0","5","0","450","2","31","54","5","0","2","2","61","47","6019"
"2017-12-20 00:00:00","2","2","3","11","1","4","13","1","4","0","367","2","24","43","4","0","15","6","52","55","6035"
"2017-12-21 00:00:00","0","5","1","13","3","3","14","2","3","0","395","0","30","45","6","0","9","4","62","39","5763"
"2017-12-22 00:00:00","3","4","3","14","1","3","10","1","5","0","308","1","33","39","4","0","9","1","39","40","4470"
"2017-12-23 00:00:00","4","4","1","8","1","1","13","1","1","0","298","0","28","45","3","0","5","2","22","27","2488"
"2017-12-24 00:00:00","1","3","0","11","1","3","7","1","1","0","307","1","12","50","3","0","4","1","19","38","2339"
"2017-12-25 00:00:00","0","4","3","16","0","1","15","4","6","0","290","1","25","45","2","0","6","0","15","29","2487"
"2017-12-26 00:00:00","2","4","1","14","0","0","12","1","3","0","366","1","21","35","5","0","5","0","34","30","3806"
"2017-12-27 00:00:00","1","2","0","17","1","4","11","2","1","0","336","4","32","39","3","0","6","2","36","53","4672"
"2017-12-28 00:00:00","1","3","0","13","1","3","14","3","5","0","378","0","16","47","3","0","7","1","39","49","4986"
"2017-12-29 00:00:00","1","5","1","8","0","4","8","2","6","0","403","1","24","49","4","0","6","1","35","52","4248"
"2017-12-30 00:00:00","0","1","0","11","1","1","9","1","4","0","371","2","20","42","3","0","8","0","34","39","2771"
"2017-12-31 00:00:00","4","3","2","12","0","1","14","1","5","0","306","0","22","28","1","0","6","1","30","28","2256"
"2018-01-01 00:00:00","0","1","1","12","0","4","6","1","0","0","341","2","17","41","3","0","4","2","21","33","2418"
"2018-01-02 00:00:00","0","5","0","15","0","0","7","1","2","0","419","1","32","43","4","0","6","3","46","55","4742"
"2018-01-03 00:00:00","6","3","1","13","0","3","13","1","5","0","473","0","26","55","7","0","5","1","58","57","5582"
"2018-01-04 00:00:00","1","7","0","14","2","1","14","1","11","0","468","0","33","50","3","0","13","4","70","62","5842"
"2018-01-05 00:00:00","0","3","4","9","0","4","18","4","5","0","463","1","23","53","10","0","11","2","45","53","5528"
"2018-01-06 00:00:00","0","2","0","17","2","2","10","3","1","0","353","0","28","35","2","0","7","0","36","45","3170"
"2018-01-07 00:00:00","0","2","4","13","0","1","11","5","7","0","396","1","25","44","4","0","7","1","41","49","3027"
"2018-01-08 00:00:00","1","2","1","17","0","0","11","2","5","0","432","1","24","48","8","0","12","0","48","52","5482"
"2018-01-09 00:00:00","4","4","0","18","2","3","17","2","6","0","454","1","36","58","3","0","18","0","52","62","6027"
"2018-01-10 00:00:00","2","5","0","14","1","0","16","3","5","0","430","0","24","59","5","0","19","6","55","59","6262"
"2018-01-11 00:00:00","2","1","1","28","1","2","17","4","6","0","448","0","34","64","6","0","15","2","66","68","6231"
"2018-01-12 00:00:00","1","1","2","16","0","1","14","3","4","0","417","0","31","64","9","0","5","2","63","50","5600"
"2018-01-13 00:00:00","7","6","4","15","1","0","9","2","6","0","417","1","32","56","5","0","6","3","36","53","3051"
"2018-01-14 00:00:00","2","3","1","14","0","2","9","1","10","0","453","2","23","50","2","0","6","3","34","54","3161"
"2018-01-15 00:00:00","1","2","5","22","0","3","18","5","6","0","496","1","31","43","4","0","9","4","53","69","5457"
"2018-01-16 00:00:00","2","5","1","17","0","1","18","1","6","0","452","1","35","69","5","0","14","3","66","72","6167"
"2018-01-17 00:00:00","3","2","1","17","3","1","13","2","4","0","466","1","25","78","4","0","12","4","59","59","6338"
"2018-01-18 00:00:00","5","2","2","16","0","2","16","1","3","0","537","0","27","59","4","0","17","4","59","64","6310"
"2018-01-19 00:00:00","3","5","0","21","1","3","14","1","8","0","476","0","23","55","12","0","9","2","64","58","5984"
"2018-01-20 00:00:00","1","1","0","19","0","1","9","0","2","0","441","0","22","56","4","0","6","2","49","35","3459"
"2018-01-21 00:00:00","2","8","4","20","2","4","7","2","13","0","458","0","27","58","5","0","7","0","42","47","3361"
"2018-01-22 00:00:00","8","5","4","16","1","1","18","6","6","0","489","1","21","69","8","0","15","3","63","82","6120"
"2018-01-23 00:00:00","4","5","1","20","2","4","12","4","6","0","489","2","23","57","4","0","19","3","73","59","6524"
"2018-01-24 00:00:00","4","7","5","27","3","2","8","2","6","0","519","3","22","55","10","0","15","3","60","71","6588"
"2018-01-25 00:00:00","4","6","4","19","0","3","16","4","6","0","509","0","24","62","6","0","11","4","51","71","6454"
"2018-01-26 00:00:00","4","4","1","14","0","1","14","0","5","0","460","0","23","58","2","0","19","2","61","65","5542"
"2018-01-27 00:00:00","2","3","3","8","0","2","8","3","3","0","417","1","16","57","8","0","10","2","46","48","3316"
"2018-01-28 00:00:00","5","1","1","13","1","3","14","7","2","0","524","1","25","55","4","0","9","0","51","54","3436"
"2018-01-29 00:00:00","2","2","2","14","1","1","17","3","6","0","492","2","25","67","5","0","11","6","69","61","6139"
"2018-01-30 00:00:00","2","2","3","10","2","0","19","1","10","0","499","0","29","64","3","0","16","2","69","73","6576"
"2018-01-31 00:00:00","0","8","2","16","0","1","20","3","7","0","525","1","44","59","4","0","13","2","65","50","6598"
"2018-02-01 00:00:00","3","11","2","15","0","3","16","4","8","0","533","0","29","56","7","0","12","4","59","71","6449"
"2018-02-02 00:00:00","3","4","2","11","0","3","12","1","7","0","482","0","43","50","9","0","11","4","62","73","5829"
"2018-02-03 00:00:00","1","3","1","11","0","1","15","4","6","0","408","0","16","51","2","0","3","0","45","44","3351"
"2018-02-04 00:00:00","0","4","1","13","1","4","4","2","3","0","475","1","33","49","4","0","6","2","45","43","3447"
"2018-02-05 00:00:00","1","2","1","10","0","1","16","4","4","0","477","1","27","49","4","0","9","3","58","52","6198"
"2018-02-06 00:00:00","1","5","5","8","0","5","15","5","3","0","494","0","29","60","1","0","8","0","62","58","6444"
"2018-02-07 00:00:00","2","5","3","17","2","2","15","1","5","0","525","3","44","64","7","0","15","2","73","93","6784"
"2018-02-08 00:00:00","1","0","1","19","2","1","19","2","14","0","534","1","27","71","8","0","21","5","80","70","6609"
"2018-02-09 00:00:00","0","2","3","15","0","1","15","4","7","0","434","1","28","72","8","0","15","3","53","64","5973"
"2018-02-10 00:00:00","2","3","2","17","0","3","10","1","1","0","395","0","23","57","3","0","9","2","45","54","3374"
"2018-02-11 00:00:00","2","5","1","8","1","1","9","1","4","0","471","3","27","41","8","0","4","5","36","44","3413"
"2018-02-12 00:00:00","3","5","3","16","1","3","17","3","6","0","457","3","27","67","5","0","13","1","60","73","6274"
"2018-02-13 00:00:00","1","2","3","15","2","3","6","2","9","0","526","1","29","58","5","0","12","5","54","65","6385"
"2018-02-14 00:00:00","2","9","1","15","0","2","12","2","5","0","428","0","36","45","5","0","11","1","60","65","6466"
"2018-02-15 00:00:00","5","4","2","11","0","0","17","4","6","0","445","1","27","68","8","0","10","3","51","62","6243"
"2018-02-16 00:00:00","6","6","1","10","0","1","14","4","5","0","428","1","38","59","5","0","11","1","49","77","5632"
"2018-02-17 00:00:00","2","3","1","13","0","5","4","0","3","0","411","0","29","51","4","0","9","0","38","41","3276"
"2018-02-18 00:00:00","3","4","1","12","1","0","16","2","0","0","450","0","20","60","5","0","8","2","41","59","3422"
"2018-02-19 00:00:00","5","7","3","12","0","2","11","2","5","0","529","3","33","46","7","0","17","3","55","56","5745"
"2018-02-20 00:00:00","1","2","1","20","0","2","25","0","9","0","514","1","28","56","5","0","11","6","61","76","6448"
"2018-02-21 00:00:00","2","3","4","25","1","3","22","0","5","0","526","0","32","51","16","0","14","3","54","62","6819"
"2018-02-22 00:00:00","4","2","6","14","0","4","23","4","6","0","489","3","23","60","5","0","18","7","52","69","6678"
"2018-02-23 00:00:00","4","4","2","12","1","1","11","1","6","0","471","1","25","55","7","0","12","1","60","77","5860"
"2018-02-24 00:00:00","1","4","1","17","1","1","9","2","1","0","458","0","21","58","7","0","5","1","39","61","3349"
"2018-02-25 00:00:00","4","2","1","11","1","4","6","3","5","0","436","0","30","62","9","0","5","0","32","68","3388"
"2018-02-26 00:00:00","3","5","1","23","1","7","14","8","5","0","472","3","34","67","5","0","11","3","69","82","6097"
"2018-02-27 00:00:00","4","2","0","18","0","2","18","7","10","0","496","2","39","62","9","0","10","3","82","59","6575"
"2018-02-28 00:00:00","4","3","1","15","1","4","10","3","2","0","499","1","45","72","7","0","14","0","71","64","6567"
"2018-03-01 00:00:00","4","6","4","16","0","2","24","5","4","0","493","2","25","64","8","0","14","2","67","63","6303"
"2018-03-02 00:00:00","3","0","0","14","0","2","17","2","4","0","470","2","33","60","4","0","4","3","47","49","5841"
"2018-03-03 00:00:00","2","5","3","9","0","3","10","5","1","0","375","1","24","53","5","0","7","3","32","51","3550"
"2018-03-04 00:00:00","3","2","2","17","1","2","17","1","1","0","468","2","23","63","5","0","4","1","35","58","3532"
"2018-03-05 00:00:00","4","10","1","16","1","1","10","3","8","0","489","1","40","57","7","0","9","5","54","61","6227"
"2018-03-06 00:00:00","6","6","2","13","0","1","15","3","4","0","490","2","32","64","4","0","16","4","67","65","6599"
"2018-03-07 00:00:00","4","3","1","20","2","3","17","4","10","0","530","1","31","66","6","0","16","1","47","72","6727"
"2018-03-08 00:00:00","7","1","3","18","0","2","20","0","11","0","514","0","28","59","6","0","19","3","60","79","6640"
"2018-03-09 00:00:00","3","4","1","13","2","2","16","2","5","0","431","2","31","61","3","0","12","2","47","64","6053"
"2018-03-10 00:00:00","2","2","1","23","0","0","6","2","1","0","410","0","35","47","6","0","8","3","37","53","3505"
"2018-03-11 00:00:00","2","1","2","13","1","1","6","2","3","0","410","0","22","69","6","0","8","0","43","48","3476"
"2018-03-12 00:00:00","2","5","1","13","0","0","18","0","4","0","478","0","41","71","3","15","18","3","61","74","6281"
"2018-03-13 00:00:00","1","1","3","11","3","1","15","3","4","0","496","1","32","63","5","9","24","4","76","73","6788"
"2018-03-14 00:00:00","3","6","3","19","1","2","12","3","3","0","475","0","29","57","7","6","20","5","74","59","6829"
"2018-03-15 00:00:00","3","6","0","17","1","4","13","4","7","0","459","1","29","65","9","8","13","0","71","77","6807"
"2018-03-16 00:00:00","3","3","2","14","3","1","16","2","6","0","405","4","26","71","9","3","12","2","69","64","6129"
"2018-03-17 00:00:00","3","1","3","14","0","4","6","0","5","0","399","1","28","42","2","4","10","2","41","64","3435"
"2018-03-18 00:00:00","3","2","0","15","0","5","5","0","4","0","431","0","23","62","3","2","8","0","48","56","3356"
"2018-03-19 00:00:00","1","6","0","10","3","4","24","2","2","0","480","3","26","72","7","5","17","5","68","56","6420"
"2018-03-20 00:00:00","1","2","3","24","1","2","16","4","4","0","477","2","39","72","9","3","15","6","73","65","6832"
"2018-03-21 00:00:00","1","2","1","11","1","2","13","4","12","0","532","1","34","66","6","7","21","4","68","75","7011"
"2018-03-22 00:00:00","3","4","0","13","0","3","18","7","5","0","499","1","38","89","4","4","13","2","63","72","6759"
"2018-03-23 00:00:00","2","4","4","13","1","5","12","2","1","0","454","3","44","65","6","4","15","3","70","71","5965"
"2018-03-24 00:00:00","2","1","0","15","0","2","5","2","6","0","406","0","30","55","5","3","5","3","43","54","3503"
"2018-03-25 00:00:00","0","3","1","18","0","0","7","1","4","0","420","1","23","62","4","4","7","2","44","47","3492"
"2018-03-26 00:00:00","2","4","1","18","1","2","9","4","3","0","501","1","33","67","8","4","14","3","80","84","6459"
"2018-03-27 00:00:00","2","4","2","17","1","1","20","5","2","0","466","1","34","74","6","3","24","2","65","78","6909"
"2018-03-28 00:00:00","3","3","2","18","0","1","13","3","1","0","480","1","39","52","7","17","9","5","68","66","6831"
"2018-03-29 00:00:00","2","4","1","18","0","3","9","3","7","0","473","0","31","61","4","14","10","2","62","69","6383"
"2018-03-30 00:00:00","4","7","1","19","0","0","9","1","6","0","469","0","34","53","5","14","11","3","56","57","4998"
"2018-03-31 00:00:00","0","1","0","13","0","1","3","1","7","0","433","1","31","49","1","3","6","3","39","57","3305"
"2018-04-01 00:00:00","4","2","2","6","1","3","8","2","3","0","415","1","16","54","4","8","7","2","45","41","3139"
"2018-04-02 00:00:00","1","2","1","20","0","1","14","3","4","0","467","2","22","56","2","3","13","3","57","55","5262"
"2018-04-03 00:00:00","2","4","1","17","0","2","12","2","3","0","510","1","29","65","4","3","13","5","78","69","6434"
"2018-04-04 00:00:00","4","5","2","15","0","4","15","2","11","0","488","3","47","56","4","4","23","1","76","88","6749"
"2018-04-05 00:00:00","2","8","1","19","0","5","17","5","8","0","519","0","32","61","6","5","7","0","74","69","6630"
"2018-04-06 00:00:00","4","6","1","9","1","3","9","1","2","0","511","0","23","69","5","3","11","4","62","63","5948"
"2018-04-07 00:00:00","3","2","1","17","0","1","9","0","2","0","438","1","26","52","1","4","12","1","42","45","3311"
"2018-04-08 00:00:00","3","4","0","19","1","3","10","2","5","0","450","0","24","50","3","1","7","0","49","50","3399"
"2018-04-09 00:00:00","5","1","2","16","1","1","16","2","3","0","526","0","32","65","6","2","19","2","61","60","6087"
"2018-04-10 00:00:00","4","6","4","15","1","3","10","3","4","0","557","1","40","61","12","5","21","3","68","66","6687"
"2018-04-11 00:00:00","6","2","3","20","1","1","17","2","6","0","497","0","37","76","5","5","5","3","66","70","6811"
"2018-04-12 00:00:00","2","7","1","17","1","2","19","4","2","0","504","0","34","79","3","1","16","2","97","69","6779"
"2018-04-13 00:00:00","6","5","2","9","0","0","12","10","5","0","458","0","43","60","4","4","7","2","64","80","5932"
"2018-04-14 00:00:00","6","4","0","12","0","0","15","2","4","0","437","2","23","36","2","0","3","1","47","55","3338"
"2018-04-15 00:00:00","3","2","2","18","0","1","7","5","0","0","491","1","29","70","4","5","5","2","46","53","3358"
"2018-04-16 00:00:00","3","4","0","14","2","2","21","1","4","0","539","2","28","51","4","5","23","3","66","79","6265"
"2018-04-17 00:00:00","3","4","1","24","1","1","13","1","5","0","527","2","43","70","11","8","20","4","80","74","6716"
"2018-04-18 00:00:00","4","5","1","10","1","4","14","2","3","0","549","0","30","60","5","2","12","0","71","82","6673"
"2018-04-19 00:00:00","3","6","2","17","1","0","15","4","5","0","514","3","32","69","4","4","11","2","72","76","6675"
"2018-04-20 00:00:00","2","1","2","17","0","3","20","3","5","0","490","1","24","44","4","0","16","3","73","78","6013"
"2018-04-21 00:00:00","4","1","2","14","0","2","15","0","3","0","438","0","15","65","3","7","4","1","43","46","3148"
"2018-04-22 00:00:00","1","2","1","13","0","0","6","3","2","0","492","0","29","53","1","5","6","1","40","62","3349"
"2018-04-23 00:00:00","3","5","0","15","0","2","29","2","6","0","472","0","27","54","5","8","6","3","71","76","6177"
"2018-04-24 00:00:00","3","6","1","16","0","2","23","4","5","0","541","0","31","58","4","4","12","3","74","83","6546"
"2018-04-25 00:00:00","4","3","1","10","0","2","18","1","6","0","540","0","25","64","4","6","6","6","85","85","6537"
"2018-04-26 00:00:00","2","6","2","14","2","2","22","6","2","0","524","0","38","62","5","2","8","3","104","68","6519"
"2018-04-27 00:00:00","2","6","1","13","1","2","16","3","3","0","470","2","25","65","4","4","10","4","55","66","5773"
"2018-04-28 00:00:00","2","1","0","18","1","2","9","4","3","0","457","0","22","61","2","2","2","0","42","54","3317"
"2018-04-29 00:00:00","1","3","0","19","0","3","11","2","2","0","503","0","21","49","8","0","4","2","52","59","3310"
"2018-04-30 00:00:00","4","1","0","18","1","2","15","2","7","0","527","1","40","64","8","3","4","8","72","65","5547"
"2018-05-01 00:00:00","4","2","3","13","1","2","13","0","4","0","548","0","32","60","6","5","7","0","59","73","5090"
"2018-05-02 00:00:00","1","5","0","11","1","0","16","1","3","0","519","3","30","66","9","0","8","1","63","78","6438"
"2018-05-03 00:00:00","5","5","2","14","0","4","15","2","3","0","554","1","39","58","7","2","9","4","82","77","6518"
"2018-05-04 00:00:00","2","2","3","8","0","0","14","1","6","0","469","0","27","66","8","2","3","2","68","61","6016"
"2018-05-05 00:00:00","1","3","1","7","0","2","7","1","3","0","431","1","16","41","3","1","1","2","34","49","3359"
"2018-05-06 00:00:00","2","2","1","12","1","5","14","0","3","0","496","0","32","66","8","0","2","1","41","54","3353"
"2018-05-07 00:00:00","4","3","2","20","2","1","20","2","8","0","542","1","33","80","8","2","4","0","75","77","5889"
"2018-05-08 00:00:00","3","3","4","9","1","2","26","3","6","0","497","1","35","60","10","0","6","3","76","65","6296"
"2018-05-09 00:00:00","3","4","5","17","4","2","21","3","7","0","523","0","32","52","5","2","10","4","78","73","6379"
"2018-05-10 00:00:00","6","3","1","10","0","1","15","2","4","0","509","0","28","66","3","0","7","3","53","64","6197"
"2018-05-11 00:00:00","3","5","3","23","0","2","18","4","8","0","477","0","34","55","8","2","8","1","61","58","5994"
"2018-05-12 00:00:00","3","2","1","11","2","1","12","2","0","0","401","1","29","49","7","2","7","2","44","39","3135"
"2018-05-13 00:00:00","1","3","3","13","0","1","15","6","3","0","474","0","21","47","5","2","3","0","48","40","3218"
"2018-05-14 00:00:00","5","6","2","16","3","1","17","4","4","0","508","3","29","65","10","4","6","1","79","82","6030"
"2018-05-15 00:00:00","5","2","0","15","0","5","14","7","10","0","479","0","34","60","11","6","12","4","63","70","6577"
"2018-05-16 00:00:00","2","2","2","14","1","0","15","3","3","0","476","0","24","60","12","2","11","2","75","79","6695"
"2018-05-17 00:00:00","1","2","1","12","1","2","18","5","7","0","436","2","39","68","5","3","14","4","94","74","6485"
"2018-05-18 00:00:00","7","2","1","14","0","3","22","3","4","0","403","3","31","65","6","3","9","4","60","70","5836"
"2018-05-19 00:00:00","6","2","0","11","0","1","13","2","3","0","367","2","27","49","4","4","4","1","39","48","3091"
"2018-05-20 00:00:00","1","1","3","8","0","1","12","3","5","0","479","0","31","58","2","4","8","1","48","55","3166"
"2018-05-21 00:00:00","3","5","0","18","1","1","31","6","4","0","450","0","32","73","5","1","6","3","55","58","5645"
"2018-05-22 00:00:00","4","4","4","18","1","4","17","3","4","0","482","0","27","68","9","2","9","2","67","79","6421"
"2018-05-23 00:00:00","3","3","0","11","0","4","35","7","7","0","523","1","43","61","8","1","18","2","78","67","6675"
"2018-05-24 00:00:00","2","5","0","15","1","2","20","3","7","0","429","1","44","78","7","1","12","6","64","67","6617"
"2018-05-25 00:00:00","1","4","0","12","1","5","17","2","5","0","414","1","34","53","4","4","6","1","63","50","5756"
"2018-05-26 00:00:00","1","1","0","18","0","2","13","1","4","0","368","1","33","62","0","1","6","0","49","45","3080"
"2018-05-27 00:00:00","2","1","0","11","0","2","9","2","3","0","416","1","22","53","3","6","3","3","40","62","3066"
"2018-05-28 00:00:00","1","7","0","20","0","0","25","3","3","0","446","2","34","64","1","4","12","4","67","58","5440"
"2018-05-29 00:00:00","7","2","2","16","2","0","29","1","0","0","420","0","37","66","4","1","12","1","69","71","6289"
"2018-05-30 00:00:00","5","5","1","22","0","2","26","4","5","0","441","0","33","71","3","3","11","3","53","67","6510"
"2018-05-31 00:00:00","2","3","2","19","1","2","24","3","4","0","439","1","32","55","7","5","14","2","64","69","6221"
"2018-06-01 00:00:00","1","2","0","12","1","3","9","3","8","0","382","0","32","52","4","6","10","1","50","59","5622"
"2018-06-02 00:00:00","1","3","1","13","0","2","7","2","6","0","399","0","24","42","8","0","7","2","34","58","3085"
"2018-06-03 00:00:00","1","2","2","19","0","2","7","0","2","0","387","2","32","51","4","2","3","2","35","43","3081"
"2018-06-04 00:00:00","4","5","1","15","2","0","20","4","9","0","416","1","31","67","9","4","6","3","47","62","5890"
"2018-06-05 00:00:00","4","6","1","19","0","6","21","1","7","0","430","1","45","50","15","3","5","4","67","62","6528"
"2018-06-06 00:00:00","2","2","3","15","0","1","13","3","6","0","432","0","33","60","11","2","7","1","60","67","6632"
"2018-06-07 00:00:00","1","1","0","10","0","2","9","4","8","0","409","3","33","56","14","4","8","2","61","58","6424"
"2018-06-08 00:00:00","3","7","1","12","1","4","15","4","9","0","357","2","27","47","8","3","6","1","46","50","5757"
"2018-06-09 00:00:00","1","4","0","10","0","1","8","1","7","0","347","0","26","59","2","3","1","1","34","46","3035"
"2018-06-10 00:00:00","1","4","3","15","0","4","11","1","4","0","375","2","23","56","2","4","6","2","35","50","3010"
"2018-06-11 00:00:00","3","2","1","16","1","2","20","5","9","0","408","0","29","48","6","7","14","0","61","76","5933"
"2018-06-12 00:00:00","1","4","0","19","0","3","25","3","5","0","442","1","34","68","7","4","4","1","71","58","6369"
"2018-06-13 00:00:00","1","6","0","17","1","4","19","2","12","0","430","2","28","55","8","2","7","3","71","51","6521"
"2018-06-14 00:00:00","6","6","2","11","0","2","17","1","5","0","401","2","32","62","5","7","11","2","79","56","6184"
"2018-06-15 00:00:00","3","1","0","15","0","6","13","1","3","0","360","0","22","43","6","4","11","3","70","54","5211"
"2018-06-16 00:00:00","2","3","0","9","1","3","7","2","3","0","338","0","35","34","3","2","1","2","36","40","2709"
"2018-06-17 00:00:00","1","1","1","12","0","0","10","3","5","0","346","1","34","43","3","3","5","1","37","35","2778"
"2018-06-18 00:00:00","4","4","1","10","1","3","18","2","4","0","424","3","30","44","9","2","10","1","71","54","5826"
"2018-06-19 00:00:00","4","4","0","16","0","5","22","2","4","0","388","1","28","59","6","7","12","4","75","55","6301"
"2018-06-20 00:00:00","4","2","1","12","1","3","15","1","8","0","386","0","30","63","6","5","14","1","66","79","6530"
"2018-06-21 00:00:00","2","5","2","18","0","2","18","1","6","0","406","2","33","58","4","8","16","2","64","58","6488"
"2018-06-22 00:00:00","3","5","4","12","0","2","16","1","8","0","337","0","32","60","4","1","14","2","53","55","5601"
"2018-06-23 00:00:00","3","2","2","14","0","2","4","1","7","0","294","0","17","31","4","0","3","1","34","37","2839"
"2018-06-24 00:00:00","2","2","0","12","0","2","6","3","1","0","312","1","17","60","4","7","7","0","31","56","2795"
"2018-06-25 00:00:00","2","4","2","20","0","2","16","5","7","0","357","1","30","43","9","2","8","3","66","59","5980"
"2018-06-26 00:00:00","5","2","1","18","1","4","16","2","4","0","389","1","41","44","10","5","9","2","54","62","6312"
"2018-06-27 00:00:00","3","4","1","15","0","1","12","1","6","0","397","2","35","59","8","6","14","1","54","55","6438"
"2018-06-28 00:00:00","9","5","1","10","0","1","15","6","4","0","371","4","30","47","5","4","16","3","54","80","6305"
"2018-06-29 00:00:00","3","2","1","11","0","3","8","2","8","0","316","0","33","47","2","11","16","2","56","58","5649"
"2018-06-30 00:00:00","1","5","1","16","0","4","7","0","2","0","279","2","19","50","3","5","4","2","20","33","2742"
"2018-07-01 00:00:00","4","4","0","12","0","2","7","1","1","0","297","1","26","43","2","4","5","1","32","46","2720"
"2018-07-02 00:00:00","3","4","0","23","0","3","14","1","4","0","361","1","22","54","5","2","14","1","45","55","5582"
"2018-07-03 00:00:00","6","4","1","13","0","1","14","6","9","0","355","1","26","48","3","6","19","1","55","62","6120"
"2018-07-04 00:00:00","3","0","1","18","1","3","20","2","6","0","389","1","34","44","2","5","16","0","50","54","5583"
"2018-07-05 00:00:00","5","4","1","16","0","2","18","3","7","0","347","1","39","49","7","3","23","4","59","63","6198"
"2018-07-06 00:00:00","5","4","2","17","0","3","20","2","10","0","333","1","33","37","3","1","9","1","59","59","5551"
"2018-07-07 00:00:00","2","2","0","15","0","3","8","3","3","0","262","0","25","33","5","2","10","3","23","37","2775"
"2018-07-08 00:00:00","3","3","2","14","1","1","12","1","2","0","325","1","33","29","2","5","9","0","30","44","2880"
"2018-07-09 00:00:00","4","4","3","13","0","1","20","1","2","0","344","1","25","44","4","4","11","2","48","62","5982"
"2018-07-10 00:00:00","3","2","4","13","1","1","17","0","2","0","363","1","25","48","10","5","15","2","70","66","6359"
"2018-07-11 00:00:00","2","2","1","8","0","2","14","2","4","0","331","0","25","52","4","4","11","2","60","51","6489"
"2018-07-12 00:00:00","2","2","0","10","0","5","15","2","6","0","350","1","38","50","7","4","12","0","50","62","6466"
"2018-07-13 00:00:00","3","7","1","13","0","0","20","2","6","0","351","1","26","48","6","5","6","6","67","48","5722"
"2018-07-14 00:00:00","3","1","2","13","0","0","10","0","2","0","288","1","23","48","3","1","4","0","34","54","2885"
"2018-07-15 00:00:00","3","1","1","7","0","2","6","0","2","0","298","0","17","38","5","3","6","1","34","34","2817"
"2018-07-16 00:00:00","2","1","1","6","0","0","19","0","3","0","335","1","37","43","4","6","10","1","57","65","5917"
"2018-07-17 00:00:00","5","4","4","15","0","2","16","0","4","0","323","1","36","56","7","3","12","5","60","73","6535"
"2018-07-18 00:00:00","3","4","1","7","0","2","17","1","5","0","356","2","32","67","6","1","12","1","59","53","6649"
"2018-07-19 00:00:00","3","6","3","15","0","2","17","2","9","0","352","2","33","57","8","5","13","4","63","55","6600"
"2018-07-20 00:00:00","5","4","1","19","0","2","21","3","4","0","311","1","32","41","9","3","13","1","55","66","5743"
"2018-07-21 00:00:00","1","2","1","13","0","0","11","2","2","0","262","0","20","50","2","2","3","0","28","41","2890"
"2018-07-22 00:00:00","3","3","1","10","0","1","17","4","2","0","287","0","22","52","4","2","4","2","34","41","2867"
"2018-07-23 00:00:00","6","4","1","9","0","1","11","1","6","0","323","0","31","48","3","4","17","4","44","63","5946"
"2018-07-24 00:00:00","4","3","2","14","0","2","11","1","1","0","318","1","26","57","6","5","19","2","64","67","6409"
"2018-07-25 00:00:00","2","4","1","10","0","4","11","1","6","0","345","3","34","54","7","0","23","3","78","49","6401"
"2018-07-26 00:00:00","1","10","3","9","0","2","13","4","7","0","323","1","41","40","6","4","12","2","72","44","6318"
"2018-07-27 00:00:00","2","6","4","18","0","1","19","5","5","0","306","0","21","53","5","2","16","3","51","49","5574"
"2018-07-28 00:00:00","1","2","1","13","0","0","9","5","4","0","259","1","26","47","5","3","7","0","45","44","2826"
"2018-07-29 00:00:00","2","8","2","16","0","1","5","2","3","0","268","0","20","44","3","3","6","1","38","36","2937"
"2018-07-30 00:00:00","5","6","0","8","0","1","23","3","11","0","322","0","27","54","9","1","18","0","66","61","5842"
"2018-07-31 00:00:00","4","4","1","16","2","1","17","1","4","0","351","1","23","48","9","2","15","6","73","60","6449"
"2018-08-01 00:00:00","5","1","0","13","0","2","17","4","5","0","315","1","24","46","10","2","18","2","56","46","6483"
"2018-08-02 00:00:00","4","5","3","11","0","2","20","3","8","0","326","2","24","58","8","1","16","5","55","62","6266"
"2018-08-03 00:00:00","3","5","0","10","0","5","19","2","4","0","320","0","34","46","7","3","7","2","67","56","5513"
"2018-08-04 00:00:00","5","6","0","12","0","1","14","0","4","0","305","1","14","49","2","2","5","2","34","36","2774"
"2018-08-05 00:00:00","2","5","0","9","0","1","5","4","3","0","306","0","32","48","3","1","8","2","33","43","2738"
"2018-08-06 00:00:00","1","7","3","11","0","1","23","3","6","0","317","1","34","42","5","3","12","1","74","54","5664"
"2018-08-07 00:00:00","5","5","3","13","0","5","23","1","7","0","360","1","37","46","6","8","11","1","53","51","6319"
"2018-08-08 00:00:00","5","6","0","7","0","1","20","8","12","0","369","1","25","52","11","4","13","4","48","62","6395"
"2018-08-09 00:00:00","2","4","1","8","0","5","21","2","3","0","354","0","35","60","4","1","10","3","64","64","6323"
"2018-08-10 00:00:00","2","8","0","5","1","1","13","2","8","0","363","0","23","46","4","1","3","2","42","63","5584"
"2018-08-11 00:00:00","3","5","0","6","0","4","12","2","4","0","315","0","10","47","5","2","7","1","24","39","2877"
"2018-08-12 00:00:00","4","1","1","7","0","0","12","0","8","0","344","0","22","44","3","2","6","2","33","42","2875"
"2018-08-13 00:00:00","4","1","2","9","1","5","24","1","6","0","356","1","35","50","6","1","12","1","45","46","5839"
"2018-08-14 00:00:00","4","3","1","5","1","1","13","3","3","0","370","2","32","54","4","3","10","1","66","55","5989"
"2018-08-15 00:00:00","2","4","1","14","1","2","15","2","2","0","376","0","35","56","1","3","14","2","46","44","5355"
"2018-08-16 00:00:00","9","4","1","8","1","3","20","2","10","0","345","2","26","51","7","1","13","0","57","53","6029"
"2018-08-17 00:00:00","2","2","2","8","1","0","20","1","10","0","319","0","29","45","2","2","10","3","61","57","5376"
"2018-08-18 00:00:00","2","3","1","7","0","2","19","1","6","0","313","0","19","48","5","0","2","0","34","38","2855"
"2018-08-19 00:00:00","3","4","1","12","0","0","9","4","5","0","337","0","23","53","7","1","8","0","23","50","2876"
"2018-08-20 00:00:00","9","1","0","15","2","3","16","2","8","0","346","0","21","63","3","1","15","5","59","53","5467"
"2018-08-21 00:00:00","4","2","3","11","1","2","21","2","9","0","398","0","25","57","6","4","15","0","62","74","5918"
"2018-08-22 00:00:00","3","2","2","19","0","2","28","2","4","0","357","1","27","63","2","3","17","2","63","67","5924"
"2018-08-23 00:00:00","5","5","2","7","0","4","17","3","7","0","343","3","25","57","7","2","11","2","65","61","6112"
"2018-08-24 00:00:00","6","4","1","15","0","0","14","2","5","0","329","0","20","59","6","2","7","3","47","69","5511"
"2018-08-25 00:00:00","1","4","1","9","0","1","7","1","4","0","297","3","22","47","7","0","5","0","43","40","2891"
"2018-08-26 00:00:00","1","4","4","12","0","2","9","0","1","0","336","1","25","59","4","0","6","1","34","54","2840"
"2018-08-27 00:00:00","6","4","3","9","0","2","8","4","1","0","350","1","29","43","5","1","13","1","52","78","5568"
"2018-08-28 00:00:00","4","2","4","17","0","0","25","1","6","0","372","2","26","56","3","2","11","2","63","57","6186"
"2018-08-29 00:00:00","3","1","3","14","1","0","9","1","4","0","402","2","25","60","8","6","15","1","56","63","6406"
"2018-08-30 00:00:00","3","3","3","11","0","1","14","2","8","0","385","1","28","49","6","2","10","5","56","60","6202"
"2018-08-31 00:00:00","2","0","0","12","1","1","14","3","4","0","363","1","38","64","1","3","9","4","54","69","5290"
"2018-09-01 00:00:00","3","3","1","8","1","1","7","5","6","0","319","1","19","54","1","0","1","2","31","58","2840"
"2018-09-02 00:00:00","5","4","1","6","0","1","11","3","5","0","355","1","37","52","2","4","5","3","27","46","2731"
"2018-09-03 00:00:00","1","2","6","7","1","1","16","0","3","0","354","1","34","40","7","4","5","2","54","55","4980"
"2018-09-04 00:00:00","3","3","2","13","0","4","9","0","8","0","417","1","32","61","4","2","12","1","56","55","5724"
"2018-09-05 00:00:00","4","1","4","14","0","3","17","1","6","0","404","0","31","59","2","7","12","2","57","88","6177"
"2018-09-06 00:00:00","7","2","1","12","0","5","17","3","9","0","410","1","24","56","7","1","8","1","44","70","5854"
"2018-09-07 00:00:00","7","5","1","11","0","0","16","2","3","0","350","0","25","56","3","0","15","4","57","65","5379"
"2018-09-08 00:00:00","1","1","0","15","0","0","12","1","7","0","354","1","23","48","2","3","6","3","40","37","2933"
"2018-09-09 00:00:00","5","3","0","13","0","1","11","2","1","0","353","0","24","47","2","3","5","2","32","53","2979"
"2018-09-10 00:00:00","4","9","3","16","0","6","22","2","4","0","426","0","20","63","7","3","10","1","42","51","5457"
"2018-09-11 00:00:00","4","3","1","7","0","1","20","2","1","0","410","1","35","66","5","3","6","2","51","61","5904"
"2018-09-12 00:00:00","2","3","3","13","0","0","18","2","9","0","413","2","23","68","9","5","4","5","67","64","6009"
"2018-09-13 00:00:00","7","1","1","11","1","4","20","3","8","0","438","2","34","58","2","0","6","2","65","59","5785"
"2018-09-14 00:00:00","7","1","1","16","1","1","18","1","4","0","378","3","31","59","11","2","9","4","59","49","5425"
"2018-09-15 00:00:00","8","5","0","11","0","1","11","2","7","0","358","1","21","49","0","2","4","1","24","48","2815"
"2018-09-16 00:00:00","1","2","0","11","0","1","24","1","3","0","386","1","24","49","4","1","8","0","31","39","3026"
"2018-09-17 00:00:00","2","3","4","19","1","3","9","3","5","0","431","0","29","55","8","4","6","4","52","56","5571"
"2018-09-18 00:00:00","2","3","1","9","0","0","21","2","3","0","436","0","28","60","7","3","13","3","59","42","6034"
"2018-09-19 00:00:00","6","6","0","10","1","4","20","2","5","0","393","4","28","57","7","0","6","2","60","64","6092"
"2018-09-20 00:00:00","7","3","2","13","0","1","29","1","6","0","400","1","26","59","2","2","4","0","65","69","6098"
"2018-09-21 00:00:00","2","3","2","13","1","3","20","4","6","0","435","0","34","52","4","1","6","2","56","43","5517"
"2018-09-22 00:00:00","2","2","2","15","0","1","11","1","3","0","329","1","26","42","0","2","2","0","42","40","2895"
"2018-09-23 00:00:00","6","3","1","21","0","2","17","1","4","0","418","1","21","51","4","2","4","0","38","46","2922"
"2018-09-24 00:00:00","4","4","0","8","0","2","19","0","3","0","363","0","21","58","5","4","10","2","52","73","5587"
"2018-09-25 00:00:00","1","6","3","13","2","3","22","3","4","0","470","1","33","43","10","2","11","0","58","63","6132"
"2018-09-26 00:00:00","1","5","0","11","1","2","13","0","8","0","507","1","29","53","7","2","6","0","55","60","6218"
"2018-09-27 00:00:00","1","3","0","14","0","1","21","0","6","0","434","0","24","60","9","1","7","4","67","62","6078"
"2018-09-28 00:00:00","1","3","0","12","1","3","13","4","2","0","386","1","24","54","2","3","6","1","67","59","5376"
"2018-09-29 00:00:00","1","5","0","19","0","3","8","2","4","0","371","3","13","49","8","0","3","0","28","46","2971"
"2018-09-30 00:00:00","6","5","1","15","0","1","12","4","2","0","421","0","22","60","2","3","4","1","42","48","3002"
"2018-10-01 00:00:00","0","3","2","17","0","0","21","1","3","0","461","2","28","45","3","3","14","1","61","50","5448"
"2018-10-02 00:00:00","6","5","1","11","1","1","21","3","4","0","466","0","29","73","3","4","7","3","59","57","5515"
"2018-10-03 00:00:00","5","3","1","13","1","3","29","1","3","0","454","1","30","62","2","3","9","1","72","57","6055"
"2018-10-04 00:00:00","4","7","2","10","2","2","24","1","5","0","437","2","28","50","6","2","4","2","60","58","6145"
"2018-10-05 00:00:00","4","2","1","15","1","0","15","1","3","0","375","0","30","60","4","5","8","3","63","59","5609"
"2018-10-06 00:00:00","4","9","1","15","1","0","12","4","3","0","379","0","21","52","4","1","9","1","48","46","3001"
"2018-10-07 00:00:00","5","5","2","16","0","0","11","4","3","0","432","1","17","44","7","4","2","1","46","38","2993"
"2018-10-08 00:00:00","2","2","0","17","0","0","18","3","7","0","442","0","32","60","8","2","4","1","59","48","5607"
"2018-10-09 00:00:00","8","0","2","14","1","1","16","3","2","0","491","1","38","53","7","2","9","2","69","50","6092"
"2018-10-10 00:00:00","4","5","2","13","0","1","12","4","4","0","478","0","33","47","3","1","11","4","69","42","6213"
"2018-10-11 00:00:00","3","2","1","14","0","2","13","2","1","0","469","1","34","61","7","3","4","1","64","50","6408"
"2018-10-12 00:00:00","4","5","0","20","0","1","13","4","6","0","405","1","30","59","2","2","6","3","56","60","5677"
"2018-10-13 00:00:00","1","1","0","9","1","0","9","1","6","0","398","0","33","47","4","0","4","2","39","35","3005"
"2018-10-14 00:00:00","3","3","1","8","0","4","10","2","6","0","477","2","26","60","3","2","4","0","32","29","3077"
"2018-10-15 00:00:00","8","3","0","14","1","1","11","4","5","0","513","1","33","71","6","5","8","1","44","58","5680"
"2018-10-16 00:00:00","4","4","3","13","1","2","16","3","4","0","473","1","21","56","2","2","9","3","58","48","6097"
"2018-10-17 00:00:00","4","11","1","16","0","4","14","1","5","0","505","1","42","58","7","2","12","1","69","45","6172"
"2018-10-18 00:00:00","5","2","2","22","1","0","12","3","5","0","446","0","34","52","9","8","9","1","59","55","5966"
"2018-10-19 00:00:00","8","6","1","10","0","2","13","1","7","0","457","0","32","61","3","5","10","4","54","56","5330"
"2018-10-20 00:00:00","2","2","2","9","0","1","14","2","5","0","405","0","27","56","3","3","2","3","26","55","3089"
"2018-10-21 00:00:00","7","5","0","7","0","3","8","2","6","0","469","0","35","48","5","5","2","5","36","42","3105"
"2018-10-22 00:00:00","4","2","2","11","0","3","14","2","9","0","500","1","37","65","5","3","13","2","57","50","5787"
"2018-10-23 00:00:00","3","3","4","19","1","3","10","2","5","0","550","0","30","60","6","0","7","1","64","54","6322"
"2018-10-24 00:00:00","10","9","1","18","0","3","22","2","7","0","488","0","41","53","9","8","11","2","62","66","6270"
"2018-10-25 00:00:00","6","5","0","15","0","4","12","1","3","0","532","0","31","67","6","2","4","2","44","60","6295"
"2018-10-26 00:00:00","2","5","0","8","3","2","15","4","4","0","436","2","32","51","3","2","5","2","50","53","5600"
"2018-10-27 00:00:00","2","2","4","14","0","0","5","0","5","0","416","0","24","57","4","3","4","2","33","60","2941"
"2018-10-28 00:00:00","3","5","3","9","0","1","11","2","5","0","479","1","19","54","8","0","8","3","26","41","3084"
"2018-10-29 00:00:00","5","4","1","28","0","5","15","5","5","0","474","1","30","59","3","5","13","2","50","62","5861"
"2018-10-30 00:00:00","2","4","1","17","0","2","16","0","5","0","562","3","40","63","3","4","6","1","53","67","5976"
"2018-10-31 00:00:00","1","5","1","15","0","2","21","3","7","0","449","2","31","43","3","1","5","0","64","65","6014"
"2018-11-01 00:00:00","6","0","0","18","0","1","17","1","4","0","467","2","30","63","8","2","5","0","47","52","5518"
"2018-11-02 00:00:00","7","3","1","19","1","1","9","3","5","0","417","2","27","57","2","1","6","1","66","65","4992"
"2018-11-03 00:00:00","2","3","1","19","0","1","11","2","7","0","436","2","25","57","3","2","6","1","43","52","2927"
"2018-11-04 00:00:00","1","4","1","13","0","3","9","1","6","0","507","0","28","48","1","6","4","0","32","52","3143"
"2018-11-05 00:00:00","7","7","0","15","1","1","19","1","5","0","508","0","22","52","6","6","4","3","56","60","5589"
"2018-11-06 00:00:00","2","3","3","11","1","2","20","3","3","0","490","1","32","48","2","2","7","2","44","49","5665"
"2018-11-07 00:00:00","5","3","3","11","0","0","15","4","7","0","463","2","22","67","2","4","10","2","67","61","5724"
"2018-11-08 00:00:00","5","4","4","19","0","2","15","1","2","0","490","1","34","61","6","2","8","1","59","70","5816"
"2018-11-09 00:00:00","3","4","1","16","1","0","16","1","8","0","455","2","40","52","4","3","3","0","62","56","5355"
"2018-11-10 00:00:00","5","4","3","22","1","2","8","1","4","0","423","1","28","57","2","4","0","3","41","56","3041"
"2018-11-11 00:00:00","2","3","0","12","1","0","13","0","5","0","475","0","27","46","3","2","3","1","37","47","3069"
"2018-11-12 00:00:00","2","4","4","22","0","0","18","1","3","0","474","3","29","59","5","0","5","1","47","69","5581"
"2018-11-13 00:00:00","4","7","1","12","0","0","15","4","5","0","488","0","26","61","1","3","11","3","55","55","6067"
"2018-11-14 00:00:00","2","7","2","16","1","1","18","2","3","0","473","0","33","52","4","4","9","2","63","64","6130"
"2018-11-15 00:00:00","6","4","1","14","1","1","16","1","8","0","521","1","26","72","6","6","9","2","62","68","6031"
"2018-11-16 00:00:00","5","6","1","14","0","4","17","2","3","0","420","1","26","56","7","3","9","1","61","63","5480"
"2018-11-17 00:00:00","10","5","0","23","1","1","14","0","7","0","397","0","23","60","4","4","6","1","33","53","3029"
"2018-11-18 00:00:00","2","3","4","8","0","1","9","2","6","0","473","2","24","51","5","3","2","1","39","51","3190"
"2018-11-19 00:00:00","2","5","2","10","0","1","15","1","3","0","504","1","36","62","2","3","9","3","51","60","5580"
"2018-11-20 00:00:00","4","3","2","8","1","1","15","2","7","0","474","0","38","47","2","6","7","3","63","74","6056"
"2018-11-21 00:00:00","4","10","1","10","0","1","8","0","10","0","501","1","39","69","2","7","12","0","57","59","6018"
"2018-11-22 00:00:00","6","6","0","16","0","4","9","2","4","0","416","1","34","59","7","2","8","2","46","51","5383"
"2018-11-23 00:00:00","5","6","0","8","0","2","12","2","5","0","374","0","29","52","4","3","2","2","50","51","4620"
"2018-11-24 00:00:00","6","0","1","11","0","3","8","1","4","0","407","1","22","67","6","0","4","1","28","52","2992"
"2018-11-25 00:00:00","4","3","1","9","1","2","9","0","5","0","458","0","24","56","1","1","1","1","40","36","3073"
"2018-11-26 00:00:00","10","0","2","6","1","1","8","3","8","0","481","3","30","55","7","6","9","3","69","52","5673"
"2018-11-27 00:00:00","5","1","2","12","0","1","12","1","6","0","466","0","25","54","9","2","9","2","51","63","6177"
"2018-11-28 00:00:00","3","8","3","18","1","3","19","2","6","0","496","0","25","64","0","1","4","3","72","67","6254"
"2018-11-29 00:00:00","1","5","0","20","0","2","19","4","4","0","473","1","31","55","7","1","6","2","80","80","6112"
"2018-11-30 00:00:00","4","2","1","13","1","5","10","0","4","0","446","2","37","67","2","2","5","2","59","61","5464"
"2018-12-01 00:00:00","4","2","1","15","0","0","11","1","3","0","390","0","24","62","0","1","3","3","52","48","3013"
"2018-12-02 00:00:00","2","1","2","25","0","2","12","1","6","0","437","0","25","55","5","2","2","2","55","39","3071"
"2018-12-03 00:00:00","4","4","4","18","1","2","26","3","4","0","498","3","28","54","6","4","4","2","51","76","5763"
"2018-12-04 00:00:00","1","5","2","13","0","1","17","1","2","0","477","0","32","63","6","4","4","4","64","58","6149"
"2018-12-05 00:00:00","3","5","1","17","1","0","22","2","4","0","479","0","33","59","2","8","10","3","80","71","6195"
"2018-12-06 00:00:00","7","6","1","20","0","2","19","2","6","0","446","1","33","64","6","4","10","0","52","72","5979"
"2018-12-07 00:00:00","1","4","4","22","0","0","6","2","2","0","407","1","35","57","0","0","7","2","63","51","5246"
"2018-12-08 00:00:00","6","5","0","12","0","3","8","1","4","0","440","0","17","60","6","2","1","1","47","39","3046"
"2018-12-09 00:00:00","3","8","3","23","0","2","7","2","2","0","443","1","27","39","7","3","4","1","44","58","3061"
"2018-12-10 00:00:00","4","1","2","14","1","3","12","3","5","0","484","2","34","81","6","1","4","4","66","66","5527"
"2018-12-11 00:00:00","2","2","1","16","1","1","13","3","4","0","431","3","32","72","6","4","9","2","73","68","5924"
"2018-12-12 00:00:00","6","3","0","23","1","2","14","1","4","0","435","1","39","66","5","0","5","3","61","58","5914"
"2018-12-13 00:00:00","8","0","1","12","0","1","10","1","2","0","454","0","26","66","7","3","7","3","64","63","5822"
"2018-12-14 00:00:00","4","3","0","12","0","2","20","2","3","0","427","1","28","39","2","5","8","4","54","48","5152"
"2018-12-15 00:00:00","4","3","1","19","0","3","12","1","8","0","355","1","21","64","3","1","4","3","37","47","2752"
"2018-12-16 00:00:00","3","6","1","21","0","1","14","0","4","0","396","1","22","58","3","5","4","2","36","40","2904"
"2018-12-17 00:00:00","4","6","3","17","0","3","15","2","9","0","428","3","36","74","5","4","9","1","61","61","5319"
"2018-12-18 00:00:00","6","9","1","19","1","2","11","1","3","0","396","0","24","53","4","5","10","1","61","58","5624"
"2018-12-19 00:00:00","5","3","1","21","0","1","21","1","8","0","376","2","28","78","6","6","5","0","60","66","5624"
"2018-12-20 00:00:00","4","8","0","21","0","1","17","2","3","0","358","2","43","37","7","2","9","1","64","56","5225"
"2018-12-21 00:00:00","5","2","0","16","0","2","15","1","0","0","313","1","19","48","4","2","5","0","51","56","4378"
"2018-12-22 00:00:00","2","5","0","8","1","3","5","2","4","0","296","1","27","49","5","0","3","2","31","43","2465"
"2018-12-23 00:00:00","3","2","3","17","0","1","13","1","1","0","271","3","22","57","4","2","3","1","28","28","2431"
"2018-12-24 00:00:00","1","1","0","11","0","2","6","0","1","0","284","0","25","48","3","2","1","2","32","42","3120"
"2018-12-25 00:00:00","3","1","1","10","0","1","10","1","0","0","261","1","16","37","1","2","3","2","22","33","2341"
"2018-12-26 00:00:00","4","9","0","9","0","2","14","2","3","0","314","2","24","54","5","2","1","1","32","38","3678"
"2018-12-27 00:00:00","4","5","0","11","1","3","13","0","7","0","303","1","18","61","4","3","8","3","51","57","4213"
"2018-12-28 00:00:00","1","5","1","14","1","2","12","0","6","0","288","2","26","47","2","2","5","3","39","39","4086"
"2018-12-29 00:00:00","4","5","0","9","0","0","10","1","4","0","315","1","20","53","2","6","5","1","43","52","2714"
"2018-12-30 00:00:00","2","3","1","18","1","1","10","0","2","0","299","3","16","56","2","4","3","2","30","41","2521"
"2018-12-31 00:00:00","3","2","0","11","0","4","11","2","4","0","248","1","22","55","3","0","1","1","32","43","2949"
"2019-01-01 00:00:00","1","4","1","15","0","3","10","0","2","0","272","0","18","48","4","1","3","2","21","36","2309"
"2019-01-02 00:00:00","2","8","0","12","0","1","10","3","5","0","365","0","28","51","4","5","3","1","60","65","4612"
"2019-01-03 00:00:00","5","9","1","18","0","0","16","2","5","0","354","2","22","63","3","0","7","2","51","47","5161"
"2019-01-04 00:00:00","5","8","1","18","0","2","14","2","2","0","353","1","30","60","4","0","7","1","55","76","5134"
"2019-01-05 00:00:00","4","5","0","15","0","2","12","1","4","0","329","0","29","51","3","3","2","2","27","37","2958"
"2019-01-06 00:00:00","2","2","3","17","2","4","14","4","1","0","393","0","23","72","1","1","6","1","39","48","3025"
"2019-01-07 00:00:00","2","2","1","21","0","1","12","2","2","0","377","1","29","68","4","3","4","2","51","66","5069"
"2019-01-08 00:00:00","4","3","3","15","0","0","17","2","9","0","408","1","31","50","7","4","7","0","53","76","5631"
"2019-01-09 00:00:00","6","3","0","18","0","2","15","7","1","0","413","0","36","71","4","5","12","1","74","67","5877"
"2019-01-10 00:00:00","6","3","1","19","1","1","17","2","3","0","417","0","41","65","5","7","13","5","70","66","5705"
"2019-01-11 00:00:00","5","7","2","12","2","2","19","2","2","0","369","1","36","61","7","6","6","1","65","59","5282"
"2019-01-12 00:00:00","4","3","0","16","0","3","3","2","6","0","348","0","22","45","3","1","4","0","37","40","2897"
"2019-01-13 00:00:00","4","6","0","24","0","2","15","1","3","0","387","0","28","60","6","2","4","0","51","43","2882"
"2019-01-14 00:00:00","7","9","1","17","0","5","13","3","9","0","408","1","19","64","8","4","9","3","58","61","5350"
"2019-01-15 00:00:00","5","2","0","14","0","1","18","1","1","0","438","0","26","85","7","2","14","2","81","66","5533"
"2019-01-16 00:00:00","7","4","2","18","0","0","22","0","17","0","447","0","27","64","9","0","7","0","61","54","5746"
"2019-01-17 00:00:00","7","5","2","24","0","1","12","2","4","0","413","0","36","80","9","3","10","1","70","66","5881"
"2019-01-18 00:00:00","3","3","3","11","0","0","16","2","0","0","426","1","28","62","3","2","8","2","57","65","5256"
"2019-01-19 00:00:00","1","2","0","20","0","1","12","2","5","0","376","0","17","60","1","1","5","0","47","63","2914"
"2019-01-20 00:00:00","2","1","3","16","0","1","17","2","3","0","466","0","32","49","6","2","4","0","52","32","3051"
"2019-01-21 00:00:00","4","6","2","10","0","2","13","3","9","0","442","1","28","52","13","1","11","3","58","61","5497"
"2019-01-22 00:00:00","5","2","0","27","0","1","15","0","7","0","450","0","30","68","9","2","15","1","66","69","5827"
"2019-01-23 00:00:00","5","4","1","13","0","3","19","1","4","0","471","2","32","69","15","4","8","2","57","63","6126"
"2019-01-24 00:00:00","4","7","0","13","0","1","18","4","4","0","438","4","22","72","10","3","12","2","69","71","6125"
"2019-01-25 00:00:00","10","5","1","19","2","1","15","3","3","0","403","2","30","66","7","1","12","2","77","63","5376"
"2019-01-26 00:00:00","4","3","1","14","0","1","7","3","1","0","402","0","30","69","5","2","1","1","50","51","2920"
"2019-01-27 00:00:00","5","9","0","5","0","5","16","4","4","0","468","0","26","56","8","6","5","1","39","51","3102"
"2019-01-28 00:00:00","4","3","3","22","0","2","28","2","6","0","435","2","42","56","8","7","11","5","54","63","5746"
"2019-01-29 00:00:00","5","4","2","20","0","1","13","4","2","0","436","1","35","92","17","4","13","1","80","59","6040"
"2019-01-30 00:00:00","5","5","2","29","1","2","13","2","7","0","461","1","33","73","13","3","11","3","79","74","6365"
"2019-01-31 00:00:00","6","6","1","16","0","1","16","4","5","0","451","1","32","57","7","7","11","3","67","59","6171"
"2019-02-01 00:00:00","6","9","2","17","1","2","25","2","5","0","425","0","30","59","6","2","8","2","66","60","5438"
"2019-02-02 00:00:00","4","2","0","12","1","0","12","3","2","0","362","0","35","52","7","2","6","1","34","55","3092"
"2019-02-03 00:00:00","2","1","2","14","0","0","11","1","2","0","450","0","27","55","4","4","2","0","27","48","3147"
"2019-02-04 00:00:00","5","5","2","18","0","4","15","7","9","0","444","1","30","60","5","2","11","3","64","62","5400"
"2019-02-05 00:00:00","5","2","2","22","0","0","22","4","6","0","432","2","25","66","12","6","9","4","61","53","5915"
"2019-02-06 00:00:00","8","7","1","24","0","1","30","2","6","0","459","0","35","63","10","4","8","0","68","45","6114"
"2019-02-07 00:00:00","6","5","2","11","0","5","19","3","2","0","443","1","28","55","6","10","15","4","78","65","6183"
"2019-02-08 00:00:00","8","5","0","17","0","1","16","1","6","0","429","1","35","50","5","4","8","3","58","64","5528"
"2019-02-09 00:00:00","5","6","1","11","1","2","21","1","5","0","392","1","16","53","5","3","6","0","46","56","3251"
"2019-02-10 00:00:00","4","3","3","25","0","1","11","0","5","0","424","0","20","58","6","5","3","0","55","57","3195"
"2019-02-11 00:00:00","2","5","1","17","0","3","23","3","4","0","467","1","42","55","4","3","15","4","89","71","5912"
"2019-02-12 00:00:00","7","5","2","18","0","1","29","3","8","0","471","1","38","79","10","5","8","1","83","73","6232"
"2019-02-13 00:00:00","8","6","2","21","1","4","31","1","3","0","451","2","35","61","7","2","8","1","72","58","6529"
"2019-02-14 00:00:00","7","8","0","14","1","2","22","1","8","0","414","1","34","57","11","4","10","0","65","68","6237"
"2019-02-15 00:00:00","6","2","4","10","3","2","34","3","4","0","387","2","39","64","5","2","8","4","66","75","5465"
"2019-02-16 00:00:00","8","4","1","11","1","1","17","1","6","0","394","0","22","50","3","3","9","5","38","55","3194"
"2019-02-17 00:00:00","4","4","2","11","2","1","14","4","3","0","440","2","25","46","4","2","6","0","57","58","3165"
"2019-02-18 00:00:00","10","6","2","17","0","3","23","3","1","0","428","3","23","61","5","6","14","3","63","62","5807"
"2019-02-19 00:00:00","4","4","0","16","1","2","20","0","6","0","434","1","37","45","8","2","10","4","81","73","6224"
"2019-02-20 00:00:00","10","5","0","21","0","2","35","2","5","0","425","1","28","74","8","2","12","2","77","67","6416"
"2019-02-21 00:00:00","5","5","2","20","0","0","27","2","5","0","390","1","41","62","10","2","10","1","68","65","6592"
"2019-02-22 00:00:00","10","4","1","11","0","3","39","0","5","0","407","0","33","59","11","2","8","5","55","72","5803"
"2019-02-23 00:00:00","3","4","0","14","0","1","17","2","5","0","350","0","31","58","4","0","3","1","40","61","3298"
"2019-02-24 00:00:00","5","2","1","14","0","3","17","3","7","0","390","0","25","62","10","3","5","2","40","44","3215"
"2019-02-25 00:00:00","2","5","2","17","0","3","29","2","8","0","479","2","35","60","9","1","8","2","79","63","6056"
"2019-02-26 00:00:00","4","5","1","16","0","3","15","3","5","0","438","3","37","63","6","1","17","2","70","72","6132"
"2019-02-27 00:00:00","10","5","0","18","1","2","22","3","5","0","459","0","33","58","8","5","15","1","63","72","6521"
"2019-02-28 00:00:00","2","8","3","10","0","2","17","2","7","0","442","0","29","64","8","4","8","3","63","66","6292"
"2019-03-01 00:00:00","11","3","1","16","0","1","25","4","4","0","368","0","24","63","9","3","8","5","62","57","5657"
"2019-03-02 00:00:00","4","4","1","19","0","0","15","2","2","0","360","2","21","54","4","7","11","1","43","47","3174"
"2019-03-03 00:00:00","8","4","0","19","0","3","18","1","3","0","413","2","26","67","4","4","7","0","46","48","3331"
"2019-03-04 00:00:00","3","9","1","22","0","0","21","3","2","0","484","0","30","77","7","5","8","2","74","67","5899"
"2019-03-05 00:00:00","7","7","2","19","0","0","18","2","4","0","449","1","31","71","8","4","14","6","66","61","6264"
"2019-03-06 00:00:00","8","7","0","19","1","2","33","4","2","0","482","1","37","67","3","5","14","1","65","65","6469"
"2019-03-07 00:00:00","7","3","4","18","1","4","25","0","5","0","416","0","33","84","5","7","11","3","82","70","6566"
"2019-03-08 00:00:00","6","3","1","17","0","1","25","2","4","0","384","0","30","53","5","6","11","1","75","73","5546"
"2019-03-09 00:00:00","9","4","1","9","0","2","10","1","4","0","383","0","21","48","5","4","3","0","33","50","3202"
"2019-03-10 00:00:00","3","2","1","13","0","1","13","0","2","0","453","1","27","62","7","2","4","2","47","56","3261"
"2019-03-11 00:00:00","4","5","0","15","0","4","20","5","5","0","462","0","35","62","6","1","12","1","78","83","5873"
"2019-03-12 00:00:00","10","5","0","15","1","0","21","0","3","0","487","1","33","56","8","0","12","4","73","78","6415"
"2019-03-13 00:00:00","9","7","1","16","1","2","27","2","4","0","511","0","37","54","2","4","6","2","80","68","6455"
"2019-03-14 00:00:00","14","2","1","17","0","2","22","3","8","0","431","1","36","45","6","8","11","2","72","62","6586"
"2019-03-15 00:00:00","1","6","1","18","0","2","30","4","3","0","400","0","18","47","11","1","7","1","54","66","5769"
"2019-03-16 00:00:00","1","0","0","11","0","2","23","1","6","0","330","2","18","55","5","1","7","3","50","56","3232"
"2019-03-17 00:00:00","6","8","0","9","1","1","17","3","3","0","433","0","20","65","10","2","6","0","41","59","3396"
"2019-03-18 00:00:00","5","11","2","20","0","3","29","4","5","0","422","0","31","66","9","5","10","3","54","72","5863"
"2019-03-19 00:00:00","7","1","0","13","0","2","30","3","5","0","441","0","34","66","6","2","12","4","74","80","6254"
"2019-03-20 00:00:00","7","1","1","19","0","4","17","6","5","0","444","2","51","84","7","3","32","4","69","92","6521"
"2019-03-21 00:00:00","5","7","1","12","1","0","20","0","5","0","500","1","37","68","6","0","12","3","60","75","6112"
"2019-03-22 00:00:00","8","3","1","17","2","1","16","3","10","0","410","1","36","56","5","1","11","1","55","77","5839"
"2019-03-23 00:00:00","4","2","0","10","0","3","17","2","5","0","371","0","34","58","4","1","10","2","31","57","3152"
"2019-03-24 00:00:00","4","1","1","16","0","1","19","3","5","0","422","0","29","66","7","1","14","4","50","49","3182"
"2019-03-25 00:00:00","8","7","1","17","0","0","24","6","8","0","431","1","31","50","3","4","14","2","60","74","5839"
"2019-03-26 00:00:00","7","3","1","15","1","2","25","3","2","0","466","1","35","57","10","4","12","4","59","65","6318"
"2019-03-27 00:00:00","9","5","2","15","0","1","18","1","10","0","468","3","27","67","6","4","12","4","73","79","6576"
"2019-03-28 00:00:00","4","1","2","15","0","1","27","2","5","0","448","4","27","68","5","4","9","1","80","82","6400"
"2019-03-29 00:00:00","7","4","1","14","0","4","20","1","4","0","440","0","29","63","5","3","8","2","69","80","5738"
"2019-03-30 00:00:00","3","1","2","14","1","3","14","4","9","0","375","2","27","60","6","1","5","0","38","61","3126"
"2019-03-31 00:00:00","6","2","1","16","0","2","17","2","3","0","391","0","25","53","7","2","6","1","44","64","3071"
"2019-04-01 00:00:00","5","5","1","13","0","1","24","0","4","0","430","1","27","63","8","7","15","0","55","63","5858"
"2019-04-02 00:00:00","5","5","1","18","0","3","30","2","5","0","473","1","35","60","9","3","10","6","62","87","6408"
"2019-04-03 00:00:00","10","3","6","23","0","2","23","4","9","0","498","1","35","56","5","4","7","2","86","83","6641"
"2019-04-04 00:00:00","9","3","0","18","0","3","20","2","4","0","423","3","28","84","11","3","14","1","77","74","6567"
"2019-04-05 00:00:00","9","6","2","14","2","3","20","5","7","0","401","0","41","60","4","2","8","2","57","64","5733"
"2019-04-06 00:00:00","5","4","2","19","1","0","15","0","0","0","352","0","31","53","11","4","2","2","45","65","3119"
"2019-04-07 00:00:00","5","1","0","18","0","1","14","2","3","0","464","1","24","57","5","1","1","2","47","53","3295"
"2019-04-08 00:00:00","6","5","0","21","1","3","21","2","5","0","496","0","34","65","10","2","11","2","75","64","6000"
"2019-04-09 00:00:00","8","8","1","21","1","2","27","4","1","0","465","1","38","73","10","3","10","0","70","60","6263"
"2019-04-10 00:00:00","9","14","1","16","0","4","21","2","9","0","450","2","41","68","10","1","9","2","64","72","6388"
"2019-04-11 00:00:00","5","13","3","19","0","0","27","2","4","0","462","1","35","97","11","2","6","1","88","79","6322"
"2019-04-12 00:00:00","8","17","0","15","0","3","17","3","6","0","434","0","49","68","5","2","12","2","67","66","5717"
"2019-04-13 00:00:00","4","4","2","9","0","2","9","3","5","0","395","0","23","69","5","3","4","2","51","60","3161"
"2019-04-14 00:00:00","5","7","0","13","0","0","13","2","1","0","400","0","29","58","8","2","7","2","43","57","3196"
"2019-04-15 00:00:00","5","6","2","15","0","1","19","2","8","0","409","3","31","79","4","4","4","4","67","75","5696"
"2019-04-16 00:00:00","3","12","0","25","0","3","22","5","7","0","411","0","35","64","10","0","10","3","71","66","6101"
"2019-04-17 00:00:00","3","3","1","19","0","3","24","2","11","0","448","3","43","69","8","6","12","3","64","76","6073"
"2019-04-18 00:00:00","4","4","2","16","1","0","16","1","3","0","410","0","33","71","3","1","8","5","63","64","5589"
"2019-04-19 00:00:00","3","0","2","17","0","3","20","1","8","0","414","0","39","71","7","2","5","3","57","44","4428"
"2019-04-20 00:00:00","3","5","1","16","2","2","14","0","6","0","405","1","16","54","6","1","9","0","42","55","3032"
"2019-04-21 00:00:00","5","3","1","18","0","1","16","1","8","0","415","0","23","67","6","1","5","2","39","49","2895"
"2019-04-22 00:00:00","7","5","0","16","1","0","11","3","11","0","399","0","28","64","6","4","10","2","57","66","4652"
"2019-04-23 00:00:00","8","9","1","20","0","2","22","2","7","0","435","1","54","72","8","4","12","1","68","60","5800"
"2019-04-24 00:00:00","7","3","0","9","1","1","27","3","7","0","455","1","44","65","8","4","15","2","78","68","6066"
"2019-04-25 00:00:00","5","5","1","21","2","2","18","1","12","0","477","1","31","69","7","3","8","5","64","68","6004"
"2019-04-26 00:00:00","6","1","0","13","0","2","14","1","3","0","435","1","36","79","13","1","6","3","64","81","5416"
"2019-04-27 00:00:00","2","9","1","16","1","2","13","1","5","0","391","1","24","57","4","5","5","3","37","61","3047"
"2019-04-28 00:00:00","3","2","2","14","0","2","14","0","8","0","432","0","33","56","7","2","0","3","45","71","3031"
"2019-04-29 00:00:00","5","2","2","15","0","3","22","2","6","0","442","0","35","50","5","6","6","3","64","62","5359"
"2019-04-30 00:00:00","8","2","1","20","2","0","15","5","4","0","468","2","39","69","7","6","7","7","63","62","5649"
"2019-05-01 00:00:00","5","10","0","21","0","1","16","1","8","0","506","3","31","72","10","4","6","3","57","65","4450"
"2019-05-02 00:00:00","10","8","1","12","2","1","15","0","4","0","439","2","36","78","10","3","4","2","65","71","5650"
"2019-05-03 00:00:00","3","5","0","11","1","1","17","0","8","0","406","2","41","75","7","0","4","2","65","92","5274"
"2019-05-04 00:00:00","5","5","0","16","2","1","14","3","4","0","417","1","27","62","8","2","4","1","36","60","2938"
"2019-05-05 00:00:00","7","3","1","16","0","0","16","3","3","0","458","2","32","57","7","5","2","2","47","49","3008"
"2019-05-06 00:00:00","6","6","1","11","0","4","15","3","3","0","452","0","29","71","6","4","8","2","57","67","5290"
"2019-05-07 00:00:00","7","4","1","9","3","2","18","4","3","0","440","0","45","69","5","3","10","2","73","56","5872"
"2019-05-08 00:00:00","5","2","0","19","1","1","15","2","8","0","438","0","25","79","10","7","7","1","78","72","5971"
"2019-05-09 00:00:00","3","4","1","13","0","2","28","3","7","0","446","1","25","72","7","4","9","6","58","67","6021"
"2019-05-10 00:00:00","8","1","0","18","2","1","12","3","11","0","403","2","42","69","2","0","4","2","47","80","5430"
"2019-05-11 00:00:00","4","1","2","13","1","0","13","1","3","0","375","0","35","59","10","1","3","2","50","53","2889"
"2019-05-12 00:00:00","8","5","2","11","1","0","16","2","4","0","421","1","31","61","9","3","4","2","35","52","2920"
"2019-05-13 00:00:00","5","1","1","18","0","1","12","0","5","0","400","0","31","80","8","6","6","0","71","70","5358"
"2019-05-14 00:00:00","6","3","0","10","0","2","28","2","6","0","444","0","35","72","6","5","9","5","73","67","6075"
"2019-05-15 00:00:00","6","5","0","17","1","0","26","2","4","0","462","0","39","78","8","1","8","4","53","65","6121"
"2019-05-16 00:00:00","8","5","2","18","2","5","20","1","7","0","456","2","48","53","11","4","4","3","56","67","6040"
"2019-05-17 00:00:00","5","3","0","20","0","5","16","2","6","0","382","0","36","66","10","4","6","3","56","60","5338"
"2019-05-18 00:00:00","3","2","0","15","1","0","7","1","3","0","377","1","30","72","6","4","3","2","34","56","2835"
"2019-05-19 00:00:00","6","9","0","10","1","2","14","1","5","0","420","1","26","60","9","2","2","2","39","47","2926"
"2019-05-20 00:00:00","7","5","0","16","1","1","18","6","6","0","453","1","41","57","5","3","12","4","79","68","5293"
"2019-05-21 00:00:00","6","7","1","22","1","5","18","3","2","0","431","1","32","68","7","4","13","3","60","67","5904"
"2019-05-22 00:00:00","8","7","0","19","0","2","26","2","3","0","444","0","51","72","9","1","8","2","61","77","6059"
"2019-05-23 00:00:00","3","5","1","19","0","2","23","2","5","0","427","0","31","71","5","2","6","3","67","66","5727"
"2019-05-24 00:00:00","7","6","0","9","1","5","21","5","1","0","376","2","32","63","6","3","7","3","45","61","5238"
"2019-05-25 00:00:00","6","1","1","12","0","1","14","0","4","0","356","0","22","74","4","3","4","0","24","52","2805"
"2019-05-26 00:00:00","4","3","0","14","0","2","15","2","4","0","383","0","25","58","4","3","7","3","35","52","2797"
"2019-05-27 00:00:00","4","7","2","17","1","1","20","2","5","0","410","1","41","72","3","4","4","3","48","60","4954"
"2019-05-28 00:00:00","7","1","2","11","1","3","19","1","4","0","460","2","38","79","4","7","10","1","53","61","5696"
"2019-05-29 00:00:00","6","5","1","14","0","2","22","4","4","0","428","1","38","52","5","4","12","4","69","52","5931"
"2019-05-30 00:00:00","5","9","2","10","2","3","20","3","3","0","399","0","34","66","4","5","14","2","56","65","5440"
"2019-05-31 00:00:00","9","2","2","12","1","1","25","1","6","0","398","0","34","68","6","2","3","2","54","72","5074"
"2019-06-01 00:00:00","6","4","1","13","0","2","23","0","3","0","342","0","26","42","2","2","5","3","40","55","2632"
"2019-06-02 00:00:00","3","2","0","13","0","2","10","2","2","0","332","2","21","66","6","4","6","3","38","55","2753"
"2019-06-03 00:00:00","11","7","0","13","1","1","23","3","5","0","378","0","34","65","7","7","10","3","58","72","5197"
"2019-06-04 00:00:00","5","4","1","17","0","3","20","3","6","0","431","2","24","66","9","9","9","5","48","57","5480"
"2019-06-05 00:00:00","2","5","0","10","0","4","29","0","4","0","374","0","31","46","5","5","12","4","61","70","5442"
"2019-06-06 00:00:00","5","4","1","9","1","4","29","1","6","0","426","0","33","66","10","6","7","1","53","71","5416"
"2019-06-07 00:00:00","6","8","1","18","0","3","19","0","5","0","360","1","31","45","7","3","5","6","61","73","5064"
"2019-06-08 00:00:00","3","3","0","1","0","2","13","1","2","0","348","0","27","46","1","4","2","1","44","43","2697"
"2019-06-09 00:00:00","6","5","0","27","1","2","10","1","3","0","419","1","20","56","8","5","5","1","36","53","2646"
"2019-06-10 00:00:00","10","8","1","21","0","3","12","0","5","0","403","0","27","54","7","3","13","3","50","68","4971"
"2019-06-11 00:00:00","2","2","2","24","1","4","18","1","7","0","413","0","25","50","8","8","6","3","59","54","5797"
"2019-06-12 00:00:00","7","6","2","10","1","1","23","5","3","0","438","1","28","61","5","9","9","2","51","81","5991"
"2019-06-13 00:00:00","2","3","2","23","1","1","24","2","3","0","426","2","37","71","7","3","18","3","56","59","5988"
"2019-06-14 00:00:00","3","5","0","18","1","1","19","0","8","0","381","0","39","61","12","7","9","3","56","55","5159"
"2019-06-15 00:00:00","4","2","0","13","0","0","24","2","5","0","337","0","25","56","7","2","7","3","28","41","2711"
"2019-06-16 00:00:00","4","1","1","16","0","0","10","1","4","0","343","0","16","52","8","7","6","0","37","51","2704"
"2019-06-17 00:00:00","8","1","6","16","0","0","23","3","1","0","377","0","37","59","6","4","10","4","49","66","5402"
"2019-06-18 00:00:00","11","4","1","16","0","1","30","4","5","0","382","2","29","52","8","8","9","1","51","61","5874"
"2019-06-19 00:00:00","5","5","1","27","0","6","19","2","5","0","380","0","30","67","10","7","11","3","70","72","6046"
"2019-06-20 00:00:00","3","5","0","16","0","1","17","1","5","0","364","1","37","55","7","8","7","3","50","64","5769"
"2019-06-21 00:00:00","9","3","1","12","0","0","24","1","5","0","352","1","37","59","2","4","10","1","41","50","5196"
"2019-06-22 00:00:00","7","6","1","10","1","2","13","2","3","0","299","0","23","52","5","7","2","0","24","54","2596"
"2019-06-23 00:00:00","5","5","0","14","0","0","13","1","4","0","324","1","26","69","7","3","5","0","39","39","2689"
"2019-06-24 00:00:00","4","5","1","8","0","2","20","1","6","0","378","1","22","62","6","4","6","3","62","65","5371"
"2019-06-25 00:00:00","5","1","2","12","0","3","22","3","1","0","383","2","39","81","11","7","8","3","61","70","5768"
"2019-06-26 00:00:00","2","8","1","8","0","1","24","2","4","0","396","2","29","81","8","10","18","6","55","69","5837"
"2019-06-27 00:00:00","10","3","4","13","1","5","19","4","4","0","383","1","38","66","9","4","17","4","55","47","5505"
"2019-06-28 00:00:00","6","4","0","13","0","5","26","2","4","0","286","0","31","67","9","1","10","2","46","61","4551"
"2019-06-29 00:00:00","2","4","1","11","1","1","14","1","3","0","291","0","16","54","8","4","3","1","33","45","2283"
"2019-06-30 00:00:00","4","2","1","20","0","1","15","2","3","0","326","0","20","44","5","5","5","0","38","48","2351"
"2019-07-01 00:00:00","10","2","1","16","0","0","28","2","4","0","357","0","27","61","4","3","11","2","48","62","4707"
"2019-07-02 00:00:00","2","4","2","9","0","0","26","4","4","0","331","1","32","58","7","5","15","3","59","47","5735"
"2019-07-03 00:00:00","8","3","1","18","0","3","21","3","6","0","371","1","24","62","9","2","13","3","61","45","5819"
"2019-07-04 00:00:00","4","2","1","5","1","4","31","0","4","0","373","1","31","75","7","3","11","6","44","51","5171"
"2019-07-05 00:00:00","4","4","1","11","0","5","24","4","2","0","347","0","32","54","8","6","12","0","55","53","4783"
"2019-07-06 00:00:00","4","3","1","14","0","0","17","2","5","0","264","0","24","53","4","1","7","3","31","39","2572"
"2019-07-07 00:00:00","6","4","1","15","0","6","16","2","7","0","287","0","20","62","5","4","7","2","30","45","2699"
"2019-07-08 00:00:00","5","5","2","14","0","1","20","0","5","0","348","0","35","55","7","6","15","1","52","55","5509"
"2019-07-09 00:00:00","8","5","1","9","1","0","21","6","7","0","354","1","34","74","9","1","15","3","60","66","5875"
"2019-07-10 00:00:00","7","4","2","9","0","3","28","0","4","0","393","0","31","49","8","5","10","3","75","47","5961"
"2019-07-11 00:00:00","6","6","2","12","0","2","17","4","8","0","345","2","29","52","6","6","17","1","55","51","5987"
"2019-07-12 00:00:00","4","6","1","10","0","1","16","3","6","0","350","0","22","63","11","4","9","4","61","61","5338"
"2019-07-13 00:00:00","3","2","0","12","0","1","9","4","2","0","291","0","18","66","4","7","7","2","30","65","2627"
"2019-07-14 00:00:00","4","7","2","10","0","1","13","3","2","0","324","0","20","53","9","6","6","0","41","49","2729"
"2019-07-15 00:00:00","3","4","0","17","0","2","12","1","8","0","366","2","26","66","6","1","15","6","42","53","5360"
"2019-07-16 00:00:00","10","10","1","18","2","3","19","4","3","0","325","1","30","66","8","1","16","1","60","61","5938"
"2019-07-17 00:00:00","3","2","2","7","0","2","24","3","7","0","306","0","39","63","8","1","21","4","70","54","5985"
"2019-07-18 00:00:00","7","6","1","14","1","0","29","1","6","0","348","0","33","64","5","5","14","4","75","58","5975"
"2019-07-19 00:00:00","8","7","3","5","0","3","24","3","3","0","324","1","39","48","9","1","7","3","53","40","5372"
"2019-07-20 00:00:00","6","2","0","8","0","1","12","1","4","0","317","1","29","49","1","3","5","0","29","40","2756"
"2019-07-21 00:00:00","4","1","1","14","1","2","16","0","5","0","276","0","20","43","7","4","4","0","34","36","2668"
"2019-07-22 00:00:00","13","1","1","12","0","2","22","5","8","0","350","0","30","43","8","8","11","1","62","54","5455"
"2019-07-23 00:00:00","6","3","1","11","0","1","32","3","7","0","368","0","28","58","9","5","9","3","64","74","5897"
"2019-07-24 00:00:00","5","2","1","11","0","3","21","2","5","0","344","1","25","60","10","5","10","1","66","58","6097"
"2019-07-25 00:00:00","9","5","1","15","0","2","23","2","11","0","361","2","28","62","4","3","10","4","57","59","6045"
"2019-07-26 00:00:00","8","4","0","7","0","3","13","1","5","0","300","0","33","50","4","1","20","5","49","65","5281"
"2019-07-27 00:00:00","5","2","2","7","1","1","12","0","8","0","314","1","22","48","2","3","6","1","31","55","2754"
"2019-07-28 00:00:00","4","4","0","7","0","1","9","1","5","0","312","0","15","50","2","3","4","2","25","54","2868"
"2019-07-29 00:00:00","13","7","1","11","0","0","22","1","3","0","306","1","35","45","9","6","13","2","66","61","5335"
"2019-07-30 00:00:00","5","6","1","9","0","1","23","3","0","0","312","0","31","43","9","2","10","5","59","51","5714"
"2019-07-31 00:00:00","10","3","0","12","1","3","30","4","5","0","343","0","35","66","7","5","7","4","74","65","5991"
"2019-08-01 00:00:00","2","2","0","16","1","1","28","5","8","0","348","0","23","53","7","5","8","7","52","46","5784"
"2019-08-02 00:00:00","9","4","2","10","0","0","15","1","3","0","321","0","25","61","8","4","7","3","46","53","5088"
"2019-08-03 00:00:00","4","1","1","9","0","1","10","2","5","0","305","2","27","47","2","2","4","5","34","42","2573"
"2019-08-04 00:00:00","6","2","1","9","1","0","11","2","4","0","289","0","27","43","3","2","4","1","35","47","2565"
"2019-08-05 00:00:00","10","3","0","6","1","2","28","4","11","0","316","0","31","59","6","0","6","8","55","57","5309"
"2019-08-06 00:00:00","10","6","2","15","0","1","22","2","7","0","346","2","30","56","6","6","5","3","70","48","5762"
"2019-08-07 00:00:00","9","2","2","12","0","3","30","2","2","0","344","2","36","62","3","6","10","1","59","77","5742"
"2019-08-08 00:00:00","4","4","2","11","1","4","32","1","8","0","365","0","43","40","10","3","9","2","75","59","5747"
"2019-08-09 00:00:00","5","5","0","11","0","1","18","5","1","0","314","2","26","48","5","3","6","4","56","56","5062"
"2019-08-10 00:00:00","5","1","1","8","2","1","10","1","2","0","286","0","22","39","4","3","4","2","31","38","2421"
"2019-08-11 00:00:00","3","3","0","6","0","1","12","0","3","0","320","0","16","37","4","1","5","0","38","49","2431"
"2019-08-12 00:00:00","9","5","1","15","0","2","16","2","8","0","361","0","29","57","5","3","7","3","48","57","4804"
"2019-08-13 00:00:00","8","5","3","9","0","3","20","1","6","0","349","1","29","59","3","3","9","4","71","68","5361"
"2019-08-14 00:00:00","6","5","0","7","0","2","18","1","0","0","367","1","38","60","7","5","14","2","55","53","5233"
"2019-08-15 00:00:00","5","7","2","11","0","1","14","2","3","0","321","1","33","59","4","6","11","2","48","52","4384"
"2019-08-16 00:00:00","8","4","3","10","0","0","19","3","9","0","318","1","32","55","7","3","10","3","54","60","4461"
"2019-08-17 00:00:00","2","3","0","5","1","0","15","2","4","0","312","1","26","50","7","3","2","5","33","42","2508"
"2019-08-18 00:00:00","3","2","0","5","0","0","9","2","6","0","312","0","27","51","3","2","3","2","28","48","2546"
"2019-08-19 00:00:00","6","2","1","10","1","1","24","2","13","0","314","1","21","72","6","2","12","1","56","66","4829"
"2019-08-20 00:00:00","3","3","2","11","0","1","27","3","6","0","296","1","29","59","6","1","11","3","67","41","5482"
"2019-08-21 00:00:00","6","4","1","15","1","0","26","2","4","0","368","1","41","49","7","1","12","5","54","60","5266"
"2019-08-22 00:00:00","4","2","3","12","0","2","22","4","2","0","331","0","28","67","11","4","15","2","56","69","5535"
"2019-08-23 00:00:00","4","1","1","10","0","1","20","1","10","0","293","0","34","46","9","6","11","4","61","64","4824"
"2019-08-24 00:00:00","8","3","1","8","1","1","18","2","3","0","327","1","23","33","7","1","0","1","44","37","2343"
"2019-08-25 00:00:00","3","3","0","11","0","1","11","2","7","0","341","0","16","57","7","0","8","2","35","48","2534"
"2019-08-26 00:00:00","4","4","0","8","2","2","20","2","5","0","366","0","33","43","7","3","17","2","42","62","4962"
"2019-08-27 00:00:00","5","4","0","18","0","1","13","2","6","0","374","0","28","62","4","1","6","0","50","64","5323"
"2019-08-28 00:00:00","6","5","1","11","0","2","17","6","8","0","357","0","35","44","15","2","11","3","63","58","5635"
"2019-08-29 00:00:00","7","3","3","10","0","1","18","4","5","0","361","0","20","54","18","3","9","3","48","48","5518"
"2019-08-30 00:00:00","7","4","1","11","0","0","13","1","2","0","331","1","31","29","11","5","5","5","54","50","4638"
"2019-08-31 00:00:00","3","5","0","7","1","1","12","1","2","0","294","0","32","32","5","2","5","3","31","43","2453"
"2019-09-01 00:00:00","5","2","0","15","0","1","11","2","3","0","305","2","13","47","6","9","5","2","31","39","2429"
"2019-09-02 00:00:00","3","7","0","14","0","2","18","3","4","0","370","4","26","55","5","2","8","3","31","46","4056"
"2019-09-03 00:00:00","1","4","0","18","0","1","19","1","8","0","342","1","36","51","5","2","4","2","53","58","5067"
"2019-09-04 00:00:00","4","5","0","14","0","0","21","4","13","0","374","0","38","46","9","4","1","4","70","62","5214"
"2019-09-05 00:00:00","5","2","2","13","0","1","28","3","6","0","355","0","34","59","8","3","7","2","53","53","5365"
"2019-09-06 00:00:00","3","1","2","6","0","1","17","2","1","0","317","1","31","47","7","2","6","3","47","50","4877"
"2019-09-07 00:00:00","4","2","2","9","0","2","14","1","5","0","334","1","19","40","3","2","3","0","23","32","2639"
"2019-09-08 00:00:00","4","5","3","13","0","4","3","1","5","0","387","2","20","43","3","0","5","1","32","51","2680"
"2019-09-09 00:00:00","7","2","1","12","0","3","19","2","7","0","398","2","25","58","7","2","6","2","59","57","5130"
"2019-09-10 00:00:00","4","3","1","15","0","0","21","2","8","0","380","0","27","58","8","4","7","3","51","49","5493"
"2019-09-11 00:00:00","9","4","1","15","1","2","19","2","5","0","396","0","29","52","9","5","8","4","59","60","5666"
"2019-09-12 00:00:00","12","7","1","10","0","2","18","5","6","0","404","4","30","52","15","7","7","3","68","66","5653"
"2019-09-13 00:00:00","5","10","2","7","1","0","6","3","4","0","336","3","32","54","7","2","10","3","41","60","4974"
"2019-09-14 00:00:00","2","4","0","8","1","0","10","0","4","0","381","0","26","52","5","0","5","2","32","45","2650"
"2019-09-15 00:00:00","5","3","3","16","0","2","18","7","6","0","404","2","30","47","2","0","4","1","39","51","2792"
"2019-09-16 00:00:00","5","3","2","12","1","2","20","1","5","0","376","2","40","46","7","3","6","1","46","57","5371"
"2019-09-17 00:00:00","4","2","1","20","1","3","27","2","5","0","400","1","33","54","13","1","10","2","46","67","5621"
"2019-09-18 00:00:00","8","6","0","9","1","1","25","1","8","0","404","0","32","61","5","0","9","4","55","54","5891"
"2019-09-19 00:00:00","8","3","2","3","1","1","14","2","5","0","436","1","33","55","10","3","10","3","56","59","5664"
"2019-09-20 00:00:00","2","4","0","14","0","1","17","3","7","0","371","1","27","56","11","1","8","4","37","56","5067"
"2019-09-21 00:00:00","1","1","1","9","0","1","7","1","7","0","362","0","17","52","12","2","4","0","26","53","2748"
"2019-09-22 00:00:00","5","2","3","12","1","3","18","2","1","0","416","0","17","48","4","2","5","2","28","52","2879"
"2019-09-23 00:00:00","5","3","1","11","2","4","18","3","3","0","427","1","21","51","10","4","11","2","54","64","5450"
"2019-09-24 00:00:00","3","2","1","13","0","1","15","4","1","0","465","1","25","59","11","3","13","0","59","56","5824"
"2019-09-25 00:00:00","8","4","2","6","1","3","20","2","4","0","480","2","41","57","7","4","5","4","62","56","5966"
"2019-09-26 00:00:00","7","5","3","12","0","2","21","4","3","0","410","0","34","47","7","0","11","5","63","67","5737"
"2019-09-27 00:00:00","2","3","2","16","1","1","19","3","4","0","420","1","26","42","13","5","3","3","53","45","5065"
"2019-09-28 00:00:00","1","4","0","12","1","0","15","1","6","0","353","2","23","49","9","6","1","4","32","51","2769"
"2019-09-29 00:00:00","1","3","2","14","0","0","11","1","5","0","406","1","17","45","6","3","2","1","40","54","2835"
"2019-09-30 00:00:00","2","5","1","14","0","2","12","5","4","0","378","1","26","58","10","5","6","1","57","58","5320"
"2019-10-01 00:00:00","3","2","2","16","0","2","17","2","6","0","417","1","34","60","7","3","8","2","48","55","5550"
"2019-10-02 00:00:00","5","4","1","14","1","1","18","2","6","0","455","4","39","66","7","3","7","5","55","53","5485"
"2019-10-03 00:00:00","6","6","2","14","0","3","14","4","3","0","410","0","34","53","6","5","7","3","54","54","5663"
"2019-10-04 00:00:00","6","4","2","8","0","2","15","3","5","0","384","1","30","64","5","2","5","3","50","62","5086"
"2019-10-05 00:00:00","4","3","3","10","0","1","13","5","2","0","389","1","16","51","7","5","2","1","23","41","2794"
"2019-10-06 00:00:00","2","4","1","15","1","2","7","3","3","0","465","4","29","47","9","2","3","1","39","39","2862"
"2019-10-07 00:00:00","5","3","0","19","1","1","13","4","3","0","427","1","28","54","6","1","9","1","56","52","5281"
"2019-10-08 00:00:00","5","3","1","18","1","4","19","1","5","0","500","0","39","63","9","3","6","2","52","62","5388"
"2019-10-09 00:00:00","6","3","2","13","0","3","20","3","5","0","459","1","28","47","6","5","7","2","62","64","5888"
"2019-10-10 00:00:00","1","4","2","16","2","3","21","4","9","0","451","0","22","61","8","3","11","2","58","53","6045"
"2019-10-11 00:00:00","8","3","2","7","0","2","13","1","6","0","437","0","36","60","7","3","4","4","53","52","5410"
"2019-10-12 00:00:00","5","3","1","16","0","2","8","3","4","0","403","1","25","53","4","0","2","0","26","47","3138"
"2019-10-13 00:00:00","2","2","1","16","0","3","10","0","7","0","470","1","21","61","8","4","6","1","40","42","2973"
"2019-10-14 00:00:00","4","3","3","10","0","1","14","6","7","0","477","1","22","44","4","3","2","3","70","53","5361"
"2019-10-15 00:00:00","6","4","2","9","0","1","19","1","7","0","488","0","27","57","2","4","8","1","64","54","5931"
"2019-10-16 00:00:00","4","1","3","15","0","1","15","0","3","0","474","1","30","52","5","3","7","1","54","56","6125"
"2019-10-17 00:00:00","7","5","1","20","0","2","21","5","5","0","466","0","19","55","6","5","7","5","62","59","6133"
"2019-10-18 00:00:00","4","0","2","10","2","3","7","3","7","0","442","2","25","63","13","2","2","2","60","51","5464"
"2019-10-19 00:00:00","7","6","1","7","0","0","5","1","5","0","416","0","19","46","4","2","3","2","32","46","3134"
"2019-10-20 00:00:00","4","4","3","16","0","2","12","4","5","0","475","0","24","52","2","4","9","2","33","45","3055"
"2019-10-21 00:00:00","10","1","1","21","1","3","16","3","5","0","494","0","31","50","6","5","7","3","57","53","5480"
"2019-10-22 00:00:00","6","4","0","20","0","4","11","2","4","0","478","1","26","60","12","4","5","2","56","48","5777"
"2019-10-23 00:00:00","6","4","0","17","1","0","15","2","4","0","491","0","20","60","7","5","4","4","54","64","6016"
"2019-10-24 00:00:00","9","3","0","23","2","2","16","3","8","0","464","0","27","60","6","3","12","3","62","52","5807"
"2019-10-25 00:00:00","5","3","0","13","1","4","13","2","6","0","441","0","24","56","3","2","1","3","51","57","5257"
"2019-10-26 00:00:00","3","1","1","12","0","0","10","1","1","0","400","0","16","43","6","4","2","1","42","44","2746"
"2019-10-27 00:00:00","4","4","2","16","0","4","10","1","2","0","466","1","19","51","5","5","4","1","32","39","2788"
"2019-10-28 00:00:00","7","4","0","15","0","0","17","2","2","0","442","0","27","60","10","5","6","4","54","43","4991"
"2019-10-29 00:00:00","6","0","1","20","1","2","14","4","10","0","451","4","19","63","9","4","6","3","60","53","5543"
"2019-10-30 00:00:00","8","5","0","19","0","3","19","3","4","0","482","4","34","63","7","3","6","7","62","47","5942"
"2019-10-31 00:00:00","10","1","0","11","2","1","17","3","7","0","462","1","24","66","6","2","4","3","54","55","5524"
"2019-11-01 00:00:00","8","4","0","9","1","0","16","2","5","0","419","2","30","52","6","9","7","4","46","59","4601"
"2019-11-02 00:00:00","9","2","1","11","1","1","7","2","1","0","409","1","23","50","2","1","2","3","39","42","2865"
"2019-11-03 00:00:00","4","0","1","15","0","2","7","1","4","0","453","1","27","55","6","2","5","4","43","58","2983"
"2019-11-04 00:00:00","6","2","1","20","1","1","18","0","12","0","475","0","30","41","5","3","12","1","55","59","5434"
"2019-11-05 00:00:00","6","2","3","16","0","0","18","8","6","0","490","2","38","54","5","4","10","8","62","58","6022"
"2019-11-06 00:00:00","2","0","2","17","3","4","13","3","6","0","486","0","29","55","6","5","3","3","62","68","6065"
"2019-11-07 00:00:00","9","3","4","18","0","3","13","2","2","0","481","0","29","64","8","1","10","3","61","44","5932"
"2019-11-08 00:00:00","10","3","7","13","0","4","14","1","6","0","447","0","24","44","8","6","2","2","52","57","5308"
"2019-11-09 00:00:00","8","2","2","21","0","1","14","4","3","0","426","0","21","56","12","5","5","0","37","61","3012"
"2019-11-10 00:00:00","5","1","1","14","2","1","9","3","1","0","475","0","27","52","9","1","2","2","40","64","3079"
"2019-11-11 00:00:00","10","4","1","12","0","5","15","3","8","0","490","0","39","59","5","3","9","3","53","57","5179"
"2019-11-12 00:00:00","8","7","2","14","1","0","14","2","7","0","515","1","35","59","8","5","8","2","61","62","5753"
"2019-11-13 00:00:00","10","10","1","16","0","0","13","1","4","0","495","0","31","60","8","3","9","1","65","66","6134"
"2019-11-14 00:00:00","13","3","0","13","0","1","19","5","5","0","499","1","32","52","7","7","8","2","59","54","6251"
"2019-11-15 00:00:00","10","3","0","13","1","1","16","5","3","0","412","1","34","49","7","11","5","1","55","55","5504"
"2019-11-16 00:00:00","5","6","3","17","0","0","11","2","4","0","438","0","19","63","4","3","8","1","45","44","3156"
"2019-11-17 00:00:00","6","1","3","19","0","1","13","3","6","0","435","1","31","61","4","8","2","2","40","47","3211"
"2019-11-18 00:00:00","7","5","1","15","1","2","19","5","6","0","492","0","31","74","8","5","10","1","60","77","5823"
"2019-11-19 00:00:00","15","3","0","18","0","3","16","5","5","0","484","1","32","62","11","5","5","2","78","64","6244"
"2019-11-20 00:00:00","15","4","2","16","0","2","23","2","6","0","503","2","35","62","3","9","10","6","70","60","6520"
"2019-11-21 00:00:00","13","9","2","15","0","0","21","7","6","0","567","3","39","65","7","6","6","3","64","56","6217"
"2019-11-22 00:00:00","6","6","0","15","0","2","20","1","7","0","473","0","30","64","8","6","13","3","67","58","5407"
"2019-11-23 00:00:00","4","6","1","12","0","2","9","3","5","0","397","2","28","50","7","1","6","0","42","36","3249"
"2019-11-24 00:00:00","7","7","2","16","0","0","14","5","2","0","471","2","22","62","5","3","2","6","36","49","3243"
"2019-11-25 00:00:00","8","4","2","22","0","2","15","4","3","0","475","3","44","48","9","8","18","5","55","77","5826"
"2019-11-26 00:00:00","9","2","0","17","0","2","18","1","2","0","479","1","31","57","10","9","9","8","71","59","6158"
"2019-11-27 00:00:00","11","2","0","16","1","0","21","6","4","0","467","0","28","56","13","6","3","6","84","72","6012"
"2019-11-28 00:00:00","9","4","1","17","1","0","25","1","5","0","446","2","27","46","10","8","6","3","69","48","5482"
"2019-11-29 00:00:00","4","1","1","16","0","2","22","1","2","0","434","1","35","64","4","3","4","3","60","56","4624"
"2019-11-30 00:00:00","5","3","1","23","0","2","13","1","8","0","421","4","25","45","4","4","4","4","41","41","2973"
"2019-12-01 00:00:00","6","1","0","17","1","0","8","1","6","0","514","0","21","56","7","7","3","4","45","48","3104"
"2019-12-02 00:00:00","6","4","1","19","0","2","21","1","5","0","534","0","33","60","11","11","7","7","59","68","5450"
"2019-12-03 00:00:00","9","4","3","19","0","2","13","2","5","0","475","1","34","46","9","4","5","5","68","52","5965"
"2019-12-04 00:00:00","9","8","0","20","0","1","17","2","7","0","552","0","18","67","9","9","10","6","68","61","6021"
"2019-12-05 00:00:00","5","4","0","7","1","2","19","1","6","0","478","0","31","61","6","5","6","4","58","41","5834"
"2019-12-06 00:00:00","8","5","1","16","1","1","22","2","4","0","449","0","25","49","5","3","7","5","41","59","5176"
"2019-12-07 00:00:00","6","4","0","10","1","1","12","2","6","0","428","1","19","35","5","4","6","1","41","40","2982"
"2019-12-08 00:00:00","2","6","3","17","0","0","24","2","5","0","484","0","30","57","14","6","10","0","34","48","2994"
"2019-12-09 00:00:00","9","7","1","23","1","4","24","3","7","0","539","1","35","50","7","9","9","3","52","58","5478"
"2019-12-10 00:00:00","13","4","1","13","0","1","28","2","5","0","504","0","37","56","7","2","13","3","60","49","5825"
"2019-12-11 00:00:00","8","1","2","13","0","3","19","4","8","0","482","0","24","58","11","10","6","4","65","42","5893"
"2019-12-12 00:00:00","9","3","1","11","0","1","24","2","3","0","454","0","27","67","7","6","7","5","62","64","5692"
"2019-12-13 00:00:00","4","6","1","17","1","3","29","2","6","0","390","1","28","61","9","4","5","3","52","41","5103"
"2019-12-14 00:00:00","10","4","0","17","0","2","16","3","5","0","403","0","24","49","4","4","8","2","40","36","2727"
"2019-12-15 00:00:00","6","5","0","16","0","2","17","2","2","0","427","0","24","63","3","7","3","4","38","52","2747"
"2019-12-16 00:00:00","7","1","1","18","0","3","19","7","7","0","425","2","27","55","8","5","7","1","53","62","5189"
"2019-12-17 00:00:00","5","10","2","11","0","2","28","1","3","0","378","1","27","47","6","0","10","2","69","52","5531"
"2019-12-18 00:00:00","11","5","0","13","0","1","14","6","5","0","362","2","36","34","4","6","9","2","60","59","5546"
"2019-12-19 00:00:00","5","4","1","12","1","3","25","1","5","0","352","0","22","46","10","4","6","1","49","48","5191"
"2019-12-20 00:00:00","7","6","0","8","0","2","18","3","10","0","307","0","31","40","5","7","7","2","50","46","4320"
"2019-12-21 00:00:00","6","5","1","13","1","5","13","1","5","0","289","0","29","43","3","4","4","2","28","52","2512"
"2019-12-22 00:00:00","3","1","0","10","0","3","17","2","3","0","285","1","23","41","4","3","5","1","40","47","2599"
"2019-12-23 00:00:00","8","0","3","11","0","2","25","5","5","0","340","1","17","50","2","2","2","0","41","56","4217"
"2019-12-24 00:00:00","5","5","0","12","0","1","11","1","2","0","341","2","22","38","3","3","4","0","35","49","3531"
"2019-12-25 00:00:00","6","6","2","14","0","1","9","3","2","0","259","1","12","51","3","5","5","0","27","28","2588"
"2019-12-26 00:00:00","6","8","1","13","0","0","22","3","2","0","335","1","16","53","2","1","9","1","35","44","3622"
"2019-12-27 00:00:00","7","8","0","9","0","1","18","2","2","0","374","1","23","57","2","6","1","5","40","51","3802"
"2019-12-28 00:00:00","6","2","3","14","0","1","10","1","2","0","329","0","17","56","1","1","3","2","33","49","2699"
"2019-12-29 00:00:00","5","5","2","7","0","1","17","2","1","0","351","0","21","34","4","2","2","1","37","42","2584"
"2019-12-30 00:00:00","5","5","0","10","0","1","18","4","4","0","359","0","24","58","8","2","6","2","51","44","4272"
"2019-12-31 00:00:00","7","3","1","14","0","3","10","3","3","0","342","1","17","48","4","1","2","2","37","44","3340"
"2020-01-01 00:00:00","3","6","0","11","0","0","13","2","3","0","306","0","19","45","3","4","2","2","26","45","2379"
"2020-01-02 00:00:00","6","1","1","9","1","2","25","2","7","0","346","1","23","61","6","9","7","1","50","54","4563"
"2020-01-03 00:00:00","9","5","2","9","1","1","25","2","4","0","417","1","25","67","9","4","2","2","46","52","4776"
"2020-01-04 00:00:00","7","3","2","13","1","1","14","4","2","0","377","1","21","51","2","6","4","0","41","38","2831"
"2020-01-05 00:00:00","4","2","0","20","0","0","10","1","4","0","324","1","25","56","6","3","3","2","38","65","2880"
"2020-01-06 00:00:00","7","4","1","13","0","1","27","4","4","0","368","1","28","62","5","7","11","0","61","48","4787"
"2020-01-07 00:00:00","5","8","3","6","0","2","33","2","6","0","404","2","29","50","1","4","7","0","57","42","5416"
"2020-01-08 00:00:00","3","7","0","14","1","1","29","2","4","0","452","1","24","60","10","3","11","3","66","67","5579"
"2020-01-09 00:00:00","10","3","1","11","0","1","34","2","4","0","448","2","34","47","6","4","11","5","48","64","5814"
"2020-01-10 00:00:00","6","2","0","7","0","2","27","6","3","0","386","0","20","63","4","4","2","0","49","59","5348"
"2020-01-11 00:00:00","5","7","0","4","0","0","18","0","3","0","377","0","22","61","5","5","5","3","56","39","2928"
"2020-01-12 00:00:00","4","4","0","17","0","0","16","1","2","0","455","0","27","47","6","7","7","3","31","47","3032"
"2020-01-13 00:00:00","9","4","1","8","0","0","28","2","5","0","419","0","25","67","3","6","6","5","67","55","5289"
"2020-01-14 00:00:00","9","5","1","12","3","1","16","3","2","0","460","2","29","66","5","5","10","2","64","58","5494"
"2020-01-15 00:00:00","6","2","2","14","1","3","25","5","8","0","440","2","28","66","2","6","7","4","51","60","5585"
"2020-01-16 00:00:00","14","5","2","11","1","2","28","3","2","0","421","1","28","68","0","5","7","4","82","54","5751"
"2020-01-17 00:00:00","6","6","1","16","0","1","22","3","10","0","416","1","30","59","3","1","5","7","53","55","5405"
"2020-01-18 00:00:00","4","2","1","15","0","2","6","5","3","0","378","2","23","53","3","4","5","1","35","35","3044"
"2020-01-19 00:00:00","4","0","1","13","2","2","16","4","6","0","407","2","15","68","2","4","3","4","45","51","3085"
"2020-01-20 00:00:00","4","2","0","13","0","3","22","3","3","0","466","0","28","65","5","4","6","0","60","45","5338"
"2020-01-21 00:00:00","6","3","2","16","0","2","19","6","6","0","469","1","32","54","6","6","11","3","53","49","5806"
"2020-01-22 00:00:00","12","5","0","13","1","1","18","2","3","0","442","1","22","67","5","2","9","3","57","56","6061"
"2020-01-23 00:00:00","7","2","1","11","0","1","19","2","5","0","420","0","25","55","11","3","4","6","63","52","6030"
"2020-01-24 00:00:00","7","8","1","14","1","0","21","3","3","0","388","1","25","55","4","3","5","0","49","56","5069"
"2020-01-25 00:00:00","1","5","0","10","0","1","17","4","5","0","346","0","20","55","4","4","4","4","44","42","2909"
"2020-01-26 00:00:00","3","5","2","8","1","0","14","0","5","0","424","0","22","54","3","5","3","3","34","55","2952"
"2020-01-27 00:00:00","9","3","2","11","0","3","20","0","8","0","476","1","27","67","8","3","13","2","50","63","5419"
"2020-01-28 00:00:00","2","9","1","15","0","2","16","3","5","0","415","1","34","86","12","5","12","4","60","66","5880"
"2020-01-29 00:00:00","8","6","3","13","0","0","31","1","9","0","420","2","38","65","4","6","12","1","71","55","5885"
"2020-01-30 00:00:00","10","4","0","16","0","2","21","1","4","0","433","0","37","55","10","3","11","2","69","50","6074"
"2020-01-31 00:00:00","8","7","1","17","0","1","30","2","8","0","330","2","40","68","5","2","8","2","59","66","5233"
"2020-02-01 00:00:00","3","3","0","14","0","2","15","1","4","0","373","0","22","43","3","3","6","2","30","48","2876"
"2020-02-02 00:00:00","7","1","1","12","0","1","15","0","4","0","400","0","28","60","7","0","6","0","43","38","2975"
"2020-02-03 00:00:00","9","7","1","9","0","2","14","2","5","0","431","0","31","60","4","5","9","3","58","53","5465"
"2020-02-04 00:00:00","12","9","3","17","0","2","16","3","7","0","426","1","28","64","6","3","13","0","65","66","5969"
"2020-02-05 00:00:00","5","3","0","15","0","3","31","5","9","0","454","1","34","65","8","2","9","8","65","58","6036"
"2020-02-06 00:00:00","7","4","3","15","0","0","15","4","10","0","463","2","32","57","5","6","9","3","75","60","6221"
"2020-02-07 00:00:00","11","5","2","12","0","2","25","4","6","0","433","1","31","68","2","12","7","4","63","67","5457"
"2020-02-08 00:00:00","6","2","1","8","0","0","5","4","3","0","368","0","25","55","3","2","2","5","36","45","3043"
"2020-02-09 00:00:00","4","5","0","11","1","4","12","1","4","0","423","2","29","67","7","5","5","2","43","45","3265"
"2020-02-10 00:00:00","11","4","1","11","1","2","21","1","6","0","431","0","29","72","11","4","6","3","65","63","5674"
"2020-02-11 00:00:00","7","1","0","20","0","2","21","4","4","0","424","0","26","67","5","7","7","5","71","76","6011"
"2020-02-12 00:00:00","6","11","0","15","0","6","23","2","4","0","453","2","40","60","10","5","16","3","62","69","6224"
"2020-02-13 00:00:00","11","6","1","21","0","2","14","6","3","0","429","0","32","56","3","4","8","5","82","73","6205"
"2020-02-14 00:00:00","8","5","0","16","1","2","23","1","4","0","402","3","36","54","6","3","9","1","48","55","5236"
"2020-02-15 00:00:00","4","3","1","10","1","1","16","5","6","0","359","1","32","59","2","2","5","1","48","41","2976"
"2020-02-16 00:00:00","5","4","2","14","0","0","17","3","4","0","415","1","31","48","5","4","2","1","56","48","3118"
"2020-02-17 00:00:00","8","3","4","11","0","1","23","6","4","0","449","3","27","56","12","2","9","6","63","62","5666"
"2020-02-18 00:00:00","16","7","3","12","1","2","22","1","7","0","432","4","29","53","8","4","14","4","77","64","5989"
"2020-02-19 00:00:00","11","3","3","6","1","1","21","0","6","0","469","0","24","63","5","9","8","0","75","59","6256"
"2020-02-20 00:00:00","8","5","2","12","0","3","17","5","7","0","370","0","28","52","4","5","6","1","63","60","6015"
"2020-02-21 00:00:00","6","6","0","8","1","3","17","3","7","0","392","0","22","80","4","2","3","3","59","67","5400"
"2020-02-22 00:00:00","8","9","1","18","0","0","10","3","3","0","348","1","24","50","8","6","4","1","34","46","3130"
"2020-02-23 00:00:00","5","5","0","8","1","0","14","6","5","0","398","2","22","65","5","5","3","0","48","48","3246"
"2020-02-24 00:00:00","15","10","2","10","0","1","21","4","6","0","423","3","26","73","10","10","9","6","59","51","5623"
"2020-02-25 00:00:00","9","8","2","18","1","0","13","7","7","0","457","2","32","57","9","7","17","1","69","63","6096"
"2020-02-26 00:00:00","5","7","1","19","0","1","25","9","6","0","438","1","37","61","7","6","10","4","55","60","6216"
"2020-02-27 00:00:00","9","9","1","16","0","0","25","3","2","0","409","1","30","49","5","5","7","0","70","66","6135"
"2020-02-28 00:00:00","11","8","0","11","0","1","19","0","4","0","357","1","38","62","4","8","8","3","72","59","5436"
"2020-02-29 00:00:00","6","5","1","11","0","0","12","2","5","0","375","1","27","43","8","2","2","2","36","50","3114"
"2020-03-01 00:00:00","8","5","1","5","1","2","8","3","5","0","404","0","18","64","7","4","3","1","31","43","3196"
"2020-03-02 00:00:00","7","6","0","17","0","2","19","3","6","0","426","2","26","56","5","3","8","4","67","57","5447"
"2020-03-03 00:00:00","12","6","0","14","0","5","26","3","4","0","450","0","34","73","6","3","9","1","74","60","6083"
"2020-03-04 00:00:00","7","7","1","15","0","1","24","3","2","0","427","1","37","55","2","10","9","3","62","73","6099"
"2020-03-05 00:00:00","10","6","0","13","0","1","25","6","7","0","420","1","35","58","14","4","9","1","52","76","6115"
"2020-03-06 00:00:00","8","3","1","10","0","2","23","5","9","0","364","0","26","55","5","2","11","4","54","62","5558"
"2020-03-07 00:00:00","7","4","1","7","0","2","7","2","5","0","392","0","22","57","5","3","4","0","42","50","3142"
"2020-03-08 00:00:00","7","3","0","14","0","2","14","2","4","0","409","0","21","56","5","5","2","1","39","68","3083"
"2020-03-09 00:00:00","7","1","1","8","0","0","9","3","4","0","416","2","32","60","1","7","9","3","62","69","5265"
"2020-03-10 00:00:00","10","4","1","20","3","1","22","2","7","0","464","1","30","57","5","5","12","4","55","58","5546"
"2020-03-11 00:00:00","8","6","0","14","0","1","20","7","2","0","410","0","34","62","10","3","4","2","79","69","5780"
"2020-03-12 00:00:00","6","4","0","10","0","1","23","3","4","0","416","1","23","42","7","3","9","4","60","50","5446"
"2020-03-13 00:00:00","10","2","1","12","0","1","19","2","7","0","338","0","16","57","9","6","3","1","50","38","4836"
"2020-03-14 00:00:00","7","2","0","8","0","0","13","2","2","0","324","2","26","49","5","7","4","2","45","44","3121"
"2020-03-15 00:00:00","1","1","0","10","0","2","19","2","4","0","357","2","24","40","8","2","8","3","36","61","3285"
"2020-03-16 00:00:00","9","3","0","11","0","0","19","0","4","0","382","0","31","46","10","1","8","4","47","61","4982"
"2020-03-17 00:00:00","6","4","1","10","1","2","20","1","7","0","412","3","25","49","6","7","6","5","38","66","5408"
"2020-03-18 00:00:00","9","1","1","7","1","3","20","2","7","0","442","3","26","70","2","2","10","1","64","56","5585"
"2020-03-19 00:00:00","4","4","1","9","0","1","21","1","3","0","400","0","26","61","4","3","7","3","57","55","5576"
"2020-03-20 00:00:00","3","5","1","12","0","1","12","0","4","0","397","1","27","51","12","5","5","5","44","51","5273"
"2020-03-21 00:00:00","4","4","1","19","0","1","15","3","2","0","402","0","26","57","11","1","4","3","42","43","3584"
"2020-03-22 00:00:00","5","7","0","11","0","1","20","3","5","0","378","0","23","60","4","5","3","1","45","65","3761"
"2020-03-23 00:00:00","4","5","2","10","0","0","18","4","6","0","492","1","35","64","7","3","12","1","54","71","5439"
"2020-03-24 00:00:00","7","1","0","12","1","2","21","0","6","0","490","2","29","74","8","4","10","3","47","61","5870"
"2020-03-25 00:00:00","9","4","2","15","0","2","15","3","6","0","500","0","36","80","4","5","8","5","66","62","5719"
"2020-03-26 00:00:00","5","2","0","18","0","1","26","4","6","0","498","0","42","66","5","3","9","3","53","74","6111"
"2020-03-27 00:00:00","8","6","1","19","2","1","22","0","3","0","481","1","41","54","5","5","8","3","60","80","5617"
"2020-03-28 00:00:00","8","2","4","23","0","1","18","1","5","0","396","0","38","60","10","3","5","2","50","70","4055"
"2020-03-29 00:00:00","10","5","2","12","0","1","15","1","5","0","472","1","24","60","9","7","4","0","59","60","4335"
"2020-03-30 00:00:00","9","10","2","25","1","2","17","1","9","0","513","1","31","67","13","5","11","5","64","88","6140"
"2020-03-31 00:00:00","11","3","0","13","1","1","21","2","7","0","518","1","32","65","8","6","7","3","70","60","6492"
"2020-04-01 00:00:00","6","7","0","21","0","2","20","2","2","0","545","0","35","75","7","5","10","3","66","72","6525"
"2020-04-02 00:00:00","5","4","0","19","0","2","26","0","8","0","511","1","38","62","11","4","4","5","67","77","6704"
"2020-04-03 00:00:00","18","7","0","18","0","1","17","1","8","0","490","0","33","77","2","5","10","3","74","52","6009"
"2020-04-04 00:00:00","9","5","3","16","0","1","14","3","7","0","452","0","37","67","12","8","6","1","51","54","4519"
"2020-04-05 00:00:00","8","2","1","18","0","0","29","2","11","0","471","1","29","77","8","4","5","1","59","69","4665"
"2020-04-06 00:00:00","15","5","0","15","0","0","31","2","7","0","491","1","35","71","9","10","10","1","86","84","6396"
"2020-04-07 00:00:00","13","5","0","20","1","3","17","1","9","0","499","1","36","66","8","7","14","3","68","60","6588"
"2020-04-08 00:00:00","5","3","1","22","0","3","13","2","3","0","531","1","23","79","14","8","15","3","86","72","6668"
"2020-04-09 00:00:00","9","4","2","20","1","1","14","2","7","0","534","1","24","64","11","3","11","5","66","70","6543"
"2020-04-10 00:00:00","9","3","1","13","0","1","21","1","2","0","504","0","26","76","5","6","10","0","68","80","5768"
"2020-04-11 00:00:00","7","1","1","13","0","1","18","1","8","0","492","0","32","76","7","5","13","4","53","74","4587"
"2020-04-12 00:00:00","14","2","2","24","0","2","25","1","3","0","515","0","30","74","10","10","6","2","54","71","4523"
"2020-04-13 00:00:00","11","2","1","18","0","0","22","0","3","0","536","1","36","74","7","12","15","2","82","77","5934"
"2020-04-14 00:00:00","12","7","1","18","0","4","14","2","11","0","531","2","31","73","10","4","5","0","79","72","6591"
"2020-04-15 00:00:00","11","5","1","22","0","2","21","0","6","0","522","1","37","77","9","1","9","6","73","73","6835"
"2020-04-16 00:00:00","15","5","3","18","0","2","20","4","6","0","529","0","44","67","10","8","14","2","96","88","6850"
"2020-04-17 00:00:00","7","5","4","22","0","2","17","1","8","0","559","1","44","76","8","4","14","2","72","76","6606"
"2020-04-18 00:00:00","10","2","2","15","0","7","12","3","5","0","483","1","32","61","9","3","5","7","61","72","4690"
"2020-04-19 00:00:00","7","6","0","23","1","1","25","0","3","0","501","1","30","83","15","4","8","1","72","92","4867"
"2020-04-20 00:00:00","9","5","1","21","1","2","11","2","7","0","550","0","37","82","14","4","15","3","62","75","6536"
"2020-04-21 00:00:00","7","5","1","26","0","1","18","0","6","0","563","0","31","73","14","7","9","4","64","73","6749"
"2020-04-22 00:00:00","11","3","1","22","1","3","24","0","6","0","583","2","35","75","9","3","11","3","75","96","7002"
"2020-04-23 00:00:00","3","5","0","21","2","6","23","2","6","0","549","1","34","77","4","7","5","2","74","74","7026"
"2020-04-24 00:00:00","10","5","1","31","0","1","12","0","7","0","532","1","42","84","9","5","9","3","71","83","6536"
"2020-04-25 00:00:00","9","2","1","16","0","1","10","0","5","0","492","3","25","86","13","2","8","1","61","56","4752"
"2020-04-26 00:00:00","11","7","0","16","0","1","13","2","7","0","533","0","24","76","11","5","3","5","56","80","4937"
"2020-04-27 00:00:00","15","3","1","19","0","1","23","2","11","0","565","1","31","88","11","7","8","2","73","77","6735"
"2020-04-28 00:00:00","14","1","1","17","0","0","22","1","2","0","564","2","50","79","9","9","11","6","77","83","6925"
"2020-04-29 00:00:00","12","7","2","20","0","2","20","1","5","0","622","1","38","81","5","4","13","5","94","91","7011"
"2020-04-30 00:00:00","14","8","4","13","0","0","13","1","7","0","584","1","41","75","17","10","8","5","77","78","6815"
"2020-05-01 00:00:00","9","3","1","20","0","1","25","1","7","0","558","0","33","98","4","7","14","5","64","72","5751"
"2020-05-02 00:00:00","7","4","1","15","0","1","15","1","4","0","483","0","33","77","15","8","3","6","56","64","4726"
"2020-05-03 00:00:00","7","3","1","15","0","2","14","1","5","0","523","1","29","77","12","5","14","2","82","71","4798"
"2020-05-04 00:00:00","14","1","4","18","1","4","24","4","7","0","543","2","27","82","9","10","8","9","63","75","6467"
"2020-05-05 00:00:00","12","6","0","20","0","2","25","2","7","0","575","1","38","96","8","6","11","5","75","82","6785"
"2020-05-06 00:00:00","7","6","0","14","0","4","17","3","5","0","545","2","34","80","13","6","11","6","77","79","7221"
"2020-05-07 00:00:00","13","3","2","17","0","2","21","1","5","0","561","2","34","70","16","12","8","6","86","83","7101"
"2020-05-08 00:00:00","8","2","1","21","0","0","14","1","9","0","488","1","42","80","9","7","10","2","59","75","6406"
"2020-05-09 00:00:00","6","4","1","18","1","0","20","1","6","0","468","1","37","85","6","3","7","2","62","75","4785"
"2020-05-10 00:00:00","11","8","2","10","0","0","16","0","3","0","504","1","39","72","10","8","6","1","65","72","4717"
"2020-05-11 00:00:00","12","4","3","21","1","1","19","0","11","0","529","1","36","83","10","8","5","7","75","84","6629"
"2020-05-12 00:00:00","12","1","2","19","0","2","26","2","5","0","542","1","32","85","6","9","10","1","74","94","7196"
"2020-05-13 00:00:00","8","3","4","19","3","3","27","3","8","0","547","1","32","87","9","5","4","4","91","80","7238"
"2020-05-14 00:00:00","16","5","4","20","0","0","17","1","6","0","517","2","31","65","5","6","12","2","75","73","7150"
"2020-05-15 00:00:00","5","8","0","12","1","3","13","2","8","0","529","1","31","77","10","1","7","0","84","79","6571"
"2020-05-16 00:00:00","8","3","3","20","0","1","13","0","6","0","464","0","21","82","3","8","5","5","52","71","4630"
"2020-05-17 00:00:00","10","7","1","19","0","1","17","2","5","0","495","0","33","91","5","0","2","4","51","68","4689"
"2020-05-18 00:00:00","12","8","2","14","0","3","19","1","3","0","465","1","30","62","10","5","12","5","73","76","6543"
"2020-05-19 00:00:00","13","3","0","14","0","3","24","0","5","0","513","1","41","76","9","8","9","3","63","82","6987"
"2020-05-20 00:00:00","9","6","1","10","0","4","19","1","10","0","514","2","36","76","13","11","6","3","58","71","7042"
"2020-05-21 00:00:00","11","8","4","20","0","1","25","1","5","0","497","2","38","80","12","6","10","2","68","91","6665"
"2020-05-22 00:00:00","11","5","0","24","1","4","15","0","2","0","508","1","45","56","17","6","4","2","71","74","6440"
"2020-05-23 00:00:00","9","4","0","21","0","1","21","1","7","0","484","2","24","91","13","5","5","2","50","64","4409"
"2020-05-24 00:00:00","4","5","3","18","0","2","9","2","3","0","475","1","34","74","9","3","8","2","60","57","4330"
"2020-05-25 00:00:00","6","6","2","9","0","4","17","0","6","0","512","0","38","76","7","11","7","4","72","66","5915"
"2020-05-26 00:00:00","6","3","3","12","0","3","19","1","3","0","549","0","31","71","5","3","4","6","67","79","6637"
"2020-05-27 00:00:00","7","7","1","26","1","1","21","1","1","0","492","0","36","63","11","5","7","2","80","85","6956"
"2020-05-28 00:00:00","13","3","2","20","0","1","14","1","0","0","505","0","35","81","15","8","6","4","72","67","6920"
"2020-05-29 00:00:00","3","4","3","18","0","2","18","1","10","0","462","0","43","71","9","1","3","1","75","86","6339"
"2020-05-30 00:00:00","5","2","2","17","1","2","12","4","7","0","461","0","21","69","9","2","3","6","54","55","4224"
"2020-05-31 00:00:00","6","4","1","12","0","1","16","2","6","0","439","1","28","67","4","7","5","2","52","62","4193"
"2020-06-01 00:00:00","9","0","0","20","0","0","22","3","4","0","489","1","33","77","8","9","9","2","62","79","5822"
"2020-06-02 00:00:00","9","4","3","14","0","2","17","1","7","0","522","1","52","60","12","9","17","4","65","64","6551"
"2020-06-03 00:00:00","13","2","1","16","1","2","22","2","5","0","537","3","31","83","8","7","11","4","77","54","6852"
"2020-06-04 00:00:00","8","1","2","12","1","3","17","0","10","0","524","2","30","71","9","5","4","7","78","55","6754"
"2020-06-05 00:00:00","8","3","1","24","0","3","11","1","4","0","457","1","37","63","10","6","12","2","77","65","6186"
"2020-06-06 00:00:00","9","6","0","17","0","0","11","0","3","0","430","0","33","56","6","4","1","4","53","47","4377"
"2020-06-07 00:00:00","4","6","2","20","1","0","16","4","4","0","467","1","40","75","11","2","1","1","48","62","4398"
"2020-06-08 00:00:00","3","1","2","13","1","3","15","0","3","0","527","1","45","81","16","6","12","4","52","79","6408"
"2020-06-09 00:00:00","9","6","2","22","0","1","18","3","6","0","472","1","41","83","4","6","7","2","64","83","6676"
"2020-06-10 00:00:00","5","2","1","18","0","2","15","3","3","0","500","1","29","87","7","5","17","4","70","62","6808"
"2020-06-11 00:00:00","5","4","3","14","0","1","13","3","9","0","498","1","33","81","10","5","12","1","71","58","6479"
"2020-06-12 00:00:00","7","9","1","18","1","1","23","1","3","0","428","0","26","69","10","6","11","5","70","54","5882"
"2020-06-13 00:00:00","7","7","0","17","0","0","14","0","6","0","433","1","35","69","7","11","6","0","57","68","3987"
"2020-06-14 00:00:00","12","3","1","13","1","1","10","2","3","0","438","0","38","73","6","9","4","1","53","48","4064"
"2020-06-15 00:00:00","9","4","0","16","0","1","23","1","4","0","453","0","37","54","16","5","10","3","68","69","6164"
"2020-06-16 00:00:00","10","3","1","17","0","1","19","1","3","0","510","2","49","63","11","5","8","2","77","67","6541"
"2020-06-17 00:00:00","10","2","3","12","0","3","31","1","3","0","494","0","33","77","12","2","12","3","59","43","6580"
"2020-06-18 00:00:00","9","5","1","13","1","2","27","1","5","0","455","1","30","69","12","9","12","4","56","59","6729"
"2020-06-19 00:00:00","4","1","3","19","0","0","21","2","3","0","492","2","35","66","11","9","7","2","48","76","5913"
"2020-06-20 00:00:00","5","5","0","11","0","1","19","0","3","0","431","1","33","57","11","7","7","2","52","65","3974"
"2020-06-21 00:00:00","8","4","3","22","0","1","23","1","5","0","424","0","28","59","9","2","4","2","36","51","3816"
"2020-06-22 00:00:00","7","6","1","11","0","4","22","2","5","0","416","1","36","79","11","8","7","3","56","65","6127"
"2020-06-23 00:00:00","16","5","1","13","0","4","19","2","4","0","428","2","35","68","12","6","13","4","64","72","6420"
"2020-06-24 00:00:00","10","3","1","19","1","1","20","1","5","0","465","1","39","89","12","8","9","1","60","70","6284"
"2020-06-25 00:00:00","5","7","1","17","0","1","18","1","7","0","435","0","39","84","9","8","3","3","72","60","6457"
"2020-06-26 00:00:00","7","3","0","18","1","3","16","4","2","0","386","1","27","69","9","3","4","0","59","59","5796"
"2020-06-27 00:00:00","4","7","1","15","0","2","17","1","2","0","351","0","27","60","5","8","6","3","48","50","3736"
"2020-06-28 00:00:00","5","7","0","9","1","2","13","1","5","0","418","0","29","66","8","1","3","1","33","42","3934"
"2020-06-29 00:00:00","8","7","2","12","1","1","20","0","5","0","377","1","41","72","15","5","7","3","62","47","5981"
"2020-06-30 00:00:00","9","5","1","8","0","3","12","2","6","0","414","0","27","74","11","4","8","2","68","59","6201"
"2020-07-01 00:00:00","4","1","1","13","0","4","22","1","10","0","413","1","29","61","5","10","7","2","82","69","6167"
"2020-07-02 00:00:00","5","6","1","9","0","2","19","2","4","0","432","1","35","57","10","3","7","6","73","69","6163"
"2020-07-03 00:00:00","12","7","1","11","0","0","14","3","4","0","431","0","34","61","15","5","7","3","52","49","5376"
"2020-07-04 00:00:00","3","4","1","11","0","0","20","0","2","0","358","0","25","60","5","4","4","0","45","39","3558"
"2020-07-05 00:00:00","3","1","0","13","1","1","18","1","3","0","378","1","25","55","6","6","3","0","49","33","3663"
"2020-07-06 00:00:00","6","4","2","15","0","1","21","1","7","0","436","0","33","63","8","3","6","0","78","47","5872"
"2020-07-07 00:00:00","8","3","1","12","1","2","22","0","10","0","415","4","27","72","7","3","7","1","54","56","6173"
"2020-07-08 00:00:00","2","2","3","14","1","5","29","2","5","0","389","0","39","60","12","10","7","3","71","71","6251"
"2020-07-09 00:00:00","11","9","2","15","1","0","20","2","6","0","404","2","27","64","6","5","7","2","59","53","6287"
"2020-07-10 00:00:00","9","7","0","17","0","0","27","0","2","0","405","2","37","75","7","3","9","1","65","46","5781"
"2020-07-11 00:00:00","6","4","1","10","0","2","15","1","5","0","338","1","37","62","4","2","3","1","49","35","3562"
"2020-07-12 00:00:00","5","6","0","15","0","2","16","0","3","0","318","0","30","66","7","1","2","0","35","55","3591"
"2020-07-13 00:00:00","4","5","1","10","0","1","17","0","4","0","383","1","28","73","13","5","10","5","52","69","5861"
"2020-07-14 00:00:00","3","9","0","12","1","2","17","2","4","0","374","0","31","62","9","6","13","1","59","58","6229"
"2020-07-15 00:00:00","5","10","3","13","1","2","18","2","4","0","372","1","33","66","14","6","8","1","72","47","6170"
"2020-07-16 00:00:00","6","6","3","13","1","1","19","1","8","0","395","0","34","62","11","8","12","3","67","48","6223"
"2020-07-17 00:00:00","10","8","3","14","1","0","19","1","2","0","384","2","42","69","9","3","5","1","59","58","5577"
"2020-07-18 00:00:00","6","9","0","12","0","1","11","2","5","0","310","1","23","64","5","4","5","3","43","49","3521"
"2020-07-19 00:00:00","4","5","1","14","0","0","19","1","0","0","355","0","29","58","7","8","3","1","38","39","3623"
"2020-07-20 00:00:00","7","9","2","7","1","2","22","1","8","0","383","0","36","68","7","6","6","4","68","67","5974"
"2020-07-21 00:00:00","6","6","4","11","0","3","16","1","2","0","367","1","38","66","10","5","3","3","79","60","6077"
"2020-07-22 00:00:00","5","5","0","11","2","4","19","1","1","0","402","1","36","75","8","7","8","6","81","59","6269"
"2020-07-23 00:00:00","10","10","2","11","0","1","26","0","5","0","386","0","38","67","14","4","4","6","91","57","6384"
"2020-07-24 00:00:00","7","6","0","7","0","2","15","1","6","0","366","1","32","57","4","2","9","3","82","59","5552"
"2020-07-25 00:00:00","4","4","1","7","0","1","4","0","5","0","319","0","38","64","6","3","2","4","40","41","3542"
"2020-07-26 00:00:00","7","6","2","13","0","1","10","2","2","0","379","0","26","63","4","4","3","2","55","35","3641"
"2020-07-27 00:00:00","13","4","0","8","1","3","18","3","6","0","409","0","41","60","6","3","13","5","57","55","5792"
"2020-07-28 00:00:00","6","7","1","13","0","3","16","0","1","0","412","0","35","55","9","6","7","1","71","52","5966"
"2020-07-29 00:00:00","8","6","1","9","0","0","15","3","1","0","392","0","36","67","10","8","12","5","69","70","6156"
"2020-07-30 00:00:00","10","9","2","9","0","3","21","3","2","0","403","0","36","85","8","8","3","1","69","62","5939"
"2020-07-31 00:00:00","7","5","2","9","2","1","15","2","5","0","367","2","32","59","13","6","12","0","54","52","5094"
"2020-08-01 00:00:00","6","2","1","7","0","2","14","0","0","0","317","0","20","54","5","4","2","2","49","47","3196"
"2020-08-02 00:00:00","6","8","1","10","0","3","11","1","5","0","338","0","28","52","6","5","4","2","35","31","3320"
"2020-08-03 00:00:00","5","2","0","3","0","0","20","1","3","0","369","4","40","61","5","2","8","1","46","55","5179"
"2020-08-04 00:00:00","6","6","2","8","0","4","20","2","4","0","403","1","35","51","10","5","7","7","60","59","5730"
"2020-08-05 00:00:00","4","8","0","11","1","2","16","2","8","0","372","3","28","50","12","5","9","3","72","58","5850"
"2020-08-06 00:00:00","7","3","1","16","1","0","14","3","5","0","382","1","36","60","6","7","8","2","63","54","5629"
"2020-08-07 00:00:00","6","5","1","12","0","2","12","1","8","0","357","2","32","59","5","7","5","1","61","65","5225"
"2020-08-08 00:00:00","2","11","2","5","0","4","9","1","2","0","349","0","26","38","8","3","2","2","38","45","3229"
"2020-08-09 00:00:00","9","5","2","11","1","0","14","1","5","0","362","0","41","61","5","1","1","2","48","36","3406"
"2020-08-10 00:00:00","9","8","2","12","1","4","14","2","7","0","358","1","31","64","6","6","8","1","70","67","5380"
"2020-08-11 00:00:00","3","8","0","11","0","0","18","2","4","0","400","1","35","46","5","5","8","5","58","54","5690"
"2020-08-12 00:00:00","6","6","2","7","1","3","16","3","7","0","367","0","42","69","15","8","5","3","68","48","5781"
"2020-08-13 00:00:00","11","6","2","14","0","3","16","0","5","0","399","1","36","62","7","7","10","2","54","58","5801"
"2020-08-14 00:00:00","0","5","0","11","0","2","17","3","3","0","365","2","37","66","11","6","5","3","61","43","5121"
"2020-08-15 00:00:00","2","6","2","9","0","3","3","0","4","0","355","1","27","62","5","3","4","0","27","47","3170"
"2020-08-16 00:00:00","4","3","2","12","0","1","16","2","4","0","404","0","26","53","11","9","3","1","59","48","3327"
"2020-08-17 00:00:00","8","5","1","14","2","0","18","4","1","0","361","1","27","75","6","9","10","3","63","61","5252"
"2020-08-18 00:00:00","6","4","2","4","0","3","21","1","9","0","412","0","40","57","7","5","8","6","61","48","5659"
"2020-08-19 00:00:00","7","5","3","11","1","2","17","2","7","0","419","0","34","80","11","5","4","7","77","66","5522"
"2020-08-20 00:00:00","4","7","0","12","1","1","14","0","5","0","385","1","43","59","6","4","5","1","61","48","5601"
"2020-08-21 00:00:00","8","4","2","12","0","0","19","2","8","0","390","0","27","60","9","4","6","0","54","49","5121"
"2020-08-22 00:00:00","5","3","0","7","1","0","13","1","6","0","314","0","25","49","4","5","3","1","36","40","3333"
"2020-08-23 00:00:00","4","2","1","10","0","1","2","3","4","0","355","0","28","51","7","9","3","4","39","38","3353"
"2020-08-24 00:00:00","6","3","2","16","0","3","17","2","5","0","353","1","34","57","13","4","4","3","67","51","5352"
"2020-08-25 00:00:00","8","6","1","8","0","1","10","1","6","0","383","1","36","63","6","3","8","3","55","50","5886"
"2020-08-26 00:00:00","10","2","1","13","0","3","17","0","7","0","366","3","31","71","10","5","10","0","60","61","5775"
"2020-08-27 00:00:00","8","4","0","12","0","1","15","0","5","0","372","1","30","65","11","5","5","1","60","72","5758"
"2020-08-28 00:00:00","5","6","3","8","1","0","18","3","3","0","369","2","38","65","3","2","7","1","63","47","5111"
"2020-08-29 00:00:00","7","0","2","6","0","0","6","2","3","0","340","1","23","57","2","3","1","1","55","47","3282"
"2020-08-30 00:00:00","4","2","1","5","1","4","12","3","2","0","370","2","25","62","3","3","0","1","42","59","3143"
"2020-08-31 00:00:00","4","4","1","8","1","2","10","0","4","0","377","0","27","61","5","9","9","3","39","59","5128"
"2020-09-01 00:00:00","8","7","2","8","1","3","12","2","6","0","413","1","25","57","5","11","5","2","58","53","5302"
"2020-09-02 00:00:00","3","5","5","9","0","0","13","0","5","0","382","0","30","65","9","8","3","2","46","52","5586"
"2020-09-03 00:00:00","4","5","1","13","0","2","18","3","0","0","394","1","39","72","6","8","4","2","57","46","5460"
"2020-09-04 00:00:00","3","5","1","13","1","2","16","0","6","0","372","2","32","68","11","3","4","1","61","49","4757"
"2020-09-05 00:00:00","3","7","0","7","1","0","12","1","6","0","342","1","28","58","5","2","5","3","38","42","2951"
"2020-09-06 00:00:00","7","3","0","10","0","1","9","0","4","0","332","3","28","63","10","6","3","1","57","61","3052"
"2020-09-07 00:00:00","5","8","0","12","1","4","13","2","2","0","390","2","43","76","9","8","6","2","58","67","4566"
"2020-09-08 00:00:00","6","5","3","17","0","1","16","2","7","0","442","3","41","64","8","9","5","0","64","54","5203"
"2020-09-09 00:00:00","3","5","4","6","0","2","21","1","8","0","394","2","29","71","6","5","6","5","63","51","5306"
"2020-09-10 00:00:00","4","7","1","9","2","3","13","2","5","0","387","1","26","83","10","6","7","2","53","63","5256"
"2020-09-11 00:00:00","5","5","0","10","0","0","13","2","2","0","397","1","34","54","8","10","6","2","44","45","4819"
"2020-09-12 00:00:00","5","6","1","11","0","1","12","0","9","0","380","0","34","54","5","8","1","0","39","45","2898"
"2020-09-13 00:00:00","6","3","4","19","1","2","7","0","3","0","355","1","23","66","9","6","2","2","38","45","3143"
"2020-09-14 00:00:00","7","11","2","16","1","4","23","3","7","0","418","0","23","54","7","3","12","2","60","59","5231"
"2020-09-15 00:00:00","8","7","2","14","0","3","15","0","7","0","469","3","27","68","9","5","8","1","63","46","5597"
"2020-09-16 00:00:00","6","8","1","10","0","2","23","0","6","0","429","1","39","75","11","9","5","6","58","65","5532"
"2020-09-17 00:00:00","3","3","2","12","2","1","15","2","5","0","453","3","40","82","5","9","6","3","59","45","5727"
"2020-09-18 00:00:00","2","4","0","11","1","1","18","2","4","0","419","2","26","75","5","6","1","1","49","65","5129"
"2020-09-19 00:00:00","4","7","1","8","0","0","19","2","6","0","332","0","32","58","8","5","1","2","38","48","3073"
"2020-09-20 00:00:00","6","3","2","12","0","2","6","3","6","0","431","1","24","57","3","8","5","3","39","65","3166"
"2020-09-21 00:00:00","4","8","1","14","0","3","17","3","9","0","415","1","36","63","9","8","5","1","46","51","5117"
"2020-09-22 00:00:00","3","4","1","14","1","3","14","3","3","0","467","0","40","68","7","4","6","6","48","47","5554"
"2020-09-23 00:00:00","3","3","1","15","0","2","14","2","5","0","458","1","35","60","9","5","4","4","61","54","5775"
"2020-09-24 00:00:00","9","3","1","14","1","1","12","3","5","0","502","2","30","59","13","4","6","6","72","58","5604"
"2020-09-25 00:00:00","9","3","0","4","1","1","9","1","2","0","399","2","39","62","14","5","6","3","55","61","5145"
"2020-09-26 00:00:00","10","4","0","12","0","2","11","0","2","0","362","2","24","61","8","4","2","1","39","52","3248"
"2020-09-27 00:00:00","3","4","2","11","0","2","5","1","8","0","394","0","22","62","10","4","2","2","48","36","3296"
"2020-09-28 00:00:00","8","9","3","10","0","1","13","1","6","0","432","1","30","75","13","7","3","6","46","56","5142"
"2020-09-29 00:00:00","6","7","2","13","0","4","5","2","10","0","435","1","35","68","10","5","6","1","57","58","5603"
"2020-09-30 00:00:00","5","2","0","17","0","0","8","3","5","0","412","5","32","66","8","5","10","1","62","64","5537"
"2020-10-01 00:00:00","3","6","3","10","0","1","18","0","6","0","472","2","27","59","11","4","3","0","58","56","5160"
"2020-10-02 00:00:00","5","3","0","14","0","2","10","0","10","0","409","0","35","68","3","5","5","1","42","57","4426"
"2020-10-03 00:00:00","4","8","1","12","0","2","6","0","5","0","382","1","27","78","5","4","7","3","34","56","3133"
"2020-10-04 00:00:00","3","4","1","19","0","1","8","2","5","0","429","3","23","75","10","4","2","1","49","50","3184"
"2020-10-05 00:00:00","3","8","0","10","0","0","12","1","5","0","403","2","24","89","8","5","5","2","61","55","5041"
"2020-10-06 00:00:00","3","5","2","15","0","3","11","1","6","0","517","1","26","78","7","6","9","2","78","68","5309"
"2020-10-07 00:00:00","7","7","0","16","0","2","18","0","5","0","457","4","42","70","14","3","5","7","55","63","5617"
"2020-10-08 00:00:00","6","6","1","18","0","2","11","0","6","0","424","0","34","79","8","6","4","3","59","52","5501"
"2020-10-09 00:00:00","2","3","1","10","0","2","14","3","10","0","446","1","37","59","8","5","3","1","64","71","4864"
"2020-10-10 00:00:00","8","4","0","10","1","1","15","0","3","0","392","0","28","61","3","3","3","5","49","52","3095"
"2020-10-11 00:00:00","4","8","1","18","0","0","15","1","5","0","404","2","28","59","3","6","7","3","33","48","3096"
"2020-10-12 00:00:00","3","8","2","11","1","3","12","2","2","0","435","2","28","77","6","8","8","3","44","62","4928"
"2020-10-13 00:00:00","6","3","1","16","0","0","9","1","3","0","435","2","31","67","13","4","9","5","69","64","5331"
"2020-10-14 00:00:00","8","2","1","11","0","3","15","2","6","0","508","1","38","86","15","12","7","3","71","57","5358"
"2020-10-15 00:00:00","3","14","3","13","0","4","20","0","11","0","486","0","43","69","13","11","9","2","65","51","5438"
"2020-10-16 00:00:00","3","6","0","13","0","3","9","1","2","0","419","0","23","65","4","8","8","5","56","65","4953"
"2020-10-17 00:00:00","4","5","3","9","0","3","9","2","6","0","367","2","16","67","12","6","6","0","49","36","3014"
"2020-10-18 00:00:00","4","3","0","7","0","1","13","2","6","0","469","0","18","61","7","8","4","2","40","43","3251"
"2020-10-19 00:00:00","4","3","0","11","1","4","16","1","4","0","454","1","33","75","11","5","10","2","68","52","5087"
"2020-10-20 00:00:00","11","3","1","7","0","2","16","3","7","0","494","1","32","82","4","7","8","2","56","55","5345"
"2020-10-21 00:00:00","12","2","0","18","0","2","15","1","4","0","477","2","30","62","9","5","5","1","65","70","5467"
"2020-10-22 00:00:00","0","7","3","10","0","1","16","3","16","0","494","4","23","75","10","5","3","4","56","57","5621"
"2020-10-23 00:00:00","4","2","1","8","0","1","15","0","6","0","448","1","34","59","7","3","6","2","61","44","4864"
"2020-10-24 00:00:00","4","6","0","10","0","0","7","3","4","0","368","2","26","60","5","5","2","4","38","61","2952"
"2020-10-25 00:00:00","0","4","2","11","0","3","7","1","3","0","443","0","25","67","6","4","3","0","27","42","3115"
"2020-10-26 00:00:00","1","7","2","10","0","1","17","1","4","0","455","1","39","56","5","5","8","3","71","44","4889"
"2020-10-27 00:00:00","4","6","1","19","1","2","12","1","5","0","494","0","34","69","8","7","6","2","80","62","5343"
"2020-10-28 00:00:00","3","9","0","15","0","1","15","2","6","0","453","1","29","63","10","9","6","2","74","51","5492"
"2020-10-29 00:00:00","7","7","1","14","0","0","27","2","5","0","490","2","31","77","5","6","6","2","66","57","5278"
"2020-10-30 00:00:00","8","5","1","9","0","1","13","2","5","0","475","1","39","66","15","7","5","6","50","43","4716"
"2020-10-31 00:00:00","6","4","1","7","0","0","9","1","3","0","396","1","25","59","8","4","3","3","23","58","2936"
"2020-11-01 00:00:00","6","5","1","19","0","2","12","1","6","0","383","0","23","76","7","6","2","1","27","40","3100"
"2020-11-02 00:00:00","1","6","3","18","0","1","20","3","5","0","407","3","26","66","5","4","9","3","50","55","4882"
"2020-11-03 00:00:00","8","3","2","19","1","1","17","2","6","0","441","0","37","68","7","9","10","2","56","60","5134"
"2020-11-04 00:00:00","3","7","2","6","0","0","13","2","6","0","422","1","23","54","8","5","8","4","46","51","5090"
"2020-11-05 00:00:00","2","6","1","16","0","0","12","2","7","0","432","2","36","72","10","6","4","5","49","59","5156"
"2020-11-06 00:00:00","11","2","1","5","0","1","13","0","4","0","398","1","31","61","9","4","10","3","53","39","4571"
"2020-11-07 00:00:00","8","5","0","16","0","1","11","1","6","0","395","1","20","55","5","4","3","1","32","57","2960"
"2020-11-08 00:00:00","4","5","2","17","0","3","13","2","3","0","443","0","36","67","7","4","2","1","42","43","3110"
"2020-11-09 00:00:00","2","7","1","11","0","2","19","2","2","0","474","0","30","53","10","8","6","5","68","59","4894"
"2020-11-10 00:00:00","3","7","1","9","0","4","13","1","6","0","493","3","31","58","14","6","8","2","65","51","5213"
"2020-11-11 00:00:00","6","7","3","12","0","0","13","3","6","0","470","0","45","71","8","10","5","0","56","60","5262"
"2020-11-12 00:00:00","4","12","0","10","0","1","16","2","4","0","496","0","38","75","11","4","5","2","77","52","5273"
"2020-11-13 00:00:00","3","6","1","6","0","4","24","1","8","0","439","0","32","72","9","4","9","3","60","50","4663"
"2020-11-14 00:00:00","7","8","1","9","0","0","10","1","3","0","394","1","19","78","7","4","3","2","30","38","3082"
"2020-11-15 00:00:00","10","5","1","13","0","2","12","1","4","0","405","2","28","78","5","6","5","3","39","64","3321"
"2020-11-16 00:00:00","7","6","5","13","1","1","14","1","7","0","460","0","33","69","12","11","6","3","45","52","4933"
"2020-11-17 00:00:00","11","9","2","11","0","1","12","2","7","0","489","0","35","69","10","10","9","4","53","75","5281"
"2020-11-18 00:00:00","5","9","0","14","0","1","12","3","4","0","535","1","39","62","7","1","5","2","44","66","5489"
"2020-11-19 00:00:00","4","7","0","20","0","2","9","1","7","0","480","2","36","68","6","6","6","2","70","59","5574"
"2020-11-20 00:00:00","8","5","0","8","1","4","11","1","8","0","494","0","35","68","8","7","5","4","53","47","5069"
"2020-11-21 00:00:00","4","2","0","11","0","3","8","3","7","0","415","0","18","57","3","9","1","2","44","54","3152"
"2020-11-22 00:00:00","5","5","1","17","0","0","12","1","7","0","440","1","36","63","9","6","4","4","56","48","3344"
"2020-11-23 00:00:00","11","4","2","14","1","3","13","1","4","0","459","0","33","66","4","4","5","4","55","60","5278"
"2020-11-24 00:00:00","1","4","0","17","0","1","13","0","3","0","450","0","42","66","6","10","6","4","59","45","5427"
"2020-11-25 00:00:00","6","5","1","15","1","3","14","2","7","0","477","0","32","59","7","8","9","2","59","54","5334"
"2020-11-26 00:00:00","8","6","3","11","0","1","19","0","5","0","452","1","33","68","7","4","6","3","52","49","4806"
"2020-11-27 00:00:00","1","4","0","13","1","3","6","3","6","0","439","2","26","77","7","8","11","1","54","56","4344"
"2020-11-28 00:00:00","6","8","1","13","1","1","4","1","5","0","412","0","16","66","4","10","2","3","36","40","3065"
"2020-11-29 00:00:00","4","6","2","12","0","0","8","2","10","0","440","2","26","62","5","4","2","2","48","55","3219"
"2020-11-30 00:00:00","6","7","2","13","0","2","15","0","3","0","467","0","34","66","5","2","3","3","47","69","4919"
"2020-12-01 00:00:00","5","7","2","17","1","2","4","1","2","0","427","1","26","71","9","4","0","3","50","75","5287"
"2020-12-02 00:00:00","3","8","4","21","1","3","15","3","6","0","505","2","27","82","8","9","9","0","53","51","5359"
"2020-12-03 00:00:00","4","5","0","16","0","2","15","1","4","0","480","1","32","77","9","8","6","3","64","47","5592"
"2020-12-04 00:00:00","3","10","2","18","0","2","6","0","6","0","464","1","47","62","7","10","5","4","44","63","5032"
"2020-12-05 00:00:00","1","6","1","16","0","2","8","1","3","0","449","0","26","73","5","7","6","2","39","60","3310"
"2020-12-06 00:00:00","5","6","1","16","0","2","7","3","9","0","468","0","25","68","2","3","6","1","42","51","3339"
"2020-12-07 00:00:00","3","8","1","10","0","3","11","1","7","0","488","0","36","71","11","14","3","5","52","60","5027"
"2020-12-08 00:00:00","8","11","0","16","0","0","21","1","8","0","480","0","26","75","7","7","8","1","55","63","5357"
"2020-12-09 00:00:00","7","5","1","3","1","1","12","1","6","0","525","1","26","65","5","8","6","3","55","62","5451"
"2020-12-10 00:00:00","10","3","2","9","1","2","14","0","8","0","468","0","24","62","9","6","5","1","71","58","5192"
"2020-12-11 00:00:00","3","2","1","10","1","3","17","0","8","0","459","3","31","73","7","8","7","4","41","46","4806"
"2020-12-12 00:00:00","9","3","1","15","2","1","18","0","5","0","416","2","25","67","7","0","3","3","40","48","3206"
"2020-12-13 00:00:00","10","4","1","12","1","1","8","2","3","0","414","0","24","70","7","8","4","0","48","47","3320"
"2020-12-14 00:00:00","4","4","2","6","0","3","13","3","7","0","482","0","37","69","8","3","9","3","48","56","4998"
"2020-12-15 00:00:00","4","9","1","8","0","3","16","0","12","0","463","3","25","51","8","6","4","2","54","64","5239"
"2020-12-16 00:00:00","9","8","0","15","1","4","12","3","7","0","475","1","45","65","8","7","9","4","55","59","5286"
"2020-12-17 00:00:00","5","7","1","14","0","1","10","1","4","0","443","0","35","55","9","5","7","4","63","54","5345"
"2020-12-18 00:00:00","10","6","2","6","2","1","14","0","6","0","399","1","28","66","6","3","6","5","68","40","4639"
"2020-12-19 00:00:00","8","5","1","6","0","2","10","1","8","0","368","3","19","63","4","5","6","0","41","54","3044"
"2020-12-20 00:00:00","7","2","2","8","0","1","6","3","6","0","347","0","15","51","3","7","3","2","39","43","3076"
"2020-12-21 00:00:00","3","8","1","9","1","1","14","0","5","0","390","0","23","64","6","5","2","3","52","46","4783"
"2020-12-22 00:00:00","3","8","1","3","0","2","13","0","6","0","374","0","36","83","4","2","5","1","36","54","4867"
"2020-12-23 00:00:00","6","8","0","9","0","2","14","2","6","0","373","1","31","63","6","8","6","1","44","53","4510"
"2020-12-24 00:00:00","8","6","3","6","0","3","9","0","2","0","336","0","21","62","4","3","1","1","29","39","3482"
"2020-12-25 00:00:00","2","5","0","7","0","1","6","1","3","0","276","0","15","59","4","0","1","1","32","27","2413"
"2020-12-26 00:00:00","4","4","1","11","0","2","12","1","5","0","331","0","22","73","4","8","2","0","33","38","2656"
"2020-12-27 00:00:00","4","3","2","13","1","1","19","1","9","0","377","1","24","62","7","6","2","1","42","45","2895"
"2020-12-28 00:00:00","6","7","2","11","0","2","15","3","3","0","376","0","25","68","6","2","9","0","50","53","4156"
"2020-12-29 00:00:00","6","2","1","6","1","3","14","1","4","0","379","0","26","73","10","4","5","1","46","58","4411"
"2020-12-30 00:00:00","9","5","1","14","0","2","20","0","4","0","369","0","22","89","9","7","7","2","35","48","4358"
"2020-12-31 00:00:00","8","3","0","5","1","1","4","0","4","0","349","0","16","60","6","5","3","1","27","41","3470"
"2021-01-01 00:00:00","6","11","0","8","0","1","6","0","8","0","324","0","22","60","4","3","2","0","39","39","2459"
"2021-01-02 00:00:00","7","3","1","11","0","1","9","4","5","0","368","0","34","75","8","11","1","1","30","33","3118"
"2021-01-03 00:00:00","8","9","2","11","0","1","7","0","6","0","401","0","24","77","5","4","2","1","18","55","3275"
"2021-01-04 00:00:00","8","3","0","13","2","3","12","1","8","0","414","0","34","74","4","6","4","2","46","44","4603"
"2021-01-05 00:00:00","6","6","0","8","3","0","20","1","5","0","450","1","29","73","11","4","6","4","57","59","5204"
"2021-01-06 00:00:00","6","8","1","15","0","1","17","1","8","0","407","1","32","85","14","4","7","3","52","58","5227"
"2021-01-07 00:00:00","5","6","1","8","0","3","16","0","11","0","450","1","25","67","8","4","5","3","64","60","5107"
"2021-01-08 00:00:00","8","4","2","14","1","2","13","3","7","0","407","0","27","74","4","3","1","1","51","49","5161"
"2021-01-09 00:00:00","3","3","0","19","0","0","13","0","3","0","401","0","32","81","4","0","4","0","41","50","3284"
"2021-01-10 00:00:00","7","4","1","12","1","0","12","2","9","0","406","1","35","77","2","8","5","4","36","36","3299"
"2021-01-11 00:00:00","6","5","0","18","0","0","20","1","6","0","434","1","30","86","12","5","10","3","41","61","5004"
"2021-01-12 00:00:00","8","3","1","19","0","1","24","2","6","0","450","0","32","79","5","4","7","2","51","68","5380"
"2021-01-13 00:00:00","5","10","3","14","0","0","14","0","8","0","430","0","37","69","10","5","11","1","51","45","5406"
"2021-01-14 00:00:00","8","7","1","19","0","2","19","2","10","0","434","0","27","71","12","4","4","0","50","56","5204"
"2021-01-15 00:00:00","2","7","0","9","0","2","13","0","8","0","459","1","41","72","8","4","6","5","39","58","4926"
"2021-01-16 00:00:00","6","3","1","13","2","0","17","0","3","0","392","2","24","59","3","5","0","2","41","42","3222"
"2021-01-17 00:00:00","4","3","0","15","0","2","7","1","9","0","447","1","28","71","0","5","2","1","51","47","3350"
"2021-01-18 00:00:00","7","9","1","13","0","3","15","1","6","0","434","0","34","81","5","10","6","3","40","67","4987"
"2021-01-19 00:00:00","5","5","0","14","2","1","12","1","6","0","489","0","29","75","6","4","14","1","43","70","5272"
"2021-01-20 00:00:00","5","4","1","12","0","2","16","2","6","0","455","1","32","64","7","5","7","3","46","85","5508"
"2021-01-21 00:00:00","5","7","3","21","0","1","17","2","5","0","428","1","36","74","8","7","9","3","74","82","5635"
"2021-01-22 00:00:00","8","13","0","7","0","2","13","0","9","0","425","1","26","62","9","5","6","2","53","53","5263"
"2021-01-23 00:00:00","3","7","1","7","0","3","17","1","11","0","397","0","38","62","4","6","6","3","42","43","3486"
"2021-01-24 00:00:00","6","5","1","16","2","0","12","1","6","0","431","2","26","68","10","5","4","4","33","52","3520"
"2021-01-25 00:00:00","9","8","1","13","1","3","14","0","9","0","455","0","19","79","8","4","2","5","48","55","5170"
"2021-01-26 00:00:00","12","7","3","13","0","5","15","0","4","0","453","1","38","70","7","5","6","1","53","56","5227"
"2021-01-27 00:00:00","5","5","0","10","0","3","20","1","10","0","454","3","45","67","12","5","4","1","54","56","5566"
"2021-01-28 00:00:00","8","8","0","8","0","1","17","1","10","0","467","0","48","58","12","8","9","4","61","69","5415"
"2021-01-29 00:00:00","3","4","4","9","0","3","12","1","10","0","420","0","34","63","4","3","4","2","45","57","4962"
"2021-01-30 00:00:00","1","7","0","19","0","1","11","1","6","0","374","0","26","70","6","6","4","1","38","61","3310"
"2021-01-31 00:00:00","5","8","3","12","0","1","11","1","9","0","425","0","23","76","11","8","2","2","44","55","3325"
"2021-02-01 00:00:00","7","6","0","21","0","1","8","1","9","0","451","0","40","74","3","8","9","3","50","65","4935"
"2021-02-02 00:00:00","4","6","4","9","1","1","14","1","4","0","448","0","41","66","10","4","8","3","59","73","5411"
"2021-02-03 00:00:00","6","7","1","14","1","2","9","1","6","0","499","1","58","67","13","8","6","4","50","61","5619"
"2021-02-04 00:00:00","8","9","3","11","1","6","18","0","10","0","473","1","31","66","8","6","7","4","58","60","5547"
"2021-02-05 00:00:00","8","8","2","17","0","0","18","2","5","0","451","0","41","69","7","13","9","3","49","56","4966"
"2021-02-06 00:00:00","2","8","2","6","0","1","12","2","5","0","397","0","32","61","13","7","2","1","40","49","3273"
"2021-02-07 00:00:00","6","5","2","15","0","5","13","0","7","0","416","2","23","71","6","10","4","0","33","60","3335"
"2021-02-08 00:00:00","4","4","0","11","1","1","10","1","9","0","476","1","35","63","7","9","4","3","52","64","5086"
"2021-02-09 00:00:00","7","7","2","10","0","4","18","2","9","0","453","2","24","80","6","4","8","1","74","58","5453"
"2021-02-10 00:00:00","4","6","0","14","0","2","8","1","9","0","474","0","39","74","4","10","5","5","58","55","5515"
"2021-02-11 00:00:00","13","10","1","16","2","4","15","1","5","0","449","0","32","74","10","7","7","1","71","70","5568"
"2021-02-12 00:00:00","4","6","0","12","0","3","12","3","6","0","418","2","33","73","6","9","9","1","52","55","4929"
"2021-02-13 00:00:00","3","5","0","17","0","0","7","3","7","0","377","1","29","55","7","0","1","0","29","43","3141"
"2021-02-14 00:00:00","4","3","1","15","1","2","10","1","2","0","365","0","25","69","9","5","4","3","42","50","3058"
"2021-02-15 00:00:00","3","7","1","15","0","1","11","1","4","0","391","1","44","77","8","10","11","3","51","54","4833"
"2021-02-16 00:00:00","3","3","1","16","1","2","15","4","8","0","453","1","28","73","8","13","5","3","62","59","5300"
"2021-02-17 00:00:00","7","1","0","12","1","4","10","4","7","0","427","2","34","65","13","3","9","6","63","67","5453"
"2021-02-18 00:00:00","7","6","0","12","1","5","15","0","7","0","422","1","38","71","6","4","8","3","49","70","5745"
"2021-02-19 00:00:00","7","7","2","7","1","4","25","1","2","0","417","2","24","71","6","5","10","2","48","42","5138"
"2021-02-20 00:00:00","6","7","1","9","0","2","17","3","6","0","400","0","29","74","8","5","5","1","44","55","3407"
"2021-02-21 00:00:00","2","6","0","15","1","1","18","0","8","0","384","0","29","55","5","6","0","2","41","47","3245"
"2021-02-22 00:00:00","8","3","3","13","0","2","13","0","13","0","460","0","36","74","7","14","5","2","73","49","5171"
"2021-02-23 00:00:00","3","8","1","15","0","0","20","4","10","0","428","1","37","70","3","7","12","3","66","62","5348"
"2021-02-24 00:00:00","9","7","0","10","0","5","14","2","6","0","434","0","24","77","4","7","7","2","72","57","5592"
"2021-02-25 00:00:00","10","8","2","19","0","3","18","4","8","0","439","1","35","72","9","7","8","1","77","58","5426"
"2021-02-26 00:00:00","2","5","0","12","0","3","18","4","3","0","420","1","31","43","4","6","6","2","60","54","4902"
"2021-02-27 00:00:00","4","4","2","11","2","0","13","2","3","0","379","2","37","72","8","8","0","4","43","47","3113"
"2021-02-28 00:00:00","2","8","1","13","0","2","11","1","3","0","392","1","30","50","7","15","2","3","45","41","3174"
"2021-03-01 00:00:00","3","4","0","12","0","3","18","1","0","0","431","3","44","88","16","3","9","2","65","70","5187"
"2021-03-02 00:00:00","5","2","0","13","0","0","18","2","10","0","475","0","37","76","6","7","9","4","70","39","5437"
"2021-03-03 00:00:00","5","11","1","18","0","3","9","1","11","0","475","3","42","79","7","11","6","3","70","62","5643"
"2021-03-04 00:00:00","7","4","2","13","0","1","13","2","13","0","528","0","36","86","5","5","6","0","70","53","5726"
"2021-03-05 00:00:00","3","4","2","9","2","1","14","4","13","0","463","0","26","67","9","8","7","2","58","49","5053"
"2021-03-06 00:00:00","2","6","1","10","0","3","9","0","10","0","386","1","27","80","6","5","2","1","51","61","3347"
"2021-03-07 00:00:00","3","2","2","20","0","1","5","0","6","0","390","0","33","75","3","0","5","3","60","54","3282"
"2021-03-08 00:00:00","3","8","0","18","0","0","20","2","8","0","393","0","24","69","11","10","7","4","42","62","5020"
"2021-03-09 00:00:00","5","6","0","16","0","1","16","1","8","0","458","1","35","71","9","9","6","1","57","57","5435"
"2021-03-10 00:00:00","3","5","0","20","1","0","8","1","8","0","492","2","35","89","13","10","2","2","61","77","5639"
"2021-03-11 00:00:00","7","2","4","23","0","2","14","1","5","0","454","1","41","76","11","5","6","5","55","58","5629"
"2021-03-12 00:00:00","2","6","2","16","1","5","14","1","11","0","412","1","40","71","2","4","1","3","59","65","5194"
"2021-03-13 00:00:00","5","10","1","18","0","2","8","0","4","0","442","0","37","73","7","4","1","0","33","59","3308"
"2021-03-14 00:00:00","6","2","2","18","1","3","12","2","6","0","406","0","20","79","8","8","5","0","39","60","3281"
"2021-03-15 00:00:00","6","5","1","19","0","0","15","2","3","0","446","0","44","56","7","3","3","2","75","75","5156"
"2021-03-16 00:00:00","6","5","0","14","0","4","11","1","7","0","443","0","43","74","10","4","5","0","81","71","5512"
"2021-03-17 00:00:00","9","6","2","17","1","2","14","0","7","0","468","0","43","66","8","8","6","2","54","66","5582"
"2021-03-18 00:00:00","7","5","2","16","1","3","16","1","9","0","451","1","39","89","7","7","7","3","44","70","5525"
"2021-03-19 00:00:00","1","3","0","15","1","3","13","1","9","0","399","2","31","72","8","6","5","0","53","45","5092"
"2021-03-20 00:00:00","1","4","1","15","1","2","13","0","4","0","403","2","23","56","4","7","4","6","46","52","3164"
"2021-03-21 00:00:00","3","2","3","19","0","3","9","2","11","0","428","1","37","61","7","4","3","2","43","40","3339"
"2021-03-22 00:00:00","6","11","0","16","0","6","14","4","7","0","432","1","41","68","9","7","11","4","61","66","5140"
"2021-03-23 00:00:00","5","5","1","19","0","4","15","0","7","0","427","0","26","78","9","13","3","1","62","58","5381"
"2021-03-24 00:00:00","7","7","1","15","0","4","12","1","5","0","420","1","35","65","8","5","4","7","69","76","5613"
"2021-03-25 00:00:00","8","3","2","15","0","3","19","2","10","0","441","1","37","65","10","6","9","1","63","80","5574"
"2021-03-26 00:00:00","3","5","1","13","0","0","18","4","8","0","398","2","36","64","10","5","2","1","65","64","5097"
"2021-03-27 00:00:00","5","7","0","12","0","1","10","4","11","0","326","1","37","76","6","9","3","0","43","62","3095"
"2021-03-28 00:00:00","6","3","0","16","0","2","15","0","9","0","364","0","26","53","4","5","10","2","50","54","3012"
"2021-03-29 00:00:00","2","6","1","14","0","4","11","3","7","0","408","2","49","69","7","6","12","3","57","55","4955"
"2021-03-30 00:00:00","4","8","2","19","0","1","19","1","7","0","448","0","38","83","10","8","5","4","51","56","5041"
"2021-03-31 00:00:00","7","12","1","14","0","1","18","0","6","0","449","1","37","78","8","9","11","2","67","61","5305"
"2021-04-01 00:00:00","6","5","2","16","1","2","16","3","8","0","428","0","35","70","5","6","5","6","55","57","4881"
"2021-04-02 00:00:00","3","2","2","10","0","2","13","0","8","0","409","3","40","62","8","7","6","3","42","58","4123"
"2021-04-03 00:00:00","5","5","1","19","0","2","7","3","2","0","358","1","32","70","11","3","5","2","35","50","3062"
"2021-04-04 00:00:00","4","2","0","16","0","0","6","1","1","0","379","2","35","71","8","6","7","2","37","57","3000"
"2021-04-05 00:00:00","5","4","0","18","0","2","19","1","6","0","430","0","35","65","12","2","5","3","36","59","4281"
"2021-04-06 00:00:00","7","4","1","14","0","2","22","1","11","0","426","1","39","67","9","10","9","5","50","60","5145"
"2021-04-07 00:00:00","7","5","0","16","0","2","16","4","7","0","497","0","24","81","9","5","7","1","52","46","5429"
"2021-04-08 00:00:00","7","8","1","12","0","1","8","0","7","0","440","1","34","90","6","8","7","4","72","59","5355"
"2021-04-09 00:00:00","7","2","0","19","0","2","17","1","9","0","403","3","34","60","6","5","6","1","50","70","5060"
"2021-04-10 00:00:00","7","5","1","20","0","3","21","3","3","0","382","2","26","69","11","4","4","2","40","54","3127"
"2021-04-11 00:00:00","6","8","1","16","1","0","14","2","6","0","401","2","32","63","2","6","4","2","37","57","3252"
"2021-04-12 00:00:00","5","2","1","6","2","2","20","2","6","0","445","2","38","71","5","4","12","2","59","75","4840"
"2021-04-13 00:00:00","8","7","0","11","0","4","18","5","7","0","421","0","36","74","5","5","10","2","67","64","5162"
"2021-04-14 00:00:00","14","8","2","11","2","5","13","3","6","0","427","0","30","76","9","4","8","1","65","57","5139"
"2021-04-15 00:00:00","6","4","2","10","0","1","16","5","6","0","420","1","37","76","8","11","9","3","65","61","5277"
"2021-04-16 00:00:00","5","7","0","18","0","2","16","1","8","0","404","1","38","76","4","6","3","3","67","60","5053"
"2021-04-17 00:00:00","4","1","0","26","1","2","12","2","5","0","409","3","15","70","7","1","3","5","45","63","3162"
"2021-04-18 00:00:00","3","5","1","15","0","1","10","2","5","0","431","1","33","76","6","2","2","0","39","51","3137"
"2021-04-19 00:00:00","5","5","1","21","0","1","13","2","8","0","482","2","41","66","8","7","8","1","62","48","4853"
"2021-04-20 00:00:00","3","7","0","20","0","2","21","1","3","0","455","1","34","89","6","6","5","2","71","47","5209"
"2021-04-21 00:00:00","3","5","1","17","1","1","21","2","8","0","423","0","46","73","8","9","4","2","59","42","5388"
"2021-04-22 00:00:00","5","5","0","21","2","4","18","4","5","0","427","1","45","67","8","9","7","3","58","64","5396"
"2021-04-23 00:00:00","3","6","0","19","0","2","13","5","8","0","384","0","36","82","4","4","6","5","45","52","4857"
"2021-04-24 00:00:00","2","4","1","22","0","0","10","6","6","0","360","1","22","57","4","6","4","3","33","44","3079"
"2021-04-25 00:00:00","3","1","1","22","0","0","11","0","9","0","390","3","30","57","3","0","8","3","47","52","3249"
"2021-04-26 00:00:00","8","8","1","23","1","5","12","3","7","0","422","2","47","62","10","10","7","0","52","54","4895"
"2021-04-27 00:00:00","4","7","0","22","1","1","16","1","10","0","418","0","37","85","10","7","6","1","50","56","5184"
"2021-04-28 00:00:00","4","3","2","18","2","3","18","0","11","0","384","1","27","80","14","5","7","1","68","58","5285"
"2021-04-29 00:00:00","4","5","1","16","1","3","18","2","6","0","446","1","35","67","5","7","6","1","51","56","5354"
"2021-04-30 00:00:00","2","5","2","11","0","2","19","2","6","0","381","2","32","67","6","1","4","3","52","65","4649"
"2021-05-01 00:00:00","5","4","0","9","1","2","14","0","8","0","307","2","32","67","5","5","4","2","41","39","3027"
"2021-05-02 00:00:00","3","3","0","15","1","1","18","2","7","0","382","0","21","62","5","1","2","4","41","40","3116"
"2021-05-03 00:00:00","4","5","1","17","0","0","18","0","11","0","448","0","36","75","7","2","3","4","43","79","4554"
"2021-05-04 00:00:00","3","3","0","13","0","2","22","3","7","0","423","0","42","67","8","6","9","3","57","65","5015"
"2021-05-05 00:00:00","4","10","1","12","0","1","20","3","7","0","404","1","32","77","4","3","7","4","46","56","5060"
"2021-05-06 00:00:00","11","7","1","27","0","1","22","1","7","0","424","0","44","72","5","7","7","1","52","59","5389"
"2021-05-07 00:00:00","5","4","1","15","1","1","9","1","6","0","416","1","41","58","7","7","1","5","47","53","4704"
"2021-05-08 00:00:00","3","2","1","15","0","3","11","1","5","0","384","1","28","68","9","3","4","1","30","46","3035"
"2021-05-09 00:00:00","2","7","2","10","0","2","10","4","4","0","352","0","24","62","7","5","3","5","36","46","3055"
"2021-05-10 00:00:00","4","3","0","10","0","0","23","1","7","0","394","1","39","70","9","6","6","1","56","70","4859"
"2021-05-11 00:00:00","7","5","1","26","0","1","20","5","9","0","388","0","43","78","9","7","6","2","61","51","5148"
"2021-05-12 00:00:00","6","3","0","16","0","1","12","0","5","0","387","1","40","71","7","11","5","0","63","47","5081"
"2021-05-13 00:00:00","4","3","1","16","0","0","9","1","7","0","413","0","34","78","14","3","3","3","47","42","4679"
"2021-05-14 00:00:00","4","7","0","11","0","1","12","1","7","0","349","2","36","76","11","4","4","2","54","55","4465"
"2021-05-15 00:00:00","4","5","1","11","0","1","4","0","7","0","332","0","37","84","7","4","3","1","33","56","2978"
"2021-05-16 00:00:00","6","6","1","14","0","4","18","4","9","0","319","0","25","86","9","3","3","2","40","52","3069"
"2021-05-17 00:00:00","3","4","0","15","1","3","20","2","6","0","408","0","41","82","12","9","2","5","56","54","4781"
"2021-05-18 00:00:00","5","6","0","16","0","2","31","0","7","0","429","1","32","80","10","5","6","3","63","51","5266"
"2021-05-19 00:00:00","4","8","1","14","0","3","23","1","9","0","383","0","33","84","9","7","9","4","68","61","5197"
"2021-05-20 00:00:00","4","3","0","12","1","2","21","1","6","0","385","3","50","76","6","8","4","2","64","60","5240"
"2021-05-21 00:00:00","4","11","1","15","1","1","16","2","7","0","347","4","25","61","6","2","9","2","63","59","4821"
"2021-05-22 00:00:00","6","9","0","10","0","3","18","2","7","0","315","1","17","59","5","8","2","3","34","45","3048"
"2021-05-23 00:00:00","4","6","0","11","0","0","8","4","1","0","318","0","22","67","5","3","0","1","56","29","3091"
"2021-05-24 00:00:00","6","8","1","10","0","3","24","1","6","0","339","0","36","69","8","6","5","2","50","62","4456"
"2021-05-25 00:00:00","6","8","1","15","0","1","17","0","8","0","385","0","30","65","9","8","2","4","61","64","5247"
"2021-05-26 00:00:00","3","6","2","17","0","2","14","2","5","0","383","0","38","79","8","8","6","1","49","71","5205"
"2021-05-27 00:00:00","5","7","1","10","0","1","19","1","1","0","367","0","42","81","10","9","6","2","61","50","5228"
"2021-05-28 00:00:00","7","6","4","10","0","1","13","1","4","0","320","1","40","99","2","7","6","2","48","60","4621"
"2021-05-29 00:00:00","2","5","1","7","0","2","12","2","3","0","298","0","16","81","3","11","2","4","32","59","3001"
"2021-05-30 00:00:00","2","2","0","10","1","0","10","2","4","0","301","1","22","59","4","7","2","2","49","57","2962"
"2021-05-31 00:00:00","8","6","1","8","0","0","14","2","4","0","321","1","32","73","7","9","5","3","46","61","4415"
"2021-06-01 00:00:00","3","10","1","12","0","2","10","2","7","0","339","2","32","75","9","7","1","1","55","51","4935"
"2021-06-02 00:00:00","5","7","4","17","1","1","12","2","10","0","350","0","30","74","5","10","7","2","68","61","5099"
"2021-06-03 00:00:00","5","6","0","9","0","3","11","1","8","0","330","4","38","66","11","5","10","0","56","60","4856"
"2021-06-04 00:00:00","8","9","0","11","0","0","16","4","7","0","346","1","35","66","9","9","9","1","64","53","4534"
"2021-06-05 00:00:00","3","7","0","14","0","1","6","2","6","0","320","2","14","63","5","3","3","2","32","45","2828"
"2021-06-06 00:00:00","1","7","1","6","0","1","10","2","7","0","330","2","26","67","5","6","1","2","44","49","2860"
"2021-06-07 00:00:00","6","4","0","10","0","1","9","1","8","0","361","1","44","70","6","4","6","2","45","62","4708"
"2021-06-08 00:00:00","7","6","0","13","0","4","8","1","3","0","341","0","30","79","6","8","6","0","57","59","4900"
"2021-06-09 00:00:00","4","9","1","13","0","0","10","2","3","0","346","0","38","69","4","5","8","4","52","54","5286"
"2021-06-10 00:00:00","1","7","3","13","0","2","14","1","7","0","333","1","27","71","8","8","3","5","55","56","5118"
"2021-06-11 00:00:00","5","9","1","15","0","1","13","3","8","0","314","0","40","67","4","6","6","1","52","50","4552"
"2021-06-12 00:00:00","3","1","2","8","0","3","11","0","8","0","282","1","18","53","7","3","1","2","37","51","2708"
"2021-06-13 00:00:00","11","3","0","18","0","0","7","1","4","0","286","0","27","59","5","4","3","2","33","50","2891"
"2021-06-14 00:00:00","9","3","0","16","0","1","16","2","4","0","331","2","27","70","6","6","13","0","58","56","4581"
"2021-06-15 00:00:00","8","5","2","17","0","1","9","4","7","0","322","1","40","70","4","7","11","3","47","63","4974"
"2021-06-16 00:00:00","1","6","2","16","0","2","14","2","8","0","290","2","41","78","3","10","7","2","58","55","5208"
"2021-06-17 00:00:00","8","5","0","20","2","3","17","3","4","0","319","1","31","64","6","6","8","3","65","57","5071"
"2021-06-18 00:00:00","5","5","1","10","1","0","17","4","2","0","271","2","32","60","7","7","4","1","57","55","4545"
"2021-06-19 00:00:00","5","8","1","13","0","2","12","4","2","0","262","1","20","60","4","5","3","0","31","42","2742"
"2021-06-20 00:00:00","0","3","0","11","0","2","18","2","6","0","275","1","30","59","6","9","4","2","26","41","2772"
"2021-06-21 00:00:00","2","4","1","16","1","1","12","3","7","0","340","1","34","59","8","5","7","4","48","51","4640"
"2021-06-22 00:00:00","8","15","1","14","0","4","14","2","10","0","306","1","26","63","4","11","4","2","68","60","4915"
"2021-06-23 00:00:00","1","8","0","4","0","5","14","0","6","0","327","1","30","71","6","7","9","3","62","60","4957"
"2021-06-24 00:00:00","7","6","2","12","0","1","20","3","6","0","305","1","32","55","7","9","5","1","57","49","4974"
"2021-06-25 00:00:00","8","4","0","11","0","1","18","2","5","0","288","0","25","56","10","4","8","6","54","44","4373"
"2021-06-26 00:00:00","4","11","1","9","0","2","11","3","1","0","256","0","27","51","6","3","1","1","29","47","2690"
"2021-06-27 00:00:00","4","5","3","7","1","1","10","1","5","0","253","1","24","57","7","3","10","3","36","40","2752"
"2021-06-28 00:00:00","7","6","1","13","0","2","13","4","8","0","320","1","26","63","6","7","5","1","50","45","4617"
"2021-06-29 00:00:00","4","11","0","15","1","2","19","0","13","0","312","0","34","71","10","10","13","0","70","45","4951"
"2021-06-30 00:00:00","4","2","2","7","0","1","6","1","6","0","308","0","38","66","8","12","9","0","54","54","4968"
"2021-07-01 00:00:00","2","5","1","12","0","0","11","2","14","0","267","1","25","62","9","11","11","7","47","62","4765"
"2021-07-02 00:00:00","4","5","1","12","0","1","16","2","12","0","245","0","33","59","5","7","12","4","43","36","4428"
"2021-07-03 00:00:00","2","6","0","7","0","1","9","2","3","0","229","1","22","49","6","4","6","0","32","40","2526"
"2021-07-04 00:00:00","4","6","1","18","0","1","6","3","1","0","245","0","22","49","4","5","7","1","29","41","2678"
"2021-07-05 00:00:00","4","1","2","12","0","1","16","1","6","0","290","0","31","48","5","7","6","3","51","43","4111"
"2021-07-06 00:00:00","4","1","2","16","0","4","12","1","6","0","279","2","30","56","7","7","8","2","60","49","4795"
"2021-07-07 00:00:00","12","5","1","9","1","1","9","2","6","0","254","2","28","71","8","6","8","3","64","64","4770"
"2021-07-08 00:00:00","6","8","1","8","0","1","13","0","10","0","283","0","28","68","4","8","10","3","58","54","4867"
"2021-07-09 00:00:00","5","5","0","6","0","2","11","2","6","0","271","1","28","54","4","6","9","1","39","47","4215"
"2021-07-10 00:00:00","3","3","2","10","0","0","7","1","4","0","214","0","28","48","3","6","6","4","30","47","2628"
"2021-07-11 00:00:00","4","4","1","10","1","4","9","1","4","0","233","1","30","35","3","2","5","0","28","42","2470"
"2021-07-12 00:00:00","3","4","2","10","2","2","14","2","5","0","255","2","32","60","7","8","6","1","44","44","4480"
"2021-07-13 00:00:00","6","8","3","12","0","0","11","0","3","0","286","1","35","46","11","5","11","1","48","54","4799"
"2021-07-14 00:00:00","7","8","1","13","0","1","11","3","7","0","314","2","35","73","9","4","6","2","65","52","4890"
"2021-07-15 00:00:00","1","6","1","7","0","1","14","2","5","0","307","1","28","53","11","3","12","2","58","52","4862"
"2021-07-16 00:00:00","5","5","2","11","0","1","15","2","4","0","251","0","32","59","10","7","4","1","44","54","4418"
"2021-07-17 00:00:00","1","3","1","11","0","1","9","2","5","0","232","0","20","53","6","5","3","2","25","34","2557"
"2021-07-18 00:00:00","6","3","0","7","0","1","6","3","3","0","232","2","28","58","4","2","1","0","37","41","2664"
"2021-07-19 00:00:00","4","7","3","12","0","1","15","1","8","0","263","1","25","72","7","8","8","4","63","49","4467"
"2021-07-20 00:00:00","6","4","0","19","0","0","9","0","4","0","296","2","31","42","7","7","7","2","39","61","4487"
"2021-07-21 00:00:00","4","3","5","14","0","1","11","1","8","0","251","0","32","61","5","8","4","3","53","47","4754"
"2021-07-22 00:00:00","6","8","0","15","0","1","14","1","4","0","248","0","30","43","3","9","4","0","60","54","4543"
"2021-07-23 00:00:00","3","6","2","5","0","0","12","5","4","0","245","0","31","66","4","4","9","2","50","45","4130"
"2021-07-24 00:00:00","4","3","0","6","1","0","7","0","5","0","199","0","22","53","3","6","3","0","36","32","2525"
"2021-07-25 00:00:00","7","3","0","13","0","0","8","2","3","0","254","1","24","57","3","5","2","5","26","53","2612"
"2021-07-26 00:00:00","8","2","2","9","0","0","13","5","2","0","246","0","25","47","7","7","2","2","45","56","4414"
"2021-07-27 00:00:00","7","2","1","13","0","2","18","1","7","0","272","0","18","48","8","5","5","0","60","59","4735"
"2021-07-28 00:00:00","8","5","2","12","0","1","16","1","4","0","286","2","38","71","7","6","4","1","55","57","4901"
"2021-07-29 00:00:00","9","3","1","5","1","3","23","0","2","0","275","0","19","58","4","6","4","3","48","42","4731"
"2021-07-30 00:00:00","10","7","1","7","1","1","8","3","6","0","271","0","30","54","8","6","1","0","41","41","4339"
"2021-07-31 00:00:00","3","7","0","10","0","0","8","1","3","0","218","0","22","53","2","0","1","3","31","40","2432"
"2021-08-01 00:00:00","7","9","2","12","0","2","6","3","2","0","202","1","15","51","4","1","2","1","35","30","2665"
"2021-08-02 00:00:00","8","7","2","8","0","1","20","2","8","0","282","2","34","55","4","4","6","1","46","42","4289"
"2021-08-03 00:00:00","8","7","1","11","0","3","12","0","6","0","266","0","22","53","4","7","5","1","37","40","4710"
"2021-08-04 00:00:00","5","6","1","7","0","0","17","0","7","0","286","1","26","54","7","9","5","2","43","41","4594"
"2021-08-05 00:00:00","1","7","0","5","0","0","16","1","4","0","299","0","27","68","9","4","4","2","44","44","4796"
"2021-08-06 00:00:00","9","5","1","13","0","1","11","1","9","0","272","0","29","69","6","7","5","3","45","40","4236"
"2021-08-07 00:00:00","8","4","1","6","0","0","7","5","6","0","227","2","27","53","6","5","2","1","30","34","2497"
"2021-08-08 00:00:00","4","3","1","6","1","0","12","0","3","0","251","1","30","64","3","6","5","3","30","39","2515"
"2021-08-09 00:00:00","8","8","3","8","0","0","6","2","3","0","292","0","23","56","7","6","7","0","49","33","4357"
"2021-08-10 00:00:00","5","5","1","7","0","2","12","2","8","0","297","1","33","70","6","4","7","4","43","49","4572"
"2021-08-11 00:00:00","4","5","0","6","0","0","16","0","4","0","284","0","39","64","8","4","6","0","39","49","4750"
"2021-08-12 00:00:00","6","7","0","10","0","1","14","2","5","0","279","0","22","56","3","4","4","0","42","43","4718"
"2021-08-13 00:00:00","3","5","1","7","0","1","15","2","4","0","219","0","24","65","5","2","2","2","39","43","4197"
"2021-08-14 00:00:00","3","5","2","6","0","0","3","3","3","0","210","1","26","48","3","2","0","1","37","34","2455"
"2021-08-15 00:00:00","2","3","1","9","1","1","13","1","6","0","209","0","25","59","3","4","4","4","34","48","2551"
"2021-08-16 00:00:00","11","8","0","12","1","2","7","0","3","0","262","0","31","62","8","1","3","3","33","63","4257"
"2021-08-17 00:00:00","7","10","1","11","1","1","6","2","5","0","290","1","35","64","7","9","7","0","47","47","4520"
"2021-08-18 00:00:00","8","10","2","15","0","0","11","1","4","0","294","0","29","72","7","3","8","6","49","48","4725"
"2021-08-19 00:00:00","5","8","0","9","0","1","11","4","9","0","283","1","26","70","8","3","5","3","39","57","4605"
"2021-08-20 00:00:00","6","1","0","9","0","2","17","2","2","0","243","1","35","60","2","11","11","2","39","38","4183"
"2021-08-21 00:00:00","6","4","1","10","0","2","6","1","2","0","231","1","29","57","7","2","3","3","32","35","2436"
"2021-08-22 00:00:00","4","5","0","5","0","0","4","1","6","0","219","0","31","51","2","6","4","2","28","37","2599"
"2021-08-23 00:00:00","8","6","0","8","0","3","11","3","5","0","261","2","27","51","7","9","3","3","33","46","4448"
"2021-08-24 00:00:00","11","9","1","10","0","3","7","3","6","0","256","2","32","51","9","6","9","3","41","44","4561"
"2021-08-25 00:00:00","5","3","0","7","2","0","16","0","4","0","300","0","24","47","9","5","9","1","44","45","4862"
"2021-08-26 00:00:00","6","4","0","15","1","2","9","2","5","0","278","0","31","60","4","6","3","3","39","51","4762"
"2021-08-27 00:00:00","2","5","0","6","0","0","6","1","6","0","231","1","32","57","7","1","8","1","46","45","4177"
"2021-08-28 00:00:00","3","3","2","7","0","2","9","0","4","0","248","2","22","47","6","3","4","2","28","39","2619"
"2021-08-29 00:00:00","5","11","0","10","0","1","10","1","6","0","259","2","22","42","2","5","5","1","33","39","2681"
"2021-08-30 00:00:00","5","10","1","13","0","0","4","2","7","0","280","1","31","49","4","4","4","2","42","37","4188"
"2021-08-31 00:00:00","11","5","1","6","0","0","5","1","6","0","250","0","22","54","10","2","6","1","45","47","4570"
"2021-09-01 00:00:00","9","6","0","4","0","1","4","0","5","0","306","0","28","59","6","5","4","1","51","39","4720"
"2021-09-02 00:00:00","6","6","0","9","0","1","10","1","7","0","277","2","35","55","7","6","5","1","31","43","4822"
"2021-09-03 00:00:00","4","5","2","8","1","0","13","1","10","0","281","2","35","62","5","6","4","2","42","47","4106"
"2021-09-04 00:00:00","5","6","1","12","0","0","6","0","4","0","234","1","28","65","2","3","7","0","33","41","2440"
"2021-09-05 00:00:00","6","5","1","12","0","0","9","3","11","0","261","1","13","53","3","4","3","0","25","40","2427"
"2021-09-06 00:00:00","2","2","2","8","0","1","7","3","12","0","286","3","38","64","4","4","6","3","46","48","3997"
"2021-09-07 00:00:00","7","6","0","12","0","3","12","2","4","0","325","0","35","59","4","5","4","2","59","67","4323"
"2021-09-08 00:00:00","6","5","1","6","0","0","12","2","4","0","289","2","31","59","5","4","9","0","54","57","4670"
"2021-09-09 00:00:00","8","6","0","6","0","3","4","3","8","0","295","1","37","61","3","7","3","2","59","56","4563"
"2021-09-10 00:00:00","7","3","2","12","0","1","7","1","7","0","275","2","32","50","5","6","8","3","35","52","4032"
"2021-09-11 00:00:00","4","3","2","9","0","0","5","1","7","0","280","2","27","57","5","7","2","1","33","41","2467"
"2021-09-12 00:00:00","1","4","0","10","0","3","8","1","6","0","279","1","31","55","3","5","7","1","20","32","2539"
"2021-09-13 00:00:00","6","5","1","6","0","2","10","2","6","0","314","0","25","68","10","2","8","4","38","47","4382"
"2021-09-14 00:00:00","7","2","1","18","0","0","18","1","3","0","306","0","43","71","8","5","7","0","43","49","4698"
"2021-09-15 00:00:00","4","3","2","10","1","0","9","6","8","0","327","1","27","63","4","11","4","0","42","66","4790"
"2021-09-16 00:00:00","4","4","1","5","0","4","13","1","9","0","279","0","40","58","12","9","7","1","42","50","4816"
"2021-09-17 00:00:00","4","5","1","6","0","0","15","1","6","0","291","0","29","50","11","8","4","3","53","56","4314"
"2021-09-18 00:00:00","8","2","0","7","0","2","12","0","4","0","272","0","34","41","7","3","3","1","30","41","2637"
"2021-09-19 00:00:00","5","5","0","6","0","1","6","1","4","0","262","1","28","52","7","2","2","3","31","32","2586"
"2021-09-20 00:00:00","3","5","1","14","0","1","11","3","6","0","282","0","31","54","3","3","4","0","43","34","4276"
"2021-09-21 00:00:00","3","4","2","8","0","6","14","1","6","0","324","1","31","60","4","4","5","2","54","40","4521"
"2021-09-22 00:00:00","5","4","0","12","0","0","15","3","8","0","277","1","27","76","2","10","10","3","39","55","4823"
"2021-09-23 00:00:00","3","6","0","6","1","2","13","1","9","0","308","0","32","57","5","3","2","4","46","63","4854"
"2021-09-24 00:00:00","1","4","0","11","0","2","15","2","8","0","262","0","28","55","5","4","5","1","48","44","4338"
"2021-09-25 00:00:00","5","8","1","10","0","1","11","3","5","0","253","1","29","55","6","2","0","2","31","32","2576"
"2021-09-26 00:00:00","1","1","2","14","0","1","11","2","5","0","289","1","22","53","1","2","7","3","39","43","2653"
"2021-09-27 00:00:00","4","2","0","11","0","2","8","3","5","0","291","1","28","74","8","4","9","6","51","50","4474"
"2021-09-28 00:00:00","6","4","1","10","0","1","16","2","8","0","277","0","27","56","4","3","7","3","72","48","4700"
"2021-09-29 00:00:00","3","4","0","13","1","2","12","5","5","0","282","0","40","68","7","2","4","3","36","52","4574"
"2021-09-30 00:00:00","3","6","0","13","0","0","15","1","4","0","302","0","32","54","5","2","7","3","56","56","4670"
"2021-10-01 00:00:00","3","3","0","9","0","1","9","1","6","0","253","2","27","70","8","7","2","3","37","38","3953"
"2021-10-02 00:00:00","3","7","1","15","1","4","6","1","6","0","252","1","15","47","3","1","4","2","23","42","2401"
"2021-10-03 00:00:00","2","2","0","7","0","1","7","3","3","0","263","0","29","61","6","0","5","2","20","37","2599"
"2021-10-04 00:00:00","2","3","2","12","0","2","18","4","4","0","317","3","21","71","8","5","2","1","48","35","4200"
"2021-10-05 00:00:00","3","5","2","8","0","3","7","3","8","0","304","0","32","54","8","5","5","1","56","48","4608"
"2021-10-06 00:00:00","4","2","0","13","0","1","10","1","13","0","310","0","27","72","7","6","4","2","47","48","4726"
"2021-10-07 00:00:00","3","3","0","8","0","2","14","2","6","0","314","0","32","60","6","8","11","3","53","45","4599"
"2021-10-08 00:00:00","5","1","1","11","0","0","15","0","6","0","275","1","33","63","3","8","3","1","40","56","4126"
"2021-10-09 00:00:00","1","5","1","9","1","0","9","0","2","0","256","1","17","41","5","2","1","0","33","45","2464"
"2021-10-10 00:00:00","5","3","1","7","0","1","13","1","5","0","277","0","33","53","2","5","5","1","32","47","2510"
"2021-10-11 00:00:00","5","3","1","12","0","1","16","2","7","0","300","0","32","62","4","7","5","2","49","53","4254"
"2021-10-12 00:00:00","9","7","1","15","0","2","12","4","2","0","336","2","36","55","5","2","8","4","64","47","4478"
"2021-10-13 00:00:00","9","5","3","9","1","1","11","1","4","0","335","1","29","55","6","6","9","0","55","45","4635"
"2021-10-14 00:00:00","2","3","0","16","1","3","14","2","4","0","350","1","27","39","3","10","11","1","48","47","4543"
"2021-10-15 00:00:00","6","3","0","13","0","1","7","3","6","0","297","1","28","52","10","3","4","2","46","38","3955"
"2021-10-16 00:00:00","4","1","1","7","0","1","7","0","10","0","300","0","23","50","3","6","5","1","25","49","2583"
"2021-10-17 00:00:00","3","8","1","16","0","2","10","1","4","0","303","0","15","56","1","0","3","3","42","47","2687"
"2021-10-18 00:00:00","3","0","0","16","0","2","11","0","4","0","295","0","28","51","2","7","4","1","37","49","4292"
"2021-10-19 00:00:00","8","3","0","9","0","0","16","2","3","0","346","3","27","48","3","6","7","2","49","37","4514"
"2021-10-20 00:00:00","2","3","2","15","1","1","10","1","3","0","349","3","34","63","8","7","12","4","52","50","4809"
"2021-10-21 00:00:00","6","6","1","10","0","1","10","3","9","0","345","1","43","62","3","3","4","3","56","41","4850"
"2021-10-22 00:00:00","9","4","2","9","0","0","12","1","3","0","355","0","21","66","3","5","5","2","41","47","4294"
"2021-10-23 00:00:00","2","2","1","9","0","0","9","1","5","0","306","1","32","50","2","4","3","3","30","39","2566"
"2021-10-24 00:00:00","3","3","1","8","1","2","5","0","4","0","341","0","20","56","4","6","4","2","41","31","2633"
"2021-10-25 00:00:00","4","7","3","14","1","2","15","1","6","0","335","0","29","67","8","4","5","2","53","41","4432"
"2021-10-26 00:00:00","3","3","1","10","1","1","12","1","8","0","338","2","32","50","2","6","4","0","54","43","4658"
"2021-10-27 00:00:00","5","7","3","8","1","0","13","3","4","0","351","1","26","61","6","10","5","2","53","37","4882"
"2021-10-28 00:00:00","2","6","2","7","0","1","8","2","10","0","330","0","34","57","3","8","6","1","48","48","4793"
"2021-10-29 00:00:00","3","10","0","20","0","2","8","1","4","0","337","0","32","51","9","3","3","2","46","40","4160"
"2021-10-30 00:00:00","0","0","3","14","0","0","7","2","3","0","268","1","18","43","1","3","0","0","23","30","2105"
"2021-10-31 00:00:00","4","7","1","6","0","1","8","0","5","0","301","0","22","55","1","3","4","1","26","30","2556"
"2021-11-01 00:00:00","4","7","1","13","0","1","9","2","6","0","328","0","30","53","2","10","3","1","31","39","3936"
"2021-11-02 00:00:00","0","3","2","9","2","2","18","2","6","0","347","1","20","52","7","3","4","5","42","56","4387"
"2021-11-03 00:00:00","7","8","1","11","0","0","14","4","6","0","365","0","35","58","9","5","12","4","47","65","4577"
"2021-11-04 00:00:00","6","7","0","13","0","1","14","2","8","0","359","1","25","49","5","6","4","1","55","53","4417"
"2021-11-05 00:00:00","5","2","1","6","0","4","16","3","11","0","277","0","24","59","2","7","1","1","48","49","4023"
"2021-11-06 00:00:00","3","4","1","10","0","1","4","0","1","0","277","0","30","45","2","6","4","1","31","46","2511"
"2021-11-07 00:00:00","5","3","0","8","0","2","13","3","5","0","298","2","24","52","2","5","8","2","32","52","2583"
"2021-11-08 00:00:00","5","4","0","23","0","2","17","1","8","0","327","1","39","69","8","6","8","3","59","52","4319"
"2021-11-09 00:00:00","4","4","1","18","0","3","17","1","7","0","309","2","25","54","6","6","5","2","47","52","4678"
"2021-11-10 00:00:00","3","8","2","9","0","1","9","3","8","0","352","2","44","66","8","4","5","1","54","49","4767"
"2021-11-11 00:00:00","4","5","2","9","1","1","8","3","4","0","325","0","33","61","2","8","10","2","48","55","4662"
"2021-11-12 00:00:00","3","4","1","15","0","0","9","4","3","0","360","2","21","61","4","9","7","1","46","49","4345"
"2021-11-13 00:00:00","2","3","0","10","0","1","8","7","2","0","282","0","27","59","1","1","4","0","25","28","2736"
"2021-11-14 00:00:00","3","6","2","7","0","1","11","1","5","0","284","1","25","47","5","7","8","2","39","35","2672"
"2021-11-15 00:00:00","5","1","1","14","0","1","20","0","7","0","359","0","35","52","6","3","5","3","61","39","4423"
"2021-11-16 00:00:00","6","4","1","13","1","1","9","1","4","0","313","0","33","64","3","8","6","1","42","39","4756"
"2021-11-17 00:00:00","8","4","1","13","0","0","17","3","7","0","342","1","35","62","8","10","7","1","55","45","4846"
"2021-11-18 00:00:00","2","3","0","15","0","3","11","1","6","0","328","2","34","80","6","7","5","7","52","68","4657"
"2021-11-19 00:00:00","6","3","1","12","0","1","7","2","4","0","297","2","26","57","6","7","8","3","48","50","4302"
"2021-11-20 00:00:00","4","2","0","11","1","2","6","0","4","0","294","1","24","51","4","0","6","4","30","50","2616"
"2021-11-21 00:00:00","4","1","1","8","0","1","12","1","3","0","274","1","22","52","3","4","3","2","36","54","2698"
"2021-11-22 00:00:00","5","3","2","14","0","1","17","2","3","0","320","1","31","51","8","3","8","2","45","55","4445"
"2021-11-23 00:00:00","2","3","2","4","1","0","14","2","4","0","335","1","35","50","4","6","6","2","67","57","4746"
"2021-11-24 00:00:00","2","1","1","10","3","1","10","3","8","0","306","1","28","48","5","5","9","3","63","43","4653"
"2021-11-25 00:00:00","3","2","1","10","0","1","11","2","11","0","296","0","37","50","6","16","2","1","44","47","4298"
"2021-11-26 00:00:00","5","1","1","13","1","1","15","2","1","0","284","2","21","53","4","9","1","2","29","43","3837"
"2021-11-27 00:00:00","1","4","1","11","0","1","11","1","5","0","288","0","30","46","4","3","1","2","42","34","2529"
"2021-11-28 00:00:00","1","4","1","15","0","2","9","2","4","0","286","0","22","58","2","3","6","3","37","45","2761"
"2021-11-29 00:00:00","3","3","0","12","0","4","16","1","5","0","352","0","20","58","4","7","7","1","46","53","4337"
"2021-11-30 00:00:00","3","8","2","13","0","1","12","2","6","0","337","0","33","51","5","6","2","2","52","58","4591"
"2021-12-01 00:00:00","8","3","2","9","0","2","4","0","6","0","316","2","34","50","4","6","5","3","47","56","4607"
"2021-12-02 00:00:00","2","3","1","12","0","3","11","2","3","0","321","0","26","58","3","5","8","3","58","54","4590"
"2021-12-03 00:00:00","2","5","1","9","0","1","14","6","10","0","277","2","25","49","3","3","5","4","47","36","4258"
"2021-12-04 00:00:00","2","3","0","17","1","1","9","1","6","0","283","1","28","72","2","2","4","5","28","35","2538"
"2021-12-05 00:00:00","5","1","0","5","1","2","11","2","5","0","296","0","21","50","3","3","5","2","30","40","2707"
"2021-12-06 00:00:00","1","5","1","11","0","2","10","5","9","0","351","2","32","66","1","6","11","1","51","49","4253"
"2021-12-07 00:00:00","4","3","1","12","0","0","8","1","8","0","335","0","32","76","2","10","6","4","53","56","4593"
"2021-12-08 00:00:00","4","6","0","16","0","1","9","2","6","0","319","0","41","68","4","3","4","3","57","56","4544"
"2021-12-09 00:00:00","3","3","1","11","1","1","15","1","3","0","298","1","23","65","5","5","9","2","58","48","4739"
"2021-12-10 00:00:00","1","7","1","9","0","0","15","0","6","0","312","0","33","53","4","3","6","2","40","47","4055"
"2021-12-11 00:00:00","5","4","0","9","0","5","11","2","2","0","255","1","25","47","5","1","4","5","31","39","2526"
"2021-12-12 00:00:00","3","3","0","15","0","0","11","5","7","0","252","0","26","44","5","2","1","2","30","39","2603"
"2021-12-13 00:00:00","1","2","0","13","1","2","18","4","7","0","313","1","31","45","7","5","5","2","48","43","4249"
"2021-12-14 00:00:00","3","3","1","8","0","0","12","3","4","0","317","1","24","45","4","8","2","3","51","48","4499"
"2021-12-15 00:00:00","11","2","1","6","3","2","10","0","5","0","278","1","27","46","5","4","8","3","49","50","4669"
"2021-12-16 00:00:00","3","2","0","9","1","0","15","3","6","0","298","0","22","58","6","6","8","0","38","50","4400"
"2021-12-17 00:00:00","5","3","3","8","0","0","12","2","5","0","260","1","30","57","5","4","7","1","42","47","4042"
"2021-12-18 00:00:00","4","5","0","8","1","1","3","1","3","0","226","0","25","44","2","4","3","1","22","30","2445"
"2021-12-19 00:00:00","2","2","1","10","0","3","4","3","5","0","242","1","28","43","1","7","2","2","20","29","2476"
"2021-12-20 00:00:00","3","3","1","19","0","2","7","1","1","0","262","0","34","52","6","1","3","5","42","43","3981"
"2021-12-21 00:00:00","6","3","3","9","0","1","14","0","3","0","260","0","33","53","4","4","6","0","43","39","4227"
"2021-12-22 00:00:00","2","3","0","14","0","2","9","0","5","0","266","0","25","45","5","8","8","1","54","41","4137"
"2021-12-23 00:00:00","4","8","2","10","0","2","10","0","3","0","202","1","32","48","8","7","5","5","33","34","3694"
"2021-12-24 00:00:00","3","4","1","5","0","1","11","0","5","0","213","0","22","48","2","4","3","1","32","25","2610"
"2021-12-25 00:00:00","2","3","0","4","0","0","4","0","6","0","202","0","16","39","3","2","2","0","8","21","1874"
"2021-12-26 00:00:00","1","6","1","9","0","2","4","2","7","0","217","0","23","37","1","5","7","1","20","36","2146"
"2021-12-27 00:00:00","6","5","1","6","0","0","9","2","2","0","223","0","29","48","6","3","5","4","33","38","3286"
"2021-12-28 00:00:00","3","4","0","11","0","5","12","2","3","0","241","0","30","57","3","8","2","0","39","39","3694"
"2021-12-29 00:00:00","5","5","1","6","0","1","15","0","5","0","268","2","32","60","2","3","2","1","38","45","3725"
"2021-12-30 00:00:00","4","2","1","8","0","0","9","1","4","0","246","0","22","47","2","6","2","3","35","37","3473"
"2021-12-31 00:00:00","2","7","0","4","0","3","5","0","9","0","209","0","19","43","6","5","1","4","23","38","2495"
"2022-01-01 00:00:00","2","5","1","5","0","1","10","0","9","0","189","3","20","46","5","2","3","2","17","31","1909"
"2022-01-02 00:00:00","5","8","0","3","1","0","7","0","4","0","241","0","17","44","4","3","2","3","24","42","2366"
"2022-01-03 00:00:00","3","6","2","11","0","2","9","1","8","0","303","2","21","56","4","4","5","3","45","49","3652"
"2022-01-04 00:00:00","6","3","2","8","2","0","15","1","6","0","281","0","37","64","3","10","4","3","48","48","4223"
"2022-01-05 00:00:00","6","6","0","6","0","0","18","2","10","0","288","0","30","61","11","9","4","1","43","42","4566"
"2022-01-06 00:00:00","7","5","1","10","0","0","12","1","3","0","298","1","24","64","7","3","6","5","43","54","4281"
"2022-01-07 00:00:00","3","2","1","10","0","0","8","0","3","0","259","0","32","53","7","4","7","0","51","52","4098"
"2022-01-08 00:00:00","1","3","0","7","1","2","13","1","8","0","246","3","13","50","1","1","4","2","30","40","2707"
"2022-01-09 00:00:00","1","3","0","8","0","1","6","2","3","0","274","0","24","39","4","5","4","2","41","42","2771"
"2022-01-10 00:00:00","5","2","3","7","1","0","12","0","5","0","283","3","18","49","0","10","5","2","45","50","4190"
"2022-01-11 00:00:00","4","6","2","10","2","4","10","1","5","0","298","0","29","54","4","13","6","1","45","44","4566"
"2022-01-12 00:00:00","3","5","1","11","0","3","17","1","2","0","305","2","31","61","4","5","9","1","51","46","4657"
"2022-01-13 00:00:00","3","5","1","12","0","3","15","1","6","0","325","1","36","65","5","5","10","0","60","42","4541"
"2022-01-14 00:00:00","3","2","2","10","0","1","9","1","4","0","278","1","23","66","5","4","3","1","49","41","4118"
"2022-01-15 00:00:00","1","1","0","10","1","0","13","2","6","0","251","0","33","58","2","3","1","4","28","43","2610"
"2022-01-16 00:00:00","5","6","1","9","0","1","5","2","2","0","271","0","31","54","5","1","4","2","25","41","2670"
"2022-01-17 00:00:00","3","4","2","9","0","2","8","1","4","0","298","2","35","58","3","0","3","2","65","61","4190"
"2022-01-18 00:00:00","4","4","1","10","0","3","10","0","2","0","286","3","31","45","5","2","5","2","44","51","4627"
"2022-01-19 00:00:00","5","7","0","7","0","3","12","3","4","0","296","1","33","59","2","7","4","3","42","52","4862"
"2022-01-20 00:00:00","5","5","2","11","0","1","18","2","3","0","293","2","34","49","8","3","8","0","47","43","4825"
"2022-01-21 00:00:00","4","2","0","11","0","2","12","2","6","0","307","1","31","73","9","5","3","1","50","47","4363"
"2022-01-22 00:00:00","4","9","1","11","0","1","8","2","6","0","297","0","17","61","4","2","3","0","43","59","2765"
"2022-01-23 00:00:00","2","3","1","15","0","2","9","3","4","0","238","1","22","59","7","5","7","2","32","34","2868"
"2022-01-24 00:00:00","5","2","0","11","1","2","8","4","4","0","308","1","30","61","5","7","8","4","43","49","4422"
"2022-01-25 00:00:00","4","7","0","9","0","3","8","2","10","0","325","1","38","59","4","8","5","3","55","61","4778"
"2022-01-26 00:00:00","4","3","1","9","0","0","11","0","5","0","343","0","34","81","9","4","6","1","47","45","4506"
"2022-01-27 00:00:00","1","4","2","13","0","0","9","1","10","0","298","0","23","56","6","4","1","2","48","50","4920"
"2022-01-28 00:00:00","1","6","0","13","0","0","15","1","3","0","258","1","27","54","2","5","5","2","36","53","4385"
"2022-01-29 00:00:00","2","3","0","8","0","1","4","0","2","0","250","1","19","58","3","6","3","2","42","43","2745"
"2022-01-30 00:00:00","2","3","0","15","2","2","7","0","5","0","277","1","20","51","2","5","4","1","39","52","2756"
"2022-01-31 00:00:00","4","4","1","10","0","1","10","3","8","0","310","1","34","70","2","6","6","5","57","45","4358"
"2022-02-01 00:00:00","3","2","3","8","2","2","13","0","10","0","315","0","34","59","6","9","5","0","64","50","4665"
"2022-02-02 00:00:00","5","4","1","9","2","1","8","1","6","0","305","1","31","62","6","7","7","1","46","55","4745"
"2022-02-03 00:00:00","4","8","1","11","0","1","10","2","5","0","292","0","29","61","13","9","3","1","49","48","4766"
"2022-02-04 00:00:00","4","2","0","17","0","1","10","2","8","0","276","0","29","64","2","10","3","1","45","65","4439"
"2022-02-05 00:00:00","0","1","0","11","0","1","9","0","1","0","261","0","20","46","2","4","2","0","34","46","2729"
"2022-02-06 00:00:00","4","3","0","9","0","1","8","1","4","0","238","0","23","48","2","2","3","1","26","47","2753"
"2022-02-07 00:00:00","2","3","0","9","0","3","16","0","6","0","275","0","32","61","5","7","8","3","51","49","4665"
"2022-02-08 00:00:00","2","5","1","9","0","1","17","3","6","0","296","2","42","58","4","3","4","4","47","49","4756"
"2022-02-09 00:00:00","3","2","1","10","0","1","12","3","7","0","318","1","33","68","3","9","3","1","61","54","4841"
"2022-02-10 00:00:00","4","4","2","6","0","0","7","2","3","0","266","0","21","67","6","6","3","1","50","46","4817"
"2022-02-11 00:00:00","1","3","3","10","0","1","9","1","7","0","267","0","18","54","3","6","3","1","45","48","4359"
"2022-02-12 00:00:00","1","4","1","3","0","1","6","0","12","0","241","0","25","50","3","6","2","3","30","38","2664"
"2022-02-13 00:00:00","5","4","0","12","0","0","3","1","3","0","291","0","31","62","2","8","1","1","27","38","2707"
"2022-02-14 00:00:00","3","2","1","9","0","4","11","3","4","0","294","0","33","65","5","2","1","2","41","33","4275"
"2022-02-15 00:00:00","3","8","0","8","0","0","11","2","5","0","289","3","41","65","9","7","6","3","46","52","4787"
"2022-02-16 00:00:00","5","4","0","4","1","1","15","2","6","0","309","3","30","60","5","8","15","1","60","63","5006"
"2022-02-17 00:00:00","5","3","0","11","0","0","8","0","6","0","300","1","30","58","0","4","5","3","57","54","4976"
"2022-02-18 00:00:00","6","2","0","10","1","1","12","1","4","0","283","3","37","63","3","5","7","1","41","60","4382"
"2022-02-19 00:00:00","0","2","0","5","0","0","11","1","11","0","243","1","28","45","4","7","4","1","42","34","2729"
"2022-02-20 00:00:00","3","5","1","9","0","2","14","1","6","0","258","2","22","54","4","7","3","2","35","44","2882"
"2022-02-21 00:00:00","3","2","1","9","0","3","8","1","5","0","293","2","27","58","3","10","4","4","51","62","4539"
"2022-02-22 00:00:00","1","5","1","7","0","0","12","2","9","0","293","1","33","60","5","2","1","1","58","46","4861"
"2022-02-23 00:00:00","2","4","1","5","0","0","12","0","11","0","308","2","30","67","8","3","2","4","56","51","4834"
"2022-02-24 00:00:00","5","3","0","8","0","3","9","1","2","0","286","2","26","62","4","5","2","1","35","44","4444"
"2022-02-25 00:00:00","2","4","0","8","0","5","13","0","4","0","227","1","20","48","2","5","2","1","38","42","4095"
"2022-02-26 00:00:00","5","1","0","13","0","1","6","1","3","0","245","2","20","37","3","7","2","2","35","36","2472"
"2022-02-27 00:00:00","0","2","0","6","1","0","7","0","4","0","209","0","19","40","4","1","1","2","40","44","2534"
"2022-02-28 00:00:00","2","3","1","6","0","2","6","3","7","0","239","0","30","50","4","8","3","1","60","42","4087"
"2022-03-01 00:00:00","2","5","1","6","0","2","11","0","6","0","263","1","22","35","1","5","6","1","44","42","4254"
"2022-03-02 00:00:00","3","5","1","10","1","0","11","2","3","0","267","1","37","61","5","12","2","1","43","38","4608"
"2022-03-03 00:00:00","7","3","2","11","0","0","11","2","5","0","242","0","27","51","5","14","3","4","62","43","4529"
"2022-03-04 00:00:00","2","5","0","9","0","2","12","1","6","0","278","0","31","44","5","4","4","1","51","30","4186"
"2022-03-05 00:00:00","5","1","0","14","0","0","11","3","4","0","221","0","23","39","1","5","5","1","33","33","2607"
"2022-03-06 00:00:00","3","3","1","11","1","0","8","1","4","0","247","0","18","38","2","12","2","0","42","37","2639"
"2022-03-07 00:00:00","1","5","0","11","0","1","14","0","6","0","249","1","28","37","4","7","5","2","50","55","4110"
"2022-03-08 00:00:00","4","1","2","11","0","1","10","1","2","0","272","2","33","51","3","6","2","1","46","49","4412"
"2022-03-09 00:00:00","2","5","1","16","1","2","11","0","5","0","271","1","35","56","2","3","5","2","49","34","4527"
"2022-03-10 00:00:00","3","0","2","9","0","0","12","3","6","0","285","0","43","44","5","9","4","4","38","45","4601"
"2022-03-11 00:00:00","3","4","0","10","0","1","8","2","4","0","242","1","27","51","2","4","4","2","41","55","4183"
"2022-03-12 00:00:00","2","2","0","5","0","0","3","1","0","0","256","0","22","40","3","4","2","0","29","41","2311"
"2022-03-13 00:00:00","1","6","0","10","0","1","11","0","6","0","245","1","15","43","2","3","2","1","29","41","2593"
"2022-03-14 00:00:00","2","4","0","10","0","0","10","2","5","0","315","1","27","43","6","2","6","2","43","52","4305"
"2022-03-15 00:00:00","4","2","0","8","0","3","15","1","2","0","288","1","28","50","4","3","5","1","52","48","4613"
"2022-03-16 00:00:00","5","5","1","10","0","0","16","3","5","0","295","2","31","43","5","6","5","1","59","45","4804"
"2022-03-17 00:00:00","5","6","1","12","0","1","11","2","5","0","269","1","28","57","4","6","4","3","60","50","4651"
"2022-03-18 00:00:00","6","1","0","6","0","2","3","0","3","0","183","1","30","44","3","5","1","3","43","39","4054"
"2022-03-19 00:00:00","2","4","1","5","0","3","6","0","6","0","246","0","16","39","4","4","0","1","22","47","2581"
"2022-03-20 00:00:00","3","5","1","10","0","1","8","0","3","0","233","0","14","49","4","7","2","1","23","41","2578"
"2022-03-21 00:00:00","3","4","1","11","0","2","8","0","8","0","284","0","28","46","8","5","5","1","46","45","4350"
"2022-03-22 00:00:00","5","0","3","12","0","2","9","3","5","0","291","0","32","55","6","4","3","2","56","54","4612"
"2022-03-23 00:00:00","6","4","0","6","0","0","8","0","5","0","298","1","26","56","6","4","3","4","48","56","4765"
"2022-03-24 00:00:00","8","5","2","10","0","2","7","0","5","0","292","2","31","55","3","7","5","2","60","48","4779"
"2022-03-25 00:00:00","0","7","0","10","1","3","6","1","3","0","229","2","34","47","4","6","6","1","47","42","4161"
"2022-03-26 00:00:00","2","7","1","8","1","1","11","1","6","0","243","0","26","43","3","4","2","2","34","34","2498"
"2022-03-27 00:00:00","3","4","0","12","0","2","6","1","8","0","246","0","20","48","0","4","2","0","34","43","2596"
"2022-03-28 00:00:00","4","2","1","8","0","0","9","0","6","0","290","0","32","61","4","7","2","1","50","55","4280"
"2022-03-29 00:00:00","4","1","0","7","0","3","11","2","6","0","304","0","37","53","7","4","5","5","54","54","4704"
"2022-03-30 00:00:00","4","2","0","4","1","1","7","2","5","0","288","1","36","49","3","5","2","2","59","49","4793"
"2022-03-31 00:00:00","3","1","1","8","0","1","15","2","4","0","271","0","29","59","4","7","7","2","40","45","4720"
"2022-04-01 00:00:00","4","0","1","13","1","2","10","1","2","0","263","1","26","38","4","11","6","3","48","44","4172"
"2022-04-02 00:00:00","1","3","1","7","0","0","10","1","5","0","228","1","19","43","2","5","0","1","39","50","2471"
"2022-04-03 00:00:00","1","6","0","10","0","1","4","1","2","0","228","1","25","44","2","3","4","0","38","46","2644"
"2022-04-04 00:00:00","3","4","0","7","0","1","9","2","6","0","261","0","27","48","9","6","3","0","48","43","4361"
"2022-04-05 00:00:00","7","3","1","12","0","1","12","3","4","0","271","0","40","50","10","7","7","0","46","52","4566"
"2022-04-06 00:00:00","0","2","1","10","0","3","19","0","7","0","288","0","36","50","5","8","8","4","55","46","4784"
"2022-04-07 00:00:00","2","2","1","14","1","0","13","3","3","0","253","1","31","62","7","9","5","2","57","43","4736"
"2022-04-08 00:00:00","2","3","0","16","0","3","10","3","6","0","239","0","42","46","5","7","1","0","40","41","4326"
"2022-04-09 00:00:00","3","3","0","12","0","0","9","1","3","0","241","0","25","50","7","4","1","0","27","37","2579"
"2022-04-10 00:00:00","1","4","1","12","0","0","10","1","4","0","240","1","29","66","4","3","0","1","39","39","2605"
"2022-04-11 00:00:00","4","6","1","13","0","1","12","1","4","0","322","0","16","46","3","11","5","1","37","43","4376"
"2022-04-12 00:00:00","4","3","1","14","0","3","15","2","5","0","271","0","39","50","4","8","0","1","45","44","4562"
"2022-04-13 00:00:00","4","12","1","5","0","0","21","0","2","0","278","0","26","69","5","3","4","1","58","55","4532"
"2022-04-14 00:00:00","5","4","3","11","0","1","12","1","4","0","239","1","28","58","8","4","6","0","49","42","4165"
"2022-04-15 00:00:00","3","2","0","9","0","1","13","1","2","0","241","0","25","39","3","2","2","0","47","40","3448"
"2022-04-16 00:00:00","5","4","2","9","1","1","4","3","5","0","230","2","21","41","6","6","0","0","33","38","2549"
"2022-04-17 00:00:00","1","3","0","11","0","2","4","1","4","0","242","0","16","47","2","10","1","1","30","32","2434"
"2022-04-18 00:00:00","0","6","0","17","1","2","10","0","4","0","248","0","22","59","3","7","6","0","39","40","3577"
"2022-04-19 00:00:00","3","2","0","10","0","1","19","6","9","0","269","0","35","54","4","10","2","1","62","38","4424"
"2022-04-20 00:00:00","4","2","1","14","0","2","11","4","6","0","310","1","30","35","5","11","5","1","54","51","4492"
"2022-04-21 00:00:00","4","3","1","16","0","4","7","2","4","0","291","1","26","60","4","7","5","0","59","47","4422"
"2022-04-22 00:00:00","4","2","1","4","0","5","6","4","4","0","272","1","43","38","3","5","4","1","53","37","4133"
"2022-04-23 00:00:00","4","2","1","6","0","2","6","0","1","0","245","1","18","46","1","5","3","0","41","48","2643"
"2022-04-24 00:00:00","1","1","0","7","0","1","8","3","6","0","258","0","35","52","2","4","3","0","27","41","2625"
"2022-04-25 00:00:00","2","7","0","7","0","1","8","3","3","0","301","2","23","48","1","7","7","0","52","49","4217"
"2022-04-26 00:00:00","4","1","0","11","0","0","10","0","8","0","301","3","27","58","4","7","10","2","50","51","4591"
"2022-04-27 00:00:00","2","2","0","9","2","1","10","2","3","0","283","1","23","64","4","3","5","2","38","52","4473"
"2022-04-28 00:00:00","2","2","0","5","0","1","11","0","7","0","289","0","30","50","5","7","2","2","52","53","4571"
"2022-04-29 00:00:00","4","3","0","13","0","1","9","2","4","0","277","0","25","61","5","10","3","2","48","44","4122"
"2022-04-30 00:00:00","3","1","0","9","0","1","7","1","5","0","235","0","24","46","0","4","4","1","27","36","2554"
"2022-05-01 00:00:00","2","3","1","13","0","1","5","0","3","0","253","2","24","46","1","2","3","2","33","35","2493"
"2022-05-02 00:00:00","6","9","1","11","1","1","12","2","5","0","289","1","35","56","1","8","7","2","36","47","3739"
"2022-05-03 00:00:00","3","8","0","6","0","2","12","1","0","0","292","1","26","59","4","5","7","2","44","45","4036"
"2022-05-04 00:00:00","2","1","1","8","1","3","7","0","4","0","279","0","39","49","8","4","8","0","53","46","4381"
"2022-05-05 00:00:00","6","4","0","12","0","8","7","0","3","0","296","1","36","50","6","7","3","3","50","48","4326"
"2022-05-06 00:00:00","1","2","0","8","0","2","8","1","6","0","251","0","23","38","6","1","5","2","45","55","4127"
"2022-05-07 00:00:00","3","1","1","15","0","1","8","0","4","0","241","0","28","38","3","4","1","2","35","38","2496"
"2022-05-08 00:00:00","1","3","1","10","0","0","6","0","3","0","243","1","22","54","5","3","1","0","32","34","2553"
"2022-05-09 00:00:00","4","0","1","13","0","2","13","0","4","0","269","0","34","58","9","8","11","1","45","51","4131"
"2022-05-10 00:00:00","2","1","0","10","0","0","13","0","7","0","264","0","27","67","3","6","4","1","45","62","4549"
"2022-05-11 00:00:00","4","2","3","9","1","1","5","2","3","0","282","0","40","63","6","3","4","0","55","66","4467"
"2022-05-12 00:00:00","4","4","3","12","1","5","6","1","5","0","293","1","32","56","5","9","6","0","48","52","4361"
"2022-05-13 00:00:00","4","3","1","12","1","0","9","3","8","0","235","0","28","44","2","6","4","4","59","40","3968"
"2022-05-14 00:00:00","1","4","0","13","1","2","4","2","4","0","231","0","21","48","2","2","1","0","34","43","2424"
"2022-05-15 00:00:00","4","5","0","10","0","0","11","3","2","0","233","0","31","55","5","8","7","0","31","38","2609"
"2022-05-16 00:00:00","3","3","1","13","0","1","11","0","6","0","296","0","29","59","6","6","5","0","45","48","4143"
"2022-05-17 00:00:00","4","2","3","7","0","3","19","1","6","0","314","0","32","72","9","4","4","1","58","51","4562"
"2022-05-18 00:00:00","4","3","0","7","0","3","14","0","3","0","250","1","30","62","4","14","8","1","60","52","4600"
"2022-05-19 00:00:00","5","6","2","9","0","3","15","1","4","0","279","2","31","66","7","7","9","4","41","50","4558"
"2022-05-20 00:00:00","3","5","1","7","1","2","6","1","3","0","257","1","34","55","8","9","7","2","37","57","4270"
"2022-05-21 00:00:00","1","2","2","9","0","2","6","3","8","0","225","0","24","52","4","0","3","1","34","43","2365"
"2022-05-22 00:00:00","3","3","2","11","0","2","4","0","2","0","204","1","20","53","1","1","1","1","25","39","2377"
"2022-05-23 00:00:00","2","4","2","5","1","3","11","1","2","0","277","0","35","44","8","5","5","2","48","45","4136"
"2022-05-24 00:00:00","2","3","2","5","0","2","12","0","4","0","267","1","32","54","5","7","8","3","55","39","4541"
"2022-05-25 00:00:00","3","2","0","9","0","0","13","1","1","0","263","0","21","62","2","9","8","1","43","37","4481"
"2022-05-26 00:00:00","6","0","2","8","0","2","12","4","6","0","275","2","31","47","6","9","4","0","41","53","4286"
"2022-05-27 00:00:00","1","0","1","4","0","2","9","1","3","0","266","0","32","53","5","8","5","2","57","58","3891"
"2022-05-28 00:00:00","7","1","3","4","0","0","5","2","4","0","218","4","24","41","1","2","2","1","35","43","2417"
"2022-05-29 00:00:00","3","2","2","9","1","2","8","0","4","0","209","0","25","34","4","7","2","0","33","33","2489"
"2022-05-30 00:00:00","6","2","3","14","1","0","4","1","1","0","261","0","28","63","5","13","7","4","34","54","4015"
"2022-05-31 00:00:00","3","5","1","8","0","0","9","0","3","0","290","1","38","55","3","8","5","0","49","47","4382"
"2022-06-01 00:00:00","4","6","1","7","0","3","7","2","3","0","264","1","31","58","4","9","6","0","62","42","4244"
"2022-06-02 00:00:00","6","2","1","5","0","0","14","3","7","0","277","0","28","54","6","5","5","2","42","41","4268"
"2022-06-03 00:00:00","4","3","1","4","0","1","8","0","5","0","204","0","25","52","4","7","4","0","40","37","3838"
"2022-06-04 00:00:00","4","2","0","7","0","4","8","1","5","0","223","0","20","44","6","3","0","2","24","25","2266"
"2022-06-05 00:00:00","4","2","0","8","0","0","3","0","8","0","210","0","22","40","3","3","3","1","22","43","2314"
"2022-06-06 00:00:00","6","5","0","11","2","4","3","0","4","0","254","0","28","55","4","4","3","0","43","45","3788"
"2022-06-07 00:00:00","5","5","3","11","1","4","8","1","6","0","261","1","33","51","3","9","7","2","42","41","4329"
"2022-06-08 00:00:00","4","0","2","11","0","2","5","2","4","0","262","0","27","57","3","9","5","2","49","36","4488"
"2022-06-09 00:00:00","5","3","0","11","0","1","10","1","9","0","259","0","39","55","5","8","4","3","56","50","4361"
"2022-06-10 00:00:00","5","4","1","12","0","4","11","1","5","0","258","0","31","53","3","4","6","3","36","41","3932"
"2022-06-11 00:00:00","5","3","1","16","0","4","4","2","2","0","232","1","18","49","6","2","3","2","22","35","2354"
"2022-06-12 00:00:00","2","4","2","7","0","0","9","1","3","0","235","0","22","56","2","9","1","1","39","37","2413"
"2022-06-13 00:00:00","3","3","0","8","0","3","15","7","5","0","255","0","30","61","2","8","3","3","42","57","4105"
"2022-06-14 00:00:00","6","3","2","8","0","0","9","2","8","0","254","1","29","64","3","8","7","3","47","49","4426"
"2022-06-15 00:00:00","6","7","0","7","0","1","11","1","9","0","234","0","34","73","5","4","3","1","51","49","4393"
"2022-06-16 00:00:00","2","3","0","5","0","1","10","0","3","0","272","2","33","56","2","3","2","2","45","38","4324"
"2022-06-17 00:00:00","3","4","2","9","0","2","5","2","3","0","248","0","38","52","6","9","7","2","51","46","3840"
"2022-06-18 00:00:00","2","2","1","17","0","0","5","0","4","0","209","0","20","52","2","7","2","1","33","43","2268"
"2022-06-19 00:00:00","1","3","2","7","1","0","7","3","4","0","229","0","19","46","5","5","3","2","20","35","2340"
"2022-06-20 00:00:00","6","3","0","10","0","1","7","1","4","0","285","0","29","58","5","5","1","6","43","48","3953"
"2022-06-21 00:00:00","1","5","0","10","1","2","9","1","2","0","235","0","27","63","5","7","8","2","44","45","4370"
"2022-06-22 00:00:00","5","3","2","13","0","1","9","3","5","0","286","1","25","49","3","8","7","0","48","56","4489"
"2022-06-23 00:00:00","7","4","0","5","1","1","12","1","6","0","278","0","26","49","4","13","6","5","48","43","4526"
"2022-06-24 00:00:00","4","2","2","5","0","2","7","0","4","0","222","0","35","50","4","6","6","3","42","40","3865"
"2022-06-25 00:00:00","3","6","0","9","0","1","11","1","3","0","200","0","16","43","2","8","1","0","25","36","2261"
"2022-06-26 00:00:00","6","4","0","7","0","4","7","2","3","0","238","0","30","48","5","6","4","0","21","32","2282"
"2022-06-27 00:00:00","7","4","0","2","0","1","11","4","4","0","243","1","15","46","3","6","2","2","57","45","4166"
"2022-06-28 00:00:00","4","6","1","8","0","2","11","2","6","0","285","2","29","47","8","5","3","0","39","38","4506"
"2022-06-29 00:00:00","6","3","0","5","0","0","18","1","6","0","245","0","34","39","4","10","1","3","61","52","4423"
"2022-06-30 00:00:00","2","3","1","7","0","3","7","2","4","0","237","0","22","48","7","5","3","1","48","53","4283"
"2022-07-01 00:00:00","5","4","0","6","0","1","12","0","4","0","197","0","26","47","2","2","5","3","38","37","3793"
"2022-07-02 00:00:00","4","5","1","1","0","0","5","1","1","0","195","0","19","40","4","5","2","1","19","32","2219"
"2022-07-03 00:00:00","6","4","1","10","0","1","6","0","2","0","219","0","20","39","4","3","1","1","22","28","2206"
"2022-07-04 00:00:00","6","2","1","1","1","1","8","4","3","0","229","0","20","46","4","7","3","3","23","41","3690"
"2022-07-05 00:00:00","8","2","0","6","0","1","11","0","3","0","257","0","35","61","4","7","5","2","41","29","4220"
"2022-07-06 00:00:00","7","7","1","7","0","2","8","2","10","0","225","1","23","52","2","4","5","3","49","33","4401"
"2022-07-07 00:00:00","4","4","0","5","1","1","8","4","1","0","233","2","31","42","3","6","4","3","40","49","4407"
"2022-07-08 00:00:00","3","4","0","10","0","0","8","2","4","0","227","1","22","41","8","10","6","1","43","43","3855"
"2022-07-09 00:00:00","4","7","1","6","0","0","6","1","2","0","232","1","30","49","4","2","1","1","24","35","2210"
"2022-07-10 00:00:00","4","3","4","4","0","2","5","0","2","0","204","0","15","33","2","4","1","1","28","34","2159"
"2022-07-11 00:00:00","4","4","1","11","0","4","7","1","7","0","240","1","22","39","3","5","4","3","52","35","4021"
"2022-07-12 00:00:00","5","6","0","6","0","1","6","1","4","0","264","0","23","56","6","6","8","2","52","41","4260"
"2022-07-13 00:00:00","5","10","0","9","0","3","7","3","5","0","256","0","25","47","5","3","4","3","39","48","4370"
"2022-07-14 00:00:00","2","6","2","5","0","2","12","8","5","0","249","1","31","40","5","4","3","4","36","45","4320"
"2022-07-15 00:00:00","5","7","1","15","0","0","7","4","4","0","222","0","26","41","1","2","1","2","46","50","3898"
"2022-07-16 00:00:00","3","3","2","9","0","1","7","1","3","0","211","0","24","48","1","4","1","0","29","31","2286"
"2022-07-17 00:00:00","3","3","0","11","0","1","8","3","2","0","195","0","26","46","1","3","0","0","37","35","2289"
"2022-07-18 00:00:00","5","9","2","11","0","0","8","3","7","0","248","0","29","42","2","8","2","5","48","37","4230"
"2022-07-19 00:00:00","7","10","0","3","0","1","8","2","6","0","241","2","27","49","7","6","8","2","53","33","4546"
"2022-07-20 00:00:00","5","7","0","9","0","2","9","7","4","0","247","0","23","41","7","10","5","1","38","49","4561"
"2022-07-21 00:00:00","5","4","1","6","0","3","7","3","4","0","251","2","22","55","5","8","6","1","44","42","4460"
"2022-07-22 00:00:00","4","3","0","5","0","0","5","1","1","0","238","1","30","55","6","3","6","2","56","36","4093"
"2022-07-23 00:00:00","1","3","0","4","0","0","5","0","1","0","177","0","21","54","5","2","0","2","26","25","2240"
"2022-07-24 00:00:00","3","4","0","2","0","0","4","1","5","0","185","0","15","43","3","4","2","1","24","26","2369"
"2022-07-25 00:00:00","1","3","1","5","0","4","7","1","3","0","222","0","27","59","11","7","4","1","42","47","4146"
"2022-07-26 00:00:00","1","3","1","8","1","0","14","1","5","0","215","0","22","48","1","3","3","2","40","43","4421"
"2022-07-27 00:00:00","5","8","1","6","0","0","9","7","3","0","244","2","21","34","5","11","4","2","51","44","4567"
"2022-07-28 00:00:00","3","5","1","7","0","2","12","1","8","0","226","0","28","50","1","6","8","3","59","41","4470"
"2022-07-29 00:00:00","5","1","0","11","0","2","13","0","6","0","209","1","22","39","1","5","4","0","44","36","3463"
"2022-07-30 00:00:00","3","1","0","5","1","2","5","0","2","0","191","1","19","46","5","7","0","2","32","34","2344"
"2022-07-31 00:00:00","6","1","0","2","0","0","7","1","3","0","169","0","21","33","2","2","3","1","27","32","2341"
"2022-08-01 00:00:00","7","3","0","6","1","0","9","3","5","0","207","0","30","48","3","6","4","4","45","46","3942"
"2022-08-02 00:00:00","8","1","1","5","1","2","13","3","7","0","232","0","26","44","4","8","3","1","58","44","4335"
"2022-08-03 00:00:00","6","5","0","9","0","1","6","1","5","0","199","2","28","45","7","10","6","1","41","42","4256"
"2022-08-04 00:00:00","3","3","3","3","0","2","10","1","3","0","202","2","29","44","1","3","2","1","52","48","4367"
"2022-08-05 00:00:00","3","2","0","5","1","2","8","2","8","0","216","0","28","37","2","7","4","0","50","39","3921"
"2022-08-06 00:00:00","4","3","0","5","0","1","4","2","4","0","210","0","20","33","2","8","3","0","28","24","2328"
"2022-08-07 00:00:00","5","3","2","5","0","1","4","1","4","0","199","0","22","45","3","5","3","2","30","29","2329"
"2022-08-08 00:00:00","4","2","1","6","0","4","8","0","7","0","231","2","22","40","4","5","1","1","43","45","4148"
"2022-08-09 00:00:00","1","5","1","4","0","1","10","1","4","0","206","0","21","57","3","3","4","2","53","42","4360"
"2022-08-10 00:00:00","5","6","1","7","1","1","10","1","6","0","221","3","33","46","1","9","5","0","57","53","4489"
"2022-08-11 00:00:00","8","3","1","6","0","2","10","2","8","0","225","3","18","48","2","8","4","2","50","56","4299"
"2022-08-12 00:00:00","5","3","1","4","1","0","11","4","1","0","195","2","28","66","2","5","2","1","41","41","3919"
"2022-08-13 00:00:00","1","3","0","4","0","0","9","3","3","0","179","0","22","36","1","3","1","1","26","27","2184"
"2022-08-14 00:00:00","0","3","0","9","0","0","6","3","7","0","200","1","28","47","0","5","3","0","15","38","2185"
"2022-08-15 00:00:00","4","5","1","8","0","1","8","3","4","0","227","1","29","61","1","6","2","3","45","43","3527"
"2022-08-16 00:00:00","2","3","1","4","0","2","13","2","5","0","216","2","31","57","2","11","5","0","44","43","4353"
"2022-08-17 00:00:00","1","3","1","7","0","1","19","3","3","0","213","1","32","47","2","5","4","2","55","43","4377"
"2022-08-18 00:00:00","3","6","0","8","0","2","11","3","7","0","220","0","21","55","5","9","5","0","55","45","4336"
"2022-08-19 00:00:00","4","3","1","6","0","2","5","2","7","0","211","1","20","43","3","2","0","2","50","37","3727"
"2022-08-20 00:00:00","1","1","1","3","0","0","8","4","1","0","185","0","20","44","1","5","0","1","31","29","2175"
"2022-08-21 00:00:00","4","4","0","9","1","0","7","1","0","0","195","1","15","43","1","1","1","2","28","29","2374"
"2022-08-22 00:00:00","2","3","2","5","0","1","6","2","5","0","208","1","33","48","0","8","3","0","41","43","3879"
"2022-08-23 00:00:00","2","2","2","7","0","1","12","6","2","0","207","1","25","55","1","5","3","1","37","38","4217"
"2022-08-24 00:00:00","2","4","0","5","0","0","10","2","5","0","245","1","21","48","8","7","2","2","48","46","4409"
"2022-08-25 00:00:00","2","2","0","6","0","1","6","1","3","0","243","2","25","52","2","6","2","0","58","41","4224"
"2022-08-26 00:00:00","3","7","0","8","0","0","10","1","5","0","200","3","30","47","1","6","3","1","46","41","3788"
"2022-08-27 00:00:00","1","2","2","7","0","1","3","0","2","0","206","0","22","42","2","3","0","2","29","38","2252"
"2022-08-28 00:00:00","4","2","1","5","0","1","6","1","3","0","207","1","19","53","3","2","1","0","29","32","2309"
"2022-08-29 00:00:00","3","2","3","3","0","1","5","4","3","0","223","1","31","57","5","5","0","0","44","40","3768"
"2022-08-30 00:00:00","3","3","0","9","0","0","9","1","4","0","223","0","25","46","7","1","9","2","51","44","4097"
"2022-08-31 00:00:00","3","4","1","9","0","1","7","2","5","0","217","0","33","45","3","6","3","2","48","34","4052"
"2022-09-01 00:00:00","5","4","1","2","0","1","10","4","1","0","217","0","30","44","4","7","5","1","34","44","3966"
"2022-09-02 00:00:00","2","2","1","4","0","2","3","1","4","0","190","0","22","45","2","3","2","2","36","47","3580"
"2022-09-03 00:00:00","1","2","1","4","0","1","8","3","4","0","198","1","28","46","0","3","1","2","25","28","2065"
"2022-09-04 00:00:00","3","7","1","6","1","0","8","3","6","0","195","0","25","54","1","6","1","1","20","36","2173"
"2022-09-05 00:00:00","7","5","1","6","0","1","12","0","4","0","216","1","24","53","4","3","2","2","34","58","3522"
"2022-09-06 00:00:00","1","4","1","6","0","1","10","1","2","0","250","0","34","49","3","2","7","0","48","45","3935"
"2022-09-07 00:00:00","6","2","1","4","0","4","11","5","4","0","254","0","27","36","3","4","3","2","42","40","4124"
"2022-09-08 00:00:00","5","4","0","7","1","0","11","2","13","0","217","1","23","31","2","2","4","1","41","49","3984"
"2022-09-09 00:00:00","4","2","1","4","0","1","9","1","2","0","265","0","33","43","2","6","3","2","49","39","3775"
"2022-09-10 00:00:00","3","5","0","6","0","2","7","0","2","0","195","0","22","47","0","4","2","0","27","22","2210"
"2022-09-11 00:00:00","1","7","1","5","0","4","6","2","5","0","210","1","20","49","3","4","0","1","31","32","2184"
"2022-09-12 00:00:00","3","2","0","3","1","1","16","1","8","0","243","1","29","46","4","3","2","2","41","45","3754"
"2022-09-13 00:00:00","1","2","2","7","0","0","14","1","4","0","228","1","28","46","1","5","3","0","48","41","4089"
"2022-09-14 00:00:00","3","2","1","7","1","1","10","4","7","0","248","1","27","55","3","5","5","4","42","48","4143"
"2022-09-15 00:00:00","4","5","1","7","0","0","6","3","1","0","231","1","25","54","6","7","1","1","40","47","4219"
"2022-09-16 00:00:00","1","3","2","10","0","1","4","0","3","0","222","0","23","58","6","5","3","0","44","46","3795"
"2022-09-17 00:00:00","2","1","0","4","1","0","2","1","2","0","201","1","28","46","0","6","3","3","20","40","2254"
"2022-09-18 00:00:00","3","0","2","7","0","2","8","1","2","0","229","0","24","39","1","3","1","0","33","42","2223"
"2022-09-19 00:00:00","3","3","0","5","0","3","9","1","6","0","222","0","39","39","2","5","2","2","41","37","3738"
"2022-09-20 00:00:00","4","2","1","6","1","2","10","3","7","0","260","1","29","48","3","4","6","2","40","34","3972"
"2022-09-21 00:00:00","2","4","0","6","0","4","12","2","7","0","218","0","32","52","1","4","4","1","52","42","4011"
"2022-09-22 00:00:00","2","2","0","8","1","2","8","0","2","0","239","1","27","48","3","5","3","3","50","48","4115"
"2022-09-23 00:00:00","2","5","1","5","0","2","11","3","3","0","227","1","24","43","6","2","3","1","42","45","3630"
"2022-09-24 00:00:00","1","6","0","6","0","0","7","3","5","0","221","0","25","43","0","4","1","1","37","45","2176"
"2022-09-25 00:00:00","2","7","1","4","0","4","5","1","1","0","213","0","26","58","4","2","3","0","21","43","2195"
"2022-09-26 00:00:00","5","4","3","7","0","1","8","1","4","0","233","0","28","58","4","6","2","0","34","43","3772"
"2022-09-27 00:00:00","5","1","0","8","1","2","12","0","6","0","259","0","35","44","7","8","3","2","52","45","4170"
"2022-09-28 00:00:00","4","5","1","3","0","3","11","2","5","0","230","0","31","49","1","6","3","1","45","50","4212"
"2022-09-29 00:00:00","4","4","0","6","0","3","6","3","5","0","272","0","31","39","7","11","5","3","48","50","4125"
"2022-09-30 00:00:00","1","2","0","7","0","1","8","2","3","0","225","0","21","44","0","7","4","2","37","36","3682"
"2022-10-01 00:00:00","1","3","1","4","0","0","4","1","4","0","221","1","17","41","1","1","3","3","28","37","2211"
"2022-10-02 00:00:00","4","4","2","7","0","5","4","1","1","0","230","2","13","33","1","3","1","1","31","39","2164"
"2022-10-03 00:00:00","4","8","0","7","1","2","7","1","8","0","265","1","32","40","4","7","3","1","49","47","3570"
"2022-10-04 00:00:00","5","0","1","5","0","2","13","1","16","0","285","1","37","55","4","5","5","2","44","38","3858"
"2022-10-05 00:00:00","4","3","0","6","0","0","10","1","4","0","266","0","29","52","3","9","2","4","44","46","3934"
"2022-10-06 00:00:00","0","2","1","6","0","2","8","0","5","0","273","1","26","42","1","7","3","4","57","57","4093"
"2022-10-07 00:00:00","7","2","3","9","0","6","9","1","5","0","253","0","25","40","6","4","4","2","46","40","3706"
"2022-10-08 00:00:00","5","8","0","5","1","3","8","2","4","0","257","1","17","37","1","4","3","1","42","40","2274"
"2022-10-09 00:00:00","7","6","1","6","0","1","4","1","2","0","248","0","19","51","1","8","2","6","32","40","2336"
"2022-10-10 00:00:00","4","4","1","11","0","1","14","0","4","0","276","0","36","55","6","5","4","2","46","73","3823"
"2022-10-11 00:00:00","4","5","0","9","0","2","16","2","7","0","317","0","41","47","6","7","8","5","49","49","4065"
"2022-10-12 00:00:00","9","1","1","5","0","2","11","2","2","0","283","0","25","43","6","4","2","1","51","39","4141"
"2022-10-13 00:00:00","5","5","1","5","0","2","12","1","4","0","281","0","34","45","3","3","5","1","41","30","4123"
"2022-10-14 00:00:00","6","1","0","4","1","2","8","1","6","0","265","0","26","45","2","5","4","2","38","49","3885"
"2022-10-15 00:00:00","3","4","0","4","0","1","9","0","1","0","237","1","19","63","2","4","2","1","32","29","2303"
"2022-10-16 00:00:00","4","3","0","7","0","0","7","3","3","0","279","1","25","40","2","8","5","2","33","41","2263"
"2022-10-17 00:00:00","9","6","1","4","0","3","14","1","3","0","279","0","25","52","2","4","3","3","40","48","3937"
"2022-10-18 00:00:00","4","4","0","8","0","5","14","3","7","0","263","1","29","52","2","7","4","3","52","56","4272"
"2022-10-19 00:00:00","8","2","1","9","0","3","13","2","2","0","293","1","34","49","1","5","6","4","51","60","4439"
"2022-10-20 00:00:00","3","4","2","9","0","3","9","6","2","0","305","1","25","61","5","5","10","3","46","50","4331"
"2022-10-21 00:00:00","6","7","2","8","0","4","13","2","5","0","272","0","33","53","2","1","2","0","43","52","3752"
"2022-10-22 00:00:00","2","4","1","8","0","3","7","1","0","0","221","0","20","42","2","4","0","0","33","36","2236"
"2022-10-23 00:00:00","1","1","0","9","0","1","5","1","3","0","263","0","23","41","1","6","2","1","28","35","2215"
"2022-10-24 00:00:00","4","4","0","7","0","3","16","2","2","0","277","0","32","49","2","6","5","1","44","43","3780"
"2022-10-25 00:00:00","7","5","1","6","1","0","15","2","3","0","271","0","35","48","5","9","8","0","45","58","4043"
"2022-10-26 00:00:00","3","7","3","7","0","1","12","2","6","0","279","1","25","47","1","4","2","3","45","47","4292"
"2022-10-27 00:00:00","3","5","4","10","0","4","11","2","4","0","256","0","31","41","1","5","5","2","46","47","4107"
"2022-10-28 00:00:00","2","5","1","9","0","1","7","2","5","0","241","2","31","39","2","9","3","2","51","41","3697"
"2022-10-29 00:00:00","3","5","1","9","1","1","5","1","3","0","234","1","21","40","2","3","3","1","30","37","2198"
"2022-10-30 00:00:00","3","2","1","5","0","2","11","0","2","0","255","0","24","40","3","3","2","1","38","38","2340"
"2022-10-31 00:00:00","1","2","0","6","0","1","10","1","5","0","258","1","37","48","4","9","3","3","35","44","3799"
"2022-11-01 00:00:00","4","6","0","11","0","3","5","2","6","0","273","0","31","45","3","6","5","4","41","52","3790"
"2022-11-02 00:00:00","2","3","3","7","0","4","6","1","2","0","271","1","36","54","2","4","2","0","45","35","4132"
"2022-11-03 00:00:00","5","0","1","5","0","2","13","1","5","0","282","0","19","50","2","4","6","1","50","49","4155"
"2022-11-04 00:00:00","4","1","1","8","0","1","8","1","1","0","268","2","31","38","2","9","5","1","44","44","4050"
"2022-11-05 00:00:00","2","1","1","8","0","2","7","0","3","0","250","1","24","55","1","3","1","1","32","52","2449"
"2022-11-06 00:00:00","3","5","0","7","0","1","9","0","3","0","227","2","17","42","2","9","2","3","23","30","2484"
"2022-11-07 00:00:00","2","7","0","11","0","1","12","2","3","0","274","0","29","40","2","11","5","3","37","32","4158"
"2022-11-08 00:00:00","2","5","0","12","0","2","8","0","6","0","287","0","27","54","3","5","5","2","37","49","4409"
"2022-11-09 00:00:00","3","4","2","13","0","0","11","3","5","0","232","1","26","41","2","9","1","1","49","33","4309"
"2022-11-10 00:00:00","1","5","1","6","0","3","7","2","6","0","229","2","35","38","1","6","3","1","38","42","4246"
"2022-11-11 00:00:00","2","5","1","12","0","2","2","0","2","0","259","1","31","41","3","4","4","4","31","40","3780"
"2022-11-12 00:00:00","4","1","2","7","1","1","11","1","3","0","225","1","20","39","2","5","3","2","24","31","2383"
"2022-11-13 00:00:00","5","4","1","5","0","1","5","1","5","0","246","2","19","36","3","5","1","1","29","42","2423"
"2022-11-14 00:00:00","4","1","1","6","1","1","4","1","4","0","251","2","22","53","2","3","5","0","38","47","4113"
"2022-11-15 00:00:00","5","5","0","12","0","1","7","2","2","0","280","0","32","50","3","3","5","1","44","44","4336"
"2022-11-16 00:00:00","1","3","0","7","1","1","11","1","4","0","276","0","23","50","2","7","3","1","42","50","4523"
"2022-11-17 00:00:00","4","0","1","8","0","1","8","5","7","0","261","0","32","44","3","6","11","2","52","59","4503"
"2022-11-18 00:00:00","5","1","0","5","0","1","8","2","8","0","219","0","22","40","3","8","4","1","39","39","3860"
"2022-11-19 00:00:00","4","0","0","7","0","1","8","0","1","0","244","0","31","39","2","3","2","0","24","37","2433"
"2022-11-20 00:00:00","1","4","0","7","1","2","4","0","4","0","262","0","25","31","1","7","1","3","34","44","2477"
"2022-11-21 00:00:00","7","2","1","12","0","2","7","1","11","0","243","0","22","56","3","7","10","1","48","47","3948"
"2022-11-22 00:00:00","4","0","0","6","0","1","6","0","8","0","286","2","26","49","4","6","6","1","60","53","4286"
"2022-11-23 00:00:00","4","3","1","5","0","0","8","1","3","0","269","1","12","44","1","5","8","2","42","41","4190"
"2022-11-24 00:00:00","4","8","1","9","0","2","11","0","0","0","203","1","36","43","4","6","7","0","40","37","3944"
"2022-11-25 00:00:00","2","5","1","9","1","4","7","4","5","0","253","0","21","54","3","9","3","2","33","44","3459"
"2022-11-26 00:00:00","4","3","1","8","0","0","4","1","6","0","211","0","21","43","4","3","0","1","29","31","2205"
"2022-11-27 00:00:00","5","2","1","11","1","1","4","1","4","0","223","2","25","48","3","2","2","3","31","54","2380"
"2022-11-28 00:00:00","2","2","2","9","0","4","10","2","8","0","283","2","23","48","3","5","8","1","41","57","3918"
"2022-11-29 00:00:00","4","1","1","11","0","2","8","1","4","0","266","0","22","50","1","6","12","2","49","50","4057"
"2022-11-30 00:00:00","4","5","3","12","0","2","9","0","6","0","273","0","21","43","2","7","5","2","46","45","4141"
"2022-12-01 00:00:00","6","5","1","4","0","2","9","2","3","0","263","1","24","38","3","5","3","3","46","45","4221"
"2022-12-02 00:00:00","3","3","1","8","1","2","16","1","5","0","263","1","26","49","4","10","1","1","45","41","3698"
"2022-12-03 00:00:00","2","0","2","2","0","1","8","0","2","0","217","2","21","41","3","3","2","1","31","26","2297"
"2022-12-04 00:00:00","4","5","1","7","0","3","9","1","3","0","208","0","31","54","5","5","2","0","31","34","2278"
"2022-12-05 00:00:00","1","1","0","14","0","2","6","1","7","0","264","1","30","50","6","5","3","2","35","47","3864"
"2022-12-06 00:00:00","4","3","1","6","0","1","8","4","2","0","268","2","29","43","4","10","2","2","44","42","4158"
"2022-12-07 00:00:00","2","4","1","10","0","3","10","0","4","0","256","1","34","53","2","5","6","1","53","48","3966"
"2022-12-08 00:00:00","3","4","0","6","0","0","16","2","9","0","251","1","18","47","8","3","6","1","33","44","3857"
"2022-12-09 00:00:00","4","2","2","11","0","1","8","1","7","0","219","0","23","43","3","4","6","1","37","59","3404"
"2022-12-10 00:00:00","3","1","1","8","0","1","7","3","1","0","207","1","24","45","4","4","0","2","27","35","2227"
"2022-12-11 00:00:00","2","3","1","13","0","1","5","1","6","0","212","1","21","46","4","2","2","3","23","38","2295"
"2022-12-12 00:00:00","5","4","0","11","0","1","13","3","5","0","256","1","35","36","3","4","6","1","38","42","3909"
"2022-12-13 00:00:00","5","7","0","3","0","1","10","2","3","0","262","0","27","49","6","7","5","2","54","46","3985"
"2022-12-14 00:00:00","3","2","1","8","0","1","9","1","3","0","249","0","26","55","3","7","5","3","42","42","3947"
"2022-12-15 00:00:00","5","8","0","2","0","0","10","1","3","0","229","1","24","44","4","7","8","1","38","44","3892"
"2022-12-16 00:00:00","7","6","1","7","0","3","11","2","4","0","235","0","35","38","2","4","5","4","35","34","3546"
"2022-12-17 00:00:00","1","5","0","5","0","0","7","3","7","0","191","1","23","35","3","3","1","1","23","36","2106"
"2022-12-18 00:00:00","1","4","0","10","0","2","8","0","0","0","194","0","21","47","3","3","2","3","36","29","1941"
"2022-12-19 00:00:00","6","2","1","9","0","0","10","5","3","0","211","1","26","42","2","7","2","2","40","45","3529"
"2022-12-20 00:00:00","7","11","1","12","1","3","7","3","1","0","209","0","25","49","3","7","5","3","26","48","3805"
"2022-12-21 00:00:00","4","5","2","8","1","0","6","2","3","0","192","1","28","44","4","3","2","2","47","42","3870"
"2022-12-22 00:00:00","3","5","1","4","0","0","7","1","3","0","209","0","22","34","3","4","2","3","41","38","3400"
"2022-12-23 00:00:00","3","1","2","1","0","1","9","0","6","0","169","0","24","45","3","3","4","2","18","44","2926"
"2022-12-24 00:00:00","0","6","0","2","0","1","5","1","5","0","171","0","18","33","0","1","0","1","28","29","1711"
"2022-12-25 00:00:00","3","1","0","5","0","2","2","3","2","0","136","1","10","31","4","2","1","3","23","27","1552"
"2022-12-26 00:00:00","1","1","0","6","1","2","8","2","1","0","192","1","27","33","2","4","2","1","24","46","2390"
"2022-12-27 00:00:00","2","4","0","6","0","0","3","3","5","0","214","1","23","45","4","2","1","1","25","40","2979"
"2022-12-28 00:00:00","4","6","1","6","0","0","7","1","7","0","200","1","18","37","3","1","6","1","31","47","3096"
"2022-12-29 00:00:00","1","2","2","3","0","1","9","1","7","0","233","0","25","38","2","3","6","1","25","35","3190"
"2022-12-30 00:00:00","1","3","0","4","0","2","8","2","4","0","206","0","21","41","2","3","3","2","34","37","2776"
"2022-12-31 00:00:00","5","0","1","4","0","2","0","0","4","0","173","0","20","36","1","7","1","1","15","35","1703"
"2023-01-01 00:00:00","1","2","1","8","0","2","3","1","1","0","187","0","19","23","1","0","1","0","14","28","1547"
"2023-01-02 00:00:00","4","2","0","3","1","1","6","1","4","0","262","1","25","32","4","7","1","0","40","38","2869"
"2023-01-03 00:00:00","4","2","1","11","0","2","5","2","6","0","231","0","27","52","4","4","2","1","40","32","3405"
"2023-01-04 00:00:00","2","3","0","3","0","1","15","0","2","0","267","1","28","47","4","5","2","0","43","47","3791"
"2023-01-05 00:00:00","3","0","0","4","0","2","7","3","8","0","249","0","30","56","1","6","5","1","44","54","3932"
"2023-01-06 00:00:00","1","2","3","8","0","1","8","1","3","0","214","0","25","45","3","10","5","1","34","55","3338"
"2023-01-07 00:00:00","3","3","0","6","0","1","8","1","5","0","205","1","17","75","2","2","1","2","24","45","2120"
"2023-01-08 00:00:00","6","4","1","5","0","1","5","2","4","0","234","1","15","63","1","3","0","0","28","29","2173"
"2023-01-09 00:00:00","6","3","2","15","0","0","8","2","4","0","258","0","24","43","4","7","6","2","38","37","3530"
"2023-01-10 00:00:00","3","4","0","11","0","0","9","2","5","0","241","0","27","58","1","5","2","0","51","44","3822"
"2023-01-11 00:00:00","7","4","1","10","0","1","7","1","5","0","238","1","35","49","2","9","0","3","50","50","3951"
"2023-01-12 00:00:00","2","8","2","7","0","0","7","4","7","0","241","1","28","56","7","4","2","4","46","48","3929"
"2023-01-13 00:00:00","3","6","0","8","0","0","10","1","3","0","207","1","31","51","5","3","3","0","48","34","3469"
"2023-01-14 00:00:00","4","3","2","7","0","1","2","0","4","0","210","1","27","73","4","2","1","1","22","29","1987"
"2023-01-15 00:00:00","1","7","0","6","0","1","2","0","5","0","239","2","21","48","2","5","2","1","23","28","2017"
"2023-01-16 00:00:00","2","2","1","6","0","3","8","1","6","0","230","0","29","55","5","8","5","2","34","49","3379"
"2023-01-17 00:00:00","2","2","1","7","0","0","14","3","4","0","262","0","26","62","2","11","5","1","43","39","3703"
"2023-01-18 00:00:00","4","3","1","5","0","1","7","1","5","0","266","0","31","67","3","8","5","1","49","47","3872"
"2023-01-19 00:00:00","1","3","2","14","0","1","9","1","6","0","243","1","24","62","2","7","4","2","53","54","3844"
"2023-01-20 00:00:00","2","7","0","6","1","4","7","0","2","0","216","2","30","43","4","6","3","1","41","45","3251"
"2023-01-21 00:00:00","3","0","1","5","0","1","5","1","4","0","193","0","15","49","2","1","1","4","19","37","2058"
"2023-01-22 00:00:00","4","2","1","7","0","0","5","1","6","0","191","0","30","50","3","5","4","1","34","41","2056"
"2023-01-23 00:00:00","0","2","0","11","0","1","5","1","4","0","255","0","31","72","1","6","1","3","49","48","3367"
"2023-01-24 00:00:00","4","3","0","4","0","0","5","2","5","0","231","1","28","65","3","7","4","3","44","50","3651"
"2023-01-25 00:00:00","5","1","1","12","0","2","5","5","5","0","257","3","31","57","3","11","5","2","50","44","3693"
"2023-01-26 00:00:00","6","2","0","12","0","1","8","2","3","0","248","1","27","59","3","5","5","1","42","33","3467"
"2023-01-27 00:00:00","4","3","0","8","0","4","10","4","1","0","215","1","28","45","3","9","5","0","43","39","3423"
"2023-01-28 00:00:00","4","3","0","9","0","1","9","2","3","0","201","1","16","51","2","5","2","1","32","42","1964"
"2023-01-29 00:00:00","2","1","0","9","0","0","4","2","5","0","204","1","23","40","2","5","0","2","34","35","2051"
"2023-01-30 00:00:00","3","6","0","6","0","1","5","1","4","0","221","1","35","55","4","6","2","4","54","36","3576"
"2023-01-31 00:00:00","6","4","2","10","0","2","12","0","4","0","235","0","30","60","7","6","1","3","39","41","3766"
"2023-02-01 00:00:00","4","3","1","6","1","2","12","3","4","0","239","0","31","39","6","6","5","1","57","47","3819"
"2023-02-02 00:00:00","6","5","3","5","1","1","4","0","3","0","234","1","34","44","5","12","3","4","49","39","3696"
"2023-02-03 00:00:00","2","4","2","7","0","1","7","0","2","0","206","1","35","45","4","6","3","0","45","39","3410"
"2023-02-04 00:00:00","2","4","0","8","0","0","1","0","4","0","203","0","21","42","1","6","2","0","31","38","1987"
"2023-02-05 00:00:00","4","1","1","10","0","1","6","2","2","0","240","0","30","37","3","10","1","1","27","41","1967"
"2023-02-06 00:00:00","4","3","3","9","0","1","9","3","7","0","225","1","39","43","4","11","5","0","47","58","3408"
"2023-02-07 00:00:00","3","2","1","9","0","0","8","4","3","0","229","1","34","38","4","11","5","2","41","45","3676"
"2023-02-08 00:00:00","3","4","0","5","1","2","14","2","3","0","269","0","28","50","1","5","4","0","50","53","3786"
"2023-02-09 00:00:00","3","2","2","14","0","1","8","3","3","0","257","0","31","47","2","4","6","2","59","56","3796"
"2023-02-10 00:00:00","6","6","0","7","2","0","5","4","7","0","227","1","28","37","4","6","2","3","38","47","3363"
"2023-02-11 00:00:00","2","5","1","9","0","0","3","0","4","0","194","0","21","43","1","4","1","0","34","46","1926"
"2023-02-12 00:00:00","5","2","1","6","0","0","7","2","4","0","228","1","24","40","0","6","1","3","24","49","1922"
"2023-02-13 00:00:00","1","3","0","5","1","2","5","5","7","0","222","0","28","46","2","9","2","1","40","39","3377"
"2023-02-14 00:00:00","5","1","0","11","0","0","5","1","4","0","218","2","20","46","4","4","5","4","47","41","3564"
"2023-02-15 00:00:00","8","8","2","5","0","1","9","2","5","0","234","2","26","45","4","7","4","3","55","49","3603"
"2023-02-16 00:00:00","5","1","1","5","0","2","8","4","4","0","244","0","32","51","2","5","1","0","48","42","3662"
"2023-02-17 00:00:00","1","3","2","5","0","3","9","3","7","0","228","0","27","46","4","9","1","2","47","61","3335"
"2023-02-18 00:00:00","4","3","0","10","1","3","5","4","4","0","202","2","18","33","2","2","1","2","32","34","1877"
"2023-02-19 00:00:00","4","2","0","8","0","0","8","0","1","0","205","0","25","56","3","2","2","2","31","48","2012"
"2023-02-20 00:00:00","4","3","2","6","1","2","4","2","3","0","229","1","24","57","8","7","2","2","45","62","3238"
"2023-02-21 00:00:00","6","3","0","4","0","1","14","2","5","0","233","1","23","56","3","6","7","2","40","66","3511"
"2023-02-22 00:00:00","2","3","0","5","0","3","10","4","5","0","225","0","33","47","7","9","5","3","62","44","3620"
"2023-02-23 00:00:00","2","3","2","9","0","1","8","1","5","0","239","3","33","44","1","6","7","5","56","46","3578"
"2023-02-24 00:00:00","8","6","0","7","0","0","8","1","4","0","219","0","23","48","0","6","4","2","41","51","3209"
"2023-02-25 00:00:00","2","2","2","5","0","0","6","2","3","0","229","2","27","31","1","6","2","3","30","43","1982"
"2023-02-26 00:00:00","5","2","1","9","0","1","6","1","4","0","228","1","16","31","0","7","5","3","23","39","1845"
"2023-02-27 00:00:00","1","7","3","8","1","3","9","3","3","0","225","0","32","39","5","8","3","1","40","49","3272"
"2023-02-28 00:00:00","3","3","1","4","0","1","9","4","4","0","239","0","25","45","4","7","5","1","42","28","3412"
"2023-03-01 00:00:00","1","1","1","10","1","1","5","1","2","0","241","0","26","48","2","9","5","5","47","48","3447"
"2023-03-02 00:00:00","7","5","0","5","0","3","6","4","2","0","250","0","28","44","3","4","6","1","53","48","3469"
"2023-03-03 00:00:00","5","6","4","4","0","2","7","4","3","0","242","1","26","43","2","9","1","3","33","50","3197"
"2023-03-04 00:00:00","6","10","3","7","0","2","6","1","2","0","173","1","20","44","1","7","2","0","30","26","1861"
"2023-03-05 00:00:00","4","3","1","2","0","2","5","1","4","0","233","1","16","53","4","5","1","1","30","35","1835"
"2023-03-06 00:00:00","2","2","3","4","0","1","5","4","3","0","278","0","37","49","6","6","1","1","43","54","3114"
"2023-03-07 00:00:00","4","3","2","9","1","3","4","1","3","0","268","0","21","38","4","7","3","3","48","57","3483"
"2023-03-08 00:00:00","6","1","1","11","0","1","5","1","5","0","259","0","27","39","2","7","3","2","42","34","3177"
"2023-03-09 00:00:00","2","4","0","6","0","0","9","2","2","0","229","1","29","44","1","5","1","2","41","53","3501"
"2023-03-10 00:00:00","3","1","0","5","0","2","5","0","4","0","247","1","22","43","0","9","4","1","43","50","3115"
"2023-03-11 00:00:00","3","2","0","7","0","3","4","1","1","0","182","0","23","36","3","3","1","1","32","39","1721"
"2023-03-12 00:00:00","3","4","1","7","0","0","4","2","3","0","230","0","26","37","5","6","2","5","24","40","1890"
"2023-03-13 00:00:00","7","1","1","6","0","2","7","1","6","0","237","1","26","44","6","15","2","2","34","46","3127"
"2023-03-14 00:00:00","6","3","2","9","0","2","8","3","3","0","258","0","26","42","3","12","5","3","58","45","3257"
"2023-03-15 00:00:00","6","1","0","5","0","3","14","0","5","0","250","0","32","37","1","4","8","3","45","54","3406"
"2023-03-16 00:00:00","5","1","1","3","0","0","6","1","3","0","257","3","24","56","4","8","3","1","46","40","3389"
"2023-03-17 00:00:00","6","3","0","8","0","1","7","1","5","0","221","2","26","47","0","10","4","1","33","52","2954"
"2023-03-18 00:00:00","3","1","1","7","0","1","8","1","1","0","211","0","21","40","3","1","2","2","19","37","1726"
"2023-03-19 00:00:00","1","0","0","5","0","2","4","1","2","0","204","2","29","40","3","0","0","1","24","33","1731"
"2023-03-20 00:00:00","6","1","1","11","0","1","13","3","8","0","246","2","27","39","2","8","3","2","50","44","3075"
"2023-03-21 00:00:00","4","3","0","3","0","0","3","1","2","0","247","1","21","40","5","2","5","1","32","53","3150"
"2023-03-22 00:00:00","7","5","0","7","1","3","6","1","5","0","240","0","31","51","4","7","4","1","52","52","3182"
"2023-03-23 00:00:00","4","3","0","10","0","2","9","1","1","0","240","0","42","47","3","5","1","1","54","55","3135"
"2023-03-24 00:00:00","2","3","1","5","0","1","6","1","4","0","238","2","27","35","3","10","1","2","41","50","2833"
"2023-03-25 00:00:00","4","5","1","6","0","0","6","2","3","0","187","1","23","29","2","6","1","0","28","38","1654"
"2023-03-26 00:00:00","4","6","1","4","0","2","6","0","5","0","207","1","25","50","1","6","0","1","35","37","1722"
"2023-03-27 00:00:00","8","1","1","7","1","7","7","2","6","0","253","0","16","50","6","5","3","3","44","44","2938"
"2023-03-28 00:00:00","8","4","0","5","0","0","4","0","7","0","234","1","39","51","4","12","3","2","43","39","3133"
"2023-03-29 00:00:00","4","3","1","7","0","3","6","1","7","0","265","1","26","44","8","12","4","1","50","48","3172"
"2023-03-30 00:00:00","6","5","1","6","2","2","8","2","5","0","234","0","22","48","3","5","4","1","48","51","3157"
"2023-03-31 00:00:00","3","1","0","10","1","1","7","0","3","0","242","2","32","43","2","6","1","0","45","41","2797"
"2023-04-01 00:00:00","1","2","0","7","0","2","4","0","4","0","205","0","24","40","4","3","0","1","27","32","1646"
"2023-04-02 00:00:00","3","0","1","5","0","0","6","1","2","0","212","1","17","30","3","8","2","2","31","33","1576"
"2023-04-03 00:00:00","4","4","0","5","0","0","8","2","8","0","214","0","29","49","3","5","1","0","46","36","2641"
"2023-04-04 00:00:00","6","3","3","5","0","1","6","2","2","0","240","1","32","44","8","9","3","3","54","34","2978"
"2023-04-05 00:00:00","3","2","0","9","1","3","7","0","5","0","233","0","35","40","2","9","2","0","50","35","2964"
"2023-04-06 00:00:00","5","1","2","6","2","1","6","1","6","0","238","1","29","48","1","6","5","2","57","46","2801"
"2023-04-07 00:00:00","5","4","1","7","0","1","10","1","3","0","202","0","20","42","1","6","2","3","38","44","2230"
"2023-04-08 00:00:00","2","2","1","7","0","2","2","2","3","0","174","0","24","34","3","11","4","3","19","43","1521"
"2023-04-09 00:00:00","0","2","1","6","0","2","2","1","4","0","176","0","14","36","3","3","2","1","24","28","1450"
"2023-04-10 00:00:00","4","6","0","8","0","2","4","3","6","0","236","0","26","53","3","1","5","1","35","40","2217"
"2023-04-11 00:00:00","4","7","0","4","0","0","6","2","5","0","228","1","19","54","5","7","2","1","26","45","2749"
"2023-04-12 00:00:00","6","6","0","7","0","0","5","2","3","0","237","1","23","62","3","4","3","2","47","56","2849"
"2023-04-13 00:00:00","4","3","1","4","0","1","5","0","7","0","216","0","28","57","5","6","2","0","45","49","2933"
"2023-04-14 00:00:00","5","4","1","6","0","2","6","3","3","0","231","0","26","45","5","4","2","2","38","45","2683"
"2023-04-15 00:00:00","4","1","0","6","0","1","4","2","2","0","218","2","26","43","5","6","3","1","32","38","1573"
"2023-04-16 00:00:00","5","3","1","3","0","3","10","0","1","0","197","1","18","36","2","3","0","0","40","38","1543"
"2023-04-17 00:00:00","5","5","0","4","0","1","2","2","8","0","240","1","33","42","3","7","7","1","38","36","2632"
"2023-04-18 00:00:00","4","8","0","5","0","3","9","0","4","0","255","0","26","50","6","12","1","1","44","38","2826"
"2023-04-19 00:00:00","2","3","0","7","1","3","5","0","3","0","272","2","19","52","6","6","3","0","43","43","2789"
"2023-04-20 00:00:00","4","4","0","6","0","0","3","0","5","0","241","4","28","49","3","9","6","3","49","35","2708"
"2023-04-21 00:00:00","7","3","0","9","0","3","5","0","4","0","205","1","25","48","2","5","4","1","32","39","2456"
"2023-04-22 00:00:00","1","7","4","4","0","1","4","1","5","0","174","0","27","34","1","4","2","2","23","31","1390"
"2023-04-23 00:00:00","7","5","1","7","0","0","5","3","3","0","218","3","26","30","5","4","1","1","33","30","1470"
"2023-04-24 00:00:00","5","2","0","6","0","2","5","0","2","0","227","1","28","48","3","6","4","3","48","45","2621"
"2023-04-25 00:00:00","1","3","0","8","1","3","5","1","2","0","271","0","24","47","6","9","5","2","34","40","2695"
"2023-04-26 00:00:00","1","2","1","7","1","0","5","1","5","0","249","0","38","48","8","2","1","1","44","40","2741"
"2023-04-27 00:00:00","3","0","1","5","0","0","5","1","5","0","229","1","26","59","3","11","4","1","39","41","2746"
"2023-04-28 00:00:00","4","3","2","5","0","3","6","2","3","0","251","0","25","43","7","5","3","1","33","34","2406"
"2023-04-29 00:00:00","6","3","1","3","0","1","9","1","4","0","201","0","15","42","1","5","3","2","13","36","1366"
"2023-04-30 00:00:00","2","6","0","8","0","1","4","1","4","0","219","0","38","39","3","3","2","3","18","40","1409"
"2023-05-01 00:00:00","4","4","1","9","0","1","3","4","4","0","219","0","28","38","8","8","0","0","24","44","1960"
"2023-05-02 00:00:00","3","3","2","10","1","2","5","3","3","0","225","1","39","45","4","8","4","1","36","29","2535"
"2023-05-03 00:00:00","4","3","1","5","0","2","7","0","3","0","265","0","36","37","3","9","6","2","47","46","2635"
"2023-05-04 00:00:00","4","2","1","4","0","2","4","1","2","0","258","0","29","56","7","8","6","2","43","28","2701"
"2023-05-05 00:00:00","3","3","3","7","0","1","5","2","3","0","249","2","24","50","4","5","3","0","38","41","2443"
"2023-05-06 00:00:00","2","2","0","10","0","4","5","1","3","0","205","0","29","41","4","4","2","2","19","35","1419"
"2023-05-07 00:00:00","2","2","0","6","0","1","0","3","3","0","233","0","24","40","2","5","1","2","23","39","1394"
"2023-05-08 00:00:00","7","4","2","8","1","1","9","0","2","0","259","1","29","45","3","5","3","0","38","36","2327"
"2023-05-09 00:00:00","3","3","0","7","0","2","5","1","8","0","247","0","30","53","5","7","0","2","43","49","2595"
"2023-05-10 00:00:00","3","3","0","6","0","5","3","2","6","0","249","1","30","45","7","8","1","3","44","41","2698"
"2023-05-11 00:00:00","6","2","0","9","0","3","7","2","2","0","221","2","32","55","4","6","2","1","41","39","2593"
"2023-05-12 00:00:00","2","3","0","7","0","0","5","2","5","0","205","0","27","36","1","9","2","1","40","31","2406"
"2023-05-13 00:00:00","1","2","0","8","1","2","3","1","5","0","198","1","24","46","4","3","2","2","20","42","1292"
"2023-05-14 00:00:00","3","4","1","8","0","0","7","0","4","0","244","0","21","35","3","4","0","0","22","30","1351"
"2023-05-15 00:00:00","2","4","1","5","0","0","7","0","3","0","237","0","24","33","1","7","2","2","30","28","2384"
"2023-05-16 00:00:00","3","4","0","7","1","2","7","1","4","0","239","1","31","48","2","2","4","1","43","45","2610"
"2023-05-17 00:00:00","5","3","0","3","0","0","7","0","0","0","261","2","34","44","4","9","1","4","43","37","2665"
"2023-05-18 00:00:00","3","6","0","6","1","3","6","1","8","0","235","0","29","50","4","4","5","4","40","34","2418"
"2023-05-19 00:00:00","1","3","1","4","0","2","6","4","3","0","215","2","28","47","1","6","4","2","39","40","2159"
"2023-05-20 00:00:00","3","2","0","2","1","2","6","0","2","0","197","1","17","31","6","4","0","2","21","32","1277"
"2023-05-21 00:00:00","2","6","0","6","1","1","7","1","3","0","220","1","16","40","3","1","1","1","27","30","1246"
"2023-05-22 00:00:00","5","2","1","6","0","3","10","0","6","0","253","1","36","42","0","6","3","4","41","45","2354"
"2023-05-23 00:00:00","1","3","1","3","1","3","6","0","4","0","242","3","29","40","4","3","6","2","41","38","2523"
"2023-05-24 00:00:00","5","3","1","7","0","1","10","1","3","0","243","1","28","43","6","9","4","1","28","52","2538"
"2023-05-25 00:00:00","3","4","2","5","1","1","10","0","3","0","208","1","29","42","5","5","5","3","44","42","2433"
"2023-05-26 00:00:00","5","5","1","4","3","2","8","0","2","0","224","0","36","39","3","5","2","1","25","30","2272"
"2023-05-27 00:00:00","3","2","1","7","0","3","7","2","2","0","202","1","27","55","3","4","0","2","21","30","1275"
"2023-05-28 00:00:00","3","6","0","5","2","2","4","0","2","0","212","1","23","40","1","2","3","1","25","28","1222"
"2023-05-29 00:00:00","5","4","0","4","1","2","1","2","4","0","216","0","32","43","2","8","4","2","31","30","2001"
"2023-05-30 00:00:00","4","1","1","5","0","0","7","2","3","0","242","2","30","52","5","9","2","2","44","54","2360"
"2023-05-31 00:00:00","2","4","0","4","0","0","4","1","5","0","209","0","20","35","2","10","5","3","36","34","2514"
"2023-06-01 00:00:00","2","3","1","8","0","3","11","0","1","0","210","0","25","42","7","2","4","5","41","32","2400"
"2023-06-02 00:00:00","5","3","1","4","0","0","9","0","5","0","193","1","31","46","4","7","3","4","38","39","2167"
"2023-06-03 00:00:00","1","3","0","6","0","0","4","2","5","0","189","0","22","46","2","3","2","0","18","42","1177"
"2023-06-04 00:00:00","1","3","0","6","0","0","1","3","2","0","196","0","20","36","1","4","0","0","20","37","1254"
"2023-06-05 00:00:00","3","1","3","6","1","0","4","1","3","0","192","0","28","47","5","7","2","0","35","46","2381"
"2023-06-06 00:00:00","4","1","1","6","2","0","4","2","6","0","260","0","20","50","5","4","4","1","35","32","2582"
"2023-06-07 00:00:00","7","2","0","11","0","1","6","2","4","0","217","0","34","44","7","4","2","0","55","42","2646"
"2023-06-08 00:00:00","3","3","0","5","0","0","9","2","5","0","206","0","23","36","3","7","4","1","35","46","2528"
"2023-06-09 00:00:00","2","4","1","9","0","4","8","1","1","0","209","0","30","30","7","8","1","0","38","33","2312"
"2023-06-10 00:00:00","4","6","1","3","1","2","4","1","0","0","205","0","19","30","3","5","3","0","25","25","1277"
"2023-06-11 00:00:00","1","4","0","4","0","2","4","0","1","0","208","0","20","37","2","4","1","0","22","33","1253"
"2023-06-12 00:00:00","4","4","0","8","0","1","13","0","3","0","237","1","24","47","4","6","4","2","41","36","2369"
"2023-06-13 00:00:00","2","3","2","9","0","2","11","1","5","0","241","0","40","53","2","2","3","2","36","35","2498"
"2023-06-14 00:00:00","2","2","0","3","0","1","8","1","4","0","224","0","42","39","2","7","4","2","35","41","2669"
"2023-06-15 00:00:00","8","7","1","8","0","3","3","0","5","0","189","2","30","40","7","7","4","2","30","26","2357"
"2023-06-16 00:00:00","7","1","0","7","0","1","7","1","1","0","204","0","26","49","2","4","2","1","39","32","2351"
"2023-06-17 00:00:00","0","1","0","5","0","1","6","3","2","0","173","0","23","31","2","4","1","1","17","28","1282"
"2023-06-18 00:00:00","2","7","0","7","0","0","3","2","3","0","187","0","21","36","4","5","0","2","22","30","1260"
"2023-06-19 00:00:00","3","5","3","5","0","2","7","0","3","0","210","1","25","33","5","7","2","2","38","36","2354"
"2023-06-20 00:00:00","3","3","0","4","0","0","9","0","1","0","227","0","34","36","2","8","2","1","42","33","2555"
"2023-06-21 00:00:00","1","4","0","4","0","2","6","1","2","0","212","0","27","27","3","12","2","1","36","48","2610"
"2023-06-22 00:00:00","5","2","2","7","0","2","11","0","6","0","211","1","27","41","1","7","4","0","40","32","2592"
"2023-06-23 00:00:00","4","5","0","2","0","0","6","0","5","0","215","1","17","46","2","8","4","2","37","45","2300"
"2023-06-24 00:00:00","1","2","1","4","0","1","11","3","2","0","154","1","23","35","1","9","1","3","22","29","1255"
"2023-06-25 00:00:00","5","4","2","7","1","0","5","0","3","0","188","0","26","29","1","3","2","2","18","27","1261"
"2023-06-26 00:00:00","2","1","0","8","0","4","6","0","2","0","220","0","27","30","2","8","4","2","42","36","2442"
"2023-06-27 00:00:00","4","7","0","3","0","3","9","3","3","0","199","0","21","37","3","9","8","2","53","48","2538"
"2023-06-28 00:00:00","5","3","2","6","1","2","5","1","5","0","216","0","25","39","4","6","2","2","30","36","2467"
"2023-06-29 00:00:00","3","2","2","5","1","3","4","3","3","0","215","1","31","40","1","8","2","1","28","42","2341"
"2023-06-30 00:00:00","4","0","0","6","0","4","4","0","1","0","195","0","39","39","2","5","3","1","32","40","2234"
"2023-07-01 00:00:00","7","1","0","7","0","0","4","0","1","0","157","1","25","30","1","4","1","0","28","27","1199"
"2023-07-02 00:00:00","1","0","1","5","0","0","2","0","2","0","185","0","26","35","2","4","2","1","23","22","1241"
"2023-07-03 00:00:00","5","3","2","8","0","3","5","2","4","0","179","0","24","45","4","6","4","1","35","29","2168"
"2023-07-04 00:00:00","4","1","0","4","0","3","6","1","3","0","210","1","22","34","1","3","4","4","37","33","2258"
"2023-07-05 00:00:00","4","8","1","4","0","2","6","4","4","0","196","0","35","49","10","6","4","2","41","29","2451"
"2023-07-06 00:00:00","5","4","2","5","0","0","4","2","2","0","234","2","36","50","3","5","4","1","45","37","2561"
"2023-07-07 00:00:00","5","6","0","5","0","1","4","3","2","0","215","0","26","33","3","1","3","1","33","32","2270"
"2023-07-08 00:00:00","4","1","0","7","0","4","3","1","3","0","168","2","11","36","2","3","2","4","27","27","1348"
"2023-07-09 00:00:00","2","1","1","4","0","0","6","1","5","0","159","0","16","35","1","5","1","0","19","36","1325"
"2023-07-10 00:00:00","2","3","0","3","0","1","7","2","3","0","203","0","32","32","3","9","3","3","45","31","2331"
"2023-07-11 00:00:00","2","1","0","5","1","5","6","0","4","0","216","0","35","41","5","5","6","1","32","38","2475"
"2023-07-12 00:00:00","7","2","1","7","0","4","7","1","4","0","232","0","20","44","2","9","3","1","37","26","2553"
"2023-07-13 00:00:00","8","3","1","3","0","0","5","1","2","0","192","1","27","38","2","8","5","3","42","48","2595"
"2023-07-14 00:00:00","2","3","0","6","0","1","4","1","8","0","194","1","28","31","4","5","1","0","26","34","2294"
"2023-07-15 00:00:00","2","3","1","6","0","0","2","1","5","0","164","1","22","41","1","2","1","1","20","27","1308"
"2023-07-16 00:00:00","1","5","0","5","0","2","5","1","1","0","179","1","23","49","2","4","1","0","16","21","1298"
"2023-07-17 00:00:00","2","1","2","6","0","3","9","2","1","2","220","1","21","39","3","9","5","2","26","29","2261"
"2023-07-18 00:00:00","5","2","0","6","1","2","4","0","2","5","209","0","30","41","1","9","1","3","36","39","2470"
"2023-07-19 00:00:00","5","4","0","4","0","2","6","2","3","9","225","0","28","52","4","9","5","1","42","54","2568"
"2023-07-20 00:00:00","7","0","0","1","0","3","2","2","2","6","219","0","30","52","7","5","1","0","40","42","2474"
"2023-07-21 00:00:00","3","3","0","4","1","3","7","0","4","1","191","0","28","33","5","7","1","1","33","31","2122"
"2023-07-22 00:00:00","4","1","1","2","1","2","0","3","3","0","167","0","7","30","1","3","2","2","21","26","1216"
"2023-07-23 00:00:00","2","2","0","7","0","1","4","1","3","2","169","0","22","31","4","3","1","1","18","22","1286"
"2023-07-24 00:00:00","8","2","1","4","2","1","7","0","3","3","211","0","29","45","5","7","3","2","46","28","2373"
"2023-07-25 00:00:00","3","4","2","4","0","3","6","1","5","3","213","0","32","41","3","3","5","0","50","32","2528"
"2023-07-26 00:00:00","2","2","0","9","0","2","3","2","4","2","194","0","21","48","6","4","1","1","35","23","2579"
"2023-07-27 00:00:00","6","5","0","6","0","1","4","0","1","10","219","0","35","46","4","4","6","1","42","35","2428"
"2023-07-28 00:00:00","4","1","0","3","0","2","4","2","2","7","185","0","25","38","4","4","2","2","36","35","2201"
"2023-07-29 00:00:00","4","2","0","2","0","0","2","4","1","2","151","1","19","40","2","5","0","1","18","33","1202"
"2023-07-30 00:00:00","0","2","1","5","0","2","4","1","5","1","159","1","22","44","2","2","0","1","20","31","1215"
"2023-07-31 00:00:00","3","1","2","6","2","1","0","1","3","6","198","2","33","32","9","4","5","0","40","40","2228"
"2023-08-01 00:00:00","6","4","0","8","1","3","3","0","5","9","206","0","18","41","5","6","2","2","37","27","2398"
"2023-08-02 00:00:00","1","3","2","7","0","3","1","1","7","6","192","1","24","51","2","5","6","2","41","28","2413"
"2023-08-03 00:00:00","7","3","0","6","0","1","8","1","4","4","182","0","31","64","0","5","3","1","44","26","2341"
"2023-08-04 00:00:00","6","3","0","6","1","1","3","0","3","4","199","0","30","47","2","8","4","2","34","24","2124"
"2023-08-05 00:00:00","3","3","1","4","0","2","2","1","4","2","158","0","18","45","2","5","2","1","16","25","1168"
"2023-08-06 00:00:00","6","6","0","6","0","0","5","1","4","5","157","0","20","47","3","5","0","1","24","28","1198"
"2023-08-07 00:00:00","4","6","0","3","0","2","3","4","5","4","185","0","27","35","2","3","3","2","28","23","2191"
"2023-08-08 00:00:00","0","5","0","8","1","1","2","0","3","1","233","0","25","46","3","10","4","0","42","31","2338"
"2023-08-09 00:00:00","1","3","0","4","0","0","5","1","6","1","194","0","25","45","0","4","7","2","36","37","2325"
"2023-08-10 00:00:00","4","1","2","5","0","1","1","2","7","0","191","0","21","50","4","4","9","0","28","34","2362"
"2023-08-11 00:00:00","3","2","0","7","0","2","7","0","1","0","187","2","30","34","5","5","14","2","36","28","2039"
"2023-08-12 00:00:00","0","2","1","5","0","0","2","0","3","2","158","0","21","38","2","3","5","1","17","28","1166"
"2023-08-13 00:00:00","3","3","0","1","0","0","2","0","7","0","164","0","24","42","1","7","5","1","17","25","1158"
"2023-08-14 00:00:00","2","2","0","7","0","0","2","1","4","0","189","1","26","36","2","8","13","2","35","31","1990"
"2023-08-15 00:00:00","2","0","1","4","0","3","2","4","2","0","189","1","30","31","4","6","8","1","25","40","2014"
"2023-08-16 00:00:00","4","0","1","4","0","2","4","2","6","2","183","0","33","41","2","2","7","1","36","44","2257"
"2023-08-17 00:00:00","1","0","1","7","0","1","7","0","4","2","174","0","26","53","3","4","8","1","29","32","2337"
"2023-08-18 00:00:00","2","5","2","1","0","3","1","1","2","0","172","0","27","48","2","5","7","0","30","20","2093"
"2023-08-19 00:00:00","1","6","1","3","0","1","1","0","4","1","166","1","11","32","2","3","7","1","18","25","1176"
"2023-08-20 00:00:00","3","6","0","3","0","1","8","1","4","1","163","1","31","37","2","3","2","1","19","24","1180"
"2023-08-21 00:00:00","2","3","1","3","1","0","3","0","2","1","181","1","23","45","4","2","9","0","29","25","2164"
"2023-08-22 00:00:00","1","2","1","3","0","2","1","0","1","1","180","0","19","35","4","5","10","4","32","35","2337"
"2023-08-23 00:00:00","3","2","1","5","0","0","3","0","2","1","208","1","29","49","5","4","15","2","32","36","2302"
"2023-08-24 00:00:00","3","3","3","3","0","2","7","0","5","0","175","1","28","33","2","6","8","2","29","25","2209"
"2023-08-25 00:00:00","3","3","3","3","0","2","4","1","3","1","174","1","21","44","5","11","12","1","33","25","2057"
"2023-08-26 00:00:00","0","5","0","3","0","0","1","0","2","0","122","1","22","38","0","1","2","0","25","21","1145"
"2023-08-27 00:00:00","1","2","1","0","0","2","2","2","3","0","162","2","14","46","1","0","5","3","26","25","1130"
"2023-08-28 00:00:00","2","3","0","5","0","2","4","2","8","2","149","1","20","36","2","5","14","2","24","35","2013"
"2023-08-29 00:00:00","5","4","0","4","0","2","6","0","8","1","189","1","30","46","7","9","6","5","34","36","2139"
"2023-08-30 00:00:00","4","2","4","5","0","0","3","4","4","2","181","0","28","57","8","5","10","0","34","37","2253"
"2023-08-31 00:00:00","4","3","0","4","0","5","5","1","1","0","183","0","19","41","8","9","10","1","31","43","2153"
"2023-09-01 00:00:00","2","1","1","4","1","1","4","0","4","0","171","2","27","35","5","3","7","1","19","35","1870"
"2023-09-02 00:00:00","2","1","2","4","0","4","3","1","5","0","141","1","26","38","3","1","4","2","17","24","1102"
"2023-09-03 00:00:00","0","2","2","3","0","1","0","1","1","0","172","2","23","39","3","4","6","3","15","16","1109"
"2023-09-04 00:00:00","8","1","1","9","0","2","2","1","6","0","183","0","19","38","4","5","9","0","32","18","1890"
"2023-09-05 00:00:00","1","6","0","8","0","1","7","0","5","1","193","0","25","33","2","3","10","2","28","42","2104"
"2023-09-06 00:00:00","3","1","2","5","0","2","3","1","5","1","206","0","27","40","2","5","11","3","41","26","2104"
"2023-09-07 00:00:00","2","3","2","3","0","2","6","0","2","1","199","0","31","38","4","11","12","1","30","38","2115"
"2023-09-08 00:00:00","2","5","0","7","1","3","4","0","1","1","154","0","17","36","6","6","8","3","29","40","1912"
"2023-09-09 00:00:00","3","0","1","2","0","1","3","0","4","1","186","0","15","49","5","5","7","0","19","31","1042"
"2023-09-10 00:00:00","1","6","0","7","0","0","2","0","3","0","175","0","14","45","2","3","1","2","14","27","1055"
"2023-09-11 00:00:00","3","4","1","5","0","3","3","2","7","1","208","1","25","37","2","4","9","2","34","30","1933"
"2023-09-12 00:00:00","4","3","2","9","0","0","2","0","4","1","187","4","31","50","4","6","12","3","30","38","2102"
"2023-09-13 00:00:00","3","1","0","6","0","2","3","1","5","0","177","1","29","39","3","8","6","3","37","41","2121"
"2023-09-14 00:00:00","4","7","1","7","0","0","4","0","4","0","200","1","28","44","3","7","10","1","34","37","2198"
"2023-09-15 00:00:00","2","1","0","6","0","2","5","3","2","1","197","2","17","48","3","5","5","2","29","36","1976"
"2023-09-16 00:00:00","5","4","0","8","1","3","3","0","3","0","175","0","21","28","4","5","7","3","16","24","1158"
"2023-09-17 00:00:00","1","3","0","9","0","0","1","0","1","0","163","0","25","35","3","5","4","1","15","26","1063"
"2023-09-18 00:00:00","3","6","0","0","0","0","5","1","4","0","206","0","24","53","3","5","13","2","23","35","2044"
"2023-09-19 00:00:00","7","7","0","8","1","1","4","1","3","0","241","2","21","53","1","5","5","2","21","34","2159"
"2023-09-20 00:00:00","2","2","2","6","0","1","5","0","6","2","229","0","35","41","8","5","9","0","39","36","2222"
"2023-09-21 00:00:00","2","2","0","4","1","3","3","4","10","2","226","0","34","46","3","8","10","2","27","32","2160"
"2023-09-22 00:00:00","2","7","1","4","0","2","3","3","6","2","184","0","17","37","2","4","7","2","24","34","2000"
"2023-09-23 00:00:00","2","2","1","4","0","3","3","2","3","0","182","1","21","39","1","2","4","0","14","27","1118"
"2023-09-24 00:00:00","4","7","1","1","0","1","2","0","2","0","188","0","18","38","1","5","5","3","15","36","1073"
"2023-09-25 00:00:00","6","4","0","8","0","1","4","0","5","0","184","0","32","29","6","7","7","5","36","27","1997"
"2023-09-26 00:00:00","2","1","0","3","0","2","6","0","5","1","223","0","31","43","3","3","8","1","25","24","2127"
"2023-09-27 00:00:00","4","2","1","4","0","1","2","1","3","0","215","3","27","40","4","6","8","1","33","42","2192"
"2023-09-28 00:00:00","3","6","0","6","0","1","7","1","2","1","226","1","30","38","5","2","10","0","28","32","2070"
"2023-09-29 00:00:00","3","8","0","3","1","0","5","2","4","0","188","0","30","41","5","2","8","0","22","39","1818"
"2023-09-30 00:00:00","2","3","0","1","0","0","7","1","6","0","204","0","21","38","1","1","4","1","14","16","983"
"2023-10-01 00:00:00","6","2","0","3","0","1","2","2","3","0","210","1","16","36","2","1","5","0","16","23","1064"
"2023-10-02 00:00:00","3","1","0","10","0","2","4","2","4","0","212","3","30","35","5","4","7","2","39","36","1757"
"2023-10-03 00:00:00","4","2","1","5","0","4","5","0","2","0","232","2","31","42","1","7","12","1","29","29","2033"
"2023-10-04 00:00:00","8","4","1","2","1","0","5","3","4","0","219","1","30","31","4","4","7","1","30","25","2129"
"2023-10-05 00:00:00","5","5","0","6","2","0","6","1","4","0","222","0","30","51","2","7","9","2","23","30","2128"
"2023-10-06 00:00:00","2","3","1","2","0","4","7","0","3","0","208","2","18","49","4","4","11","0","34","40","1838"
"2023-10-07 00:00:00","1","0","1","2","0","0","4","5","1","0","187","1","23","43","1","10","3","0","29","28","998"
"2023-10-08 00:00:00","4","4","1","1","0","1","2","0","3","1","211","0","16","39","3","3","1","1","17","25","1033"
"2023-10-09 00:00:00","4","1","0","5","0","3","5","0","5","1","206","3","27","29","3","6","13","2","21","35","1869"
"2023-10-10 00:00:00","5","5","0","6","0","1","1","2","7","0","228","1","33","42","5","1","11","5","21","44","1994"
"2023-10-11 00:00:00","2","7","1","3","0","0","0","3","3","0","233","1","20","36","5","6","11","0","28","47","2076"
"2023-10-12 00:00:00","5","1","1","7","0","0","2","1","3","0","241","1","24","35","6","10","6","1","36","36","2075"
"2023-10-13 00:00:00","4","2","0","10","1","1","1","2","5","0","202","0","26","44","4","7","7","3","33","30","1864"
"2023-10-14 00:00:00","4","2","0","3","0","1","1","2","3","0","186","1","17","45","3","2","7","0","28","38","985"
"2023-10-15 00:00:00","2","6","0","4","1","2","3","2","3","2","207","3","19","31","1","7","7","1","24","29","1029"
"2023-10-16 00:00:00","1","3","2","3","0","2","4","0","4","0","217","1","24","34","4","2","5","1","29","47","1847"
"2023-10-17 00:00:00","3","2","1","5","1","2","2","1","2","0","254","1","36","50","1","5","6","2","25","44","1995"
"2023-10-18 00:00:00","0","3","0","3","0","0","3","2","5","0","240","1","23","44","7","7","9","6","42","29","2055"
"2023-10-19 00:00:00","3","3","2","4","0","0","3","1","3","1","218","1","23","37","2","13","15","0","33","33","1999"
"2023-10-20 00:00:00","2","3","1","7","0","1","3","2","4","0","194","0","23","44","10","3","6","2","27","42","1836"
"2023-10-21 00:00:00","1","1","0","6","1","1","1","3","4","0","198","2","27","28","5","3","2","1","19","24","1030"
"2023-10-22 00:00:00","0","2","0","4","0","0","4","2","1","0","193","0","25","32","1","3","4","1","20","21","1036"
"2023-10-23 00:00:00","3","2","1","7","0","3","10","2","3","1","267","1","22","34","7","9","11","0","29","37","1875"
"2023-10-24 00:00:00","2","4","1","9","0","0","2","0","6","0","215","1","31","52","7","6","11","2","31","36","1965"
"2023-10-25 00:00:00","1","3","2","4","0","0","5","1","7","1","254","0","35","28","1","9","10","0","39","43","2044"
"2023-10-26 00:00:00","3","2","0","4","0","3","8","0","5","0","220","2","19","36","3","6","11","0","24","33","2020"
"2023-10-27 00:00:00","3","5","1","13","0","1","4","1","2","1","210","2","19","36","6","4","10","0","37","25","1834"
"2023-10-28 00:00:00","1","4","1","4","0","1","2","0","2","0","196","1","16","35","3","5","5","1","19","27","1083"
"2023-10-29 00:00:00","2","3","0","3","1","0","4","0","9","0","230","2","16","44","6","3","3","0","20","36","1085"
"2023-10-30 00:00:00","4","4","0","3","0","2","2","1","5","1","222","0","27","43","7","8","14","3","41","48","1853"
"2023-10-31 00:00:00","4","4","0","4","0","1","4","3","6","0","248","2","26","49","9","8","9","1","37","33","1983"
"2023-11-01 00:00:00","1","3","2","4","0","1","4","2","3","0","237","1","22","47","5","3","8","0","29","45","1828"
"2023-11-02 00:00:00","4","1","0","4","1","1","2","0","4","2","236","1","23","38","4","8","10","5","30","24","1974"
"2023-11-03 00:00:00","2","4","1","6","0","1","7","0","3","1","239","1","21","36","2","6","7","0","36","29","1848"
"2023-11-04 00:00:00","5","6","1","6","0","2","2","2","3","0","215","0","17","40","4","6","3","0","14","28","1065"
"2023-11-05 00:00:00","7","5","0","4","1","2","3","0","6","0","199","2","19","42","3","5","1","3","13","27","1026"
"2023-11-06 00:00:00","5","6","1","8","1","0","6","1","4","1","226","0","28","36","6","6","12","3","22","19","1859"
"2023-11-07 00:00:00","0","2","0","9","0","0","6","1","5","2","236","1","30","34","6","8","8","4","36","35","2007"
"2023-11-08 00:00:00","3","3","1","6","0","4","9","0","5","0","205","1","32","48","5","6","14","2","33","36","2105"
"2023-11-09 00:00:00","2","3","0","7","0","4","4","3","3","1","227","1","30","48","4","7","8","4","33","30","1993"
"2023-11-10 00:00:00","1","3","0","1","0","3","5","1","4","1","210","2","30","50","4","5","17","4","38","30","1810"
"2023-11-11 00:00:00","5","3","2","7","0","2","1","1","3","3","207","1","12","36","3","5","3","2","22","23","1055"
"2023-11-12 00:00:00","7","2","0","11","0","2","5","1","3","0","186","0","19","33","6","7","3","1","18","31","1003"
"2023-11-13 00:00:00","5","6","0","7","0","1","2","0","2","0","261","2","24","41","0","6","8","0","35","38","1743"
"2023-11-14 00:00:00","6","4","0","10","0","2","6","0","6","0","272","0","32","41","10","5","9","1","38","35","1983"
"2023-11-15 00:00:00","1","2","0","7","0","3","7","1","4","2","288","1","31","44","5","7","11","4","44","42","2012"
"2023-11-16 00:00:00","4","4","1","9","1","7","4","2","2","0","255","1","27","46","5","10","12","0","42","41","2038"
"2023-11-17 00:00:00","1","1","0","4","0","1","4","2","4","1","217","0","21","34","3","8","8","2","26","19","1784"
"2023-11-18 00:00:00","0","3","0","3","0","1","3","2","6","0","205","3","19","32","2","2","6","3","24","36","1091"
"2023-11-19 00:00:00","5","4","1","4","2","3","2","2","4","0","231","0","15","29","1","6","6","0","27","35","1058"
"2023-11-20 00:00:00","4","2","0","7","0","2","4","1","0","1","253","2","24","47","4","9","7","1","35","38","1919"
"2023-11-21 00:00:00","5","3","0","6","0","1","5","1","3","0","251","0","30","35","9","8","11","1","38","42","1949"
"2023-11-22 00:00:00","4","4","1","7","0","3","7","3","8","1","220","0","19","35","2","3","11","2","32","36","1983"
"2023-11-23 00:00:00","2","4","1","7","0","2","3","2","5","0","213","0","39","44","8","7","6","0","27","37","1789"
"2023-11-24 00:00:00","2","2","1","7","0","0","5","0","2","1","195","0","34","49","5","4","5","1","23","41","1567"
"2023-11-25 00:00:00","1","7","0","4","0","0","3","0","3","1","176","2","22","38","1","1","3","2","21","39","990"
"2023-11-26 00:00:00","3","3","1","4","0","0","3","0","2","0","213","0","14","28","4","5","7","0","22","20","1009"
"2023-11-27 00:00:00","3","1","0","11","2","2","3","0","3","1","247","3","28","39","3","4","7","0","27","39","1840"
"2023-11-28 00:00:00","6","3","3","5","0","1","5","1","2","0","231","2","28","31","9","9","6","1","47","38","1984"
"2023-11-29 00:00:00","3","1","1","6","0","0","3","2","5","1","256","0","39","39","8","5","11","4","23","37","2062"
"2023-11-30 00:00:00","3","3","0","4","0","1","10","0","3","0","234","0","25","53","7","2","12","0","29","39","1978"
"2023-12-01 00:00:00","3","1","2","7","0","3","1","0","2","1","215","1","31","35","4","9","6","4","37","40","1695"
"2023-12-02 00:00:00","0","1","2","9","0","0","5","1","4","2","174","0","22","38","2","2","4","0","23","29","996"
"2023-12-03 00:00:00","3","2","0","4","0","1","3","0","1","1","224","0","24","32","3","6","2","1","21","21","1029"
"2023-12-04 00:00:00","2","1","0","7","0","0","8","0","5","1","225","0","24","36","3","5","11","6","33","35","1725"
"2023-12-05 00:00:00","4","5","2","7","0","1","8","2","4","1","214","1","20","41","2","2","9","2","41","31","1807"
"2023-12-06 00:00:00","5","3","0","10","2","1","8","1","2","1","215","1","28","40","4","8","10","0","40","37","1918"
"2023-12-07 00:00:00","8","3","0","2","0","2","5","0","8","2","233","1","24","38","4","5","8","4","27","35","1843"
"2023-12-08 00:00:00","5","2","0","8","0","0","4","2","5","0","207","1","23","31","2","0","4","4","30","34","1656"
"2023-12-09 00:00:00","1","3","0","7","0","0","4","1","4","0","189","0","17","29","3","5","5","3","14","27","897"
"2023-12-10 00:00:00","2","1","0","11","1","0","9","0","3","0","202","1","24","40","6","4","3","0","30","24","981"
"2023-12-11 00:00:00","3","4","1","10","0","2","4","1","3","0","230","1","24","43","6","6","9","4","31","38","1691"
"2023-12-12 00:00:00","2","6","0","10","0","0","2","1","7","0","252","0","29","51","3","2","5","1","39","31","1891"
"2023-12-13 00:00:00","1","1","0","7","0","3","3","1","3","0","209","0","27","45","4","1","4","4","30","39","1883"
"2023-12-14 00:00:00","4","1","0","9","0","2","5","0","6","0","201","1","22","38","6","9","10","1","42","26","1798"
"2023-12-15 00:00:00","5","0","1","2","0","1","1","0","6","2","173","1","31","39","7","7","7","1","23","26","1576"
"2023-12-16 00:00:00","4","2","0","8","0","0","3","2","4","0","167","0","24","38","5","5","2","0","19","19","924"
"2023-12-17 00:00:00","1","1","1","5","0","4","5","2","2","1","202","1","18","35","4","3","2","1","20","18","935"
"2023-12-18 00:00:00","1","0","0","9","1","0","1","2","6","0","204","1","28","42","3","3","11","3","27","29","1687"
"2023-12-19 00:00:00","3","2","0","5","0","2","6","2","7","1","192","0","23","35","2","5","10","5","27","31","1753"
"2023-12-20 00:00:00","2","2","1","2","0","2","5","1","2","0","187","0","30","36","1","2","2","3","17","38","1788"
"2023-12-21 00:00:00","2","2","0","5","0","1","8","1","3","1","201","0","20","35","4","8","13","1","23","27","1617"
"2023-12-22 00:00:00","1","2","0","5","0","2","1","5","2","1","152","0","24","33","4","8","5","0","20","25","1404"
"2023-12-23 00:00:00","2","2","0","5","0","2","0","0","1","0","150","0","15","27","2","3","5","1","10","17","771"
"2023-12-24 00:00:00","2","3","0","1","0","2","0","0","0","0","153","0","22","31","0","0","2","1","14","20","720"
"2023-12-25 00:00:00","2","2","0","5","0","1","4","0","4","0","144","1","19","30","5","4","8","1","8","17","770"
"2023-12-26 00:00:00","1","0","0","5","0","3","1","0","4","0","175","0","19","38","2","4","4","1","14","15","1125"
"2023-12-27 00:00:00","1","4","0","7","0","1","3","0","6","0","153","1","27","37","2","5","5","0","22","23","1316"
"2023-12-28 00:00:00","2","7","1","2","0","2","6","0","3","2","179","0","23","35","3","3","6","2","14","19","1366"
"2023-12-29 00:00:00","2","5","0","4","0","3","3","0","5","1","180","1","26","39","2","4","8","3","23","23","1274"
"2023-12-30 00:00:00","5","4","0","8","0","3","1","0","2","0","175","0","24","39","2","0","4","1","16","18","862"
"2023-12-31 00:00:00","2","1","0","7","0","3","1","0","5","0","136","0","17","34","1","4","3","0","9","14","709"
"2024-01-01 00:00:00","1","5","0","1","0","0","2","0","1","0","139","1","12","25","2","4","3","1","12","26","795"
"2024-01-02 00:00:00","3","2","0","7","0","1","4","0","2","2","174","2","28","41","2","1","9","0","18","37","1427"
"2024-01-03 00:00:00","1","3","0","8","0","1","1","1","5","2","201","1","12","37","3","3","9","0","30","28","1683"
"2024-01-04 00:00:00","5","3","1","6","0","1","5","0","2","0","200","1","24","51","5","4","10","2","33","31","1756"
"2024-01-05 00:00:00","5","1","2","9","0","2","4","1","2","1","213","0","25","29","1","4","9","0","34","41","1599"
"2024-01-06 00:00:00","3","1","1","3","0","2","5","0","3","0","161","3","19","41","4","4","3","1","16","29","938"
"2024-01-07 00:00:00","3","3","0","10","0","0","3","1","1","0","192","1","14","34","5","0","1","1","14","27","967"
"2024-01-08 00:00:00","3","6","0","7","0","4","5","1","1","0","189","0","17","38","2","3","7","3","27","40","1599"
"2024-01-09 00:00:00","2","3","0","8","0","3","9","2","5","1","218","1","27","37","3","6","8","1","34","36","1848"
"2024-01-10 00:00:00","2","2","1","8","0","2","5","1","3","2","208","0","30","47","6","7","9","1","26","28","1813"
"2024-01-11 00:00:00","4","2","0","7","0","1","5","1","5","0","209","0","29","48","2","8","5","1","23","20","1829"
"2024-01-12 00:00:00","7","3","0","8","0","2","5","0","5","0","196","1","39","42","2","7","7","1","27","24","1698"
"2024-01-13 00:00:00","1","1","1","4","0","2","5","1","5","0","188","0","13","32","5","3","6","0","20","21","944"
"2024-01-14 00:00:00","2","4","0","2","0","0","4","2","3","0","202","1","17","41","5","5","6","0","29","20","958"
"2024-01-15 00:00:00","3","0","0","9","1","1","9","1","5","0","221","2","30","45","2","3","8","1","25","37","1572"
"2024-01-16 00:00:00","1","0","0","6","1","1","4","1","9","0","216","1","34","45","7","5","4","3","36","34","1774"
"2024-01-17 00:00:00","4","4","1","9","0","2","5","2","3","1","221","1","30","48","7","4","9","1","33","31","1971"
"2024-01-18 00:00:00","4","2","0","6","0","0","3","1","4","0","217","1","21","35","7","1","5","1","27","34","1955"
"2024-01-19 00:00:00","4","2","1","4","0","3","5","2","3","0","191","1","23","47","2","3","13","1","35","26","1789"
"2024-01-20 00:00:00","4","5","1","5","0","1","2","1","3","0","167","3","10","41","4","1","8","0","29","24","1026"
"2024-01-21 00:00:00","1","3","0","6","0","1","6","1","2","0","185","2","13","37","7","3","6","2","22","38","1047"
"2024-01-22 00:00:00","5","3","0","6","0","1","5","3","5","1","175","0","27","43","2","1","6","3","31","24","1734"
"2024-01-23 00:00:00","3","3","0","8","0","1","2","0","4","1","202","0","36","51","2","8","14","1","33","40","1771"
"2024-01-24 00:00:00","1","3","0","9","0","2","6","1","5","0","201","0","29","53","1","6","8","4","26","39","1946"
"2024-01-25 00:00:00","6","1","2","5","0","2","5","1","4","0","197","3","30","39","3","8","6","3","39","33","1890"
"2024-01-26 00:00:00","3","5","1","7","1","3","2","1","5","1","150","0","15","37","1","4","8","3","26","28","1637"
"2024-01-27 00:00:00","4","1","1","5","1","1","0","0","1","1","179","1","17","28","6","2","3","1","18","22","1013"
"2024-01-28 00:00:00","1","1","0","5","0","1","3","1","4","0","192","0","16","34","2","2","3","0","29","21","996"
"2024-01-29 00:00:00","2","3","0","5","1","1","5","2","2","0","202","0","26","44","4","9","8","2","42","36","1887"
"2024-01-30 00:00:00","3","6","1","7","0","3","7","1","3","1","187","0","36","32","1","7","4","4","26","33","1890"
"2024-01-31 00:00:00","5","5","2","10","0","4","5","2","6","0","173","2","28","46","1","7","9","1","34","23","1941"
"2024-02-01 00:00:00","2","1","0","6","2","5","4","0","3","1","197","0","27","49","4","5","11","5","30","40","1938"
"2024-02-02 00:00:00","7","2","1","8","0","2","6","0","5","0","186","0","23","42","6","5","7","2","33","29","1792"
"2024-02-03 00:00:00","2","1","0","3","0","2","1","4","1","0","192","0","13","35","5","2","3","0","19","31","995"
"2024-02-04 00:00:00","4","3","0","5","0","1","3","0","2","0","193","0","21","34","2","2","3","1","17","33","1056"
"2024-02-05 00:00:00","5","1","0","4","0","3","5","0","4","0","207","0","27","35","4","3","9","2","24","30","1791"
"2024-02-06 00:00:00","3","2","2","5","0","1","4","1","1","1","237","1","27","45","6","3","12","2","30","44","1939"
"2024-02-07 00:00:00","2","1","0","6","0","2","6","1","3","0","209","0","20","42","2","2","13","4","32","41","1959"
"2024-02-08 00:00:00","2","0","1","10","0","2","6","1","4","0","211","1","33","39","4","8","6","3","38","38","1982"
"2024-02-09 00:00:00","5","3","1","7","0","0","2","2","1","1","186","1","31","39","2","4","8","4","30","34","1640"
"2024-02-10 00:00:00","3","2","0","5","1","1","5","1","5","0","180","2","18","28","3","1","6","2","14","31","975"
"2024-02-11 00:00:00","3","3","1","8","0","1","3","1","4","0","189","0","19","37","2","5","4","2","14","37","964"
"2024-02-12 00:00:00","4","1","0","8","0","0","8","1","3","0","182","0","37","45","4","6","7","2","25","40","1602"
"2024-02-13 00:00:00","2","3","1","10","0","2","9","2","3","0","216","0","25","33","7","5","8","2","32","31","1759"
"2024-02-14 00:00:00","4","3","1","8","0","4","4","2","3","0","199","3","30","33","7","5","6","2","22","33","1814"
"2024-02-15 00:00:00","3","4","1","6","1","1","3","0","7","1","197","0","25","35","8","7","10","1","41","37","1797"
"2024-02-16 00:00:00","4","2","0","9","0","1","5","2","0","2","215","0","16","41","4","4","6","1","24","34","1646"
"2024-02-17 00:00:00","1","0","1","9","0","0","3","1","4","1","179","0","24","25","5","2","0","1","21","25","966"
"2024-02-18 00:00:00","4","2","1","4","0","0","5","1","3","0","177","1","22","33","8","3","6","1","18","32","1021"
"2024-02-19 00:00:00","8","3","0","7","0","0","7","1","2","0","206","1","28","35","2","5","10","4","31","31","1733"
"2024-02-20 00:00:00","4","4","0","10","0","2","2","1","1","0","209","1","17","52","7","6","11","3","23","26","1846"
"2024-02-21 00:00:00","1","2","1","7","0","1","7","1","6","0","222","2","26","43","3","4","11","6","29","41","1884"
"2024-02-22 00:00:00","6","0","1","7","0","4","4","2","4","0","213","0","41","33","3","5","8","2","34","35","1893"
"2024-02-23 00:00:00","1","6","0","5","0","4","3","1","5","1","191","0","32","37","6","3","10","3","31","35","1726"
"2024-02-24 00:00:00","6","1","0","3","0","0","4","1","6","1","180","2","21","39","4","5","3","0","21","20","950"
"2024-02-25 00:00:00","4","1","1","3","0","3","3","0","0","0","195","0","21","39","4","2","4","1","17","26","983"
"2024-02-26 00:00:00","5","5","1","4","1","4","5","1","5","0","224","0","36","40","5","11","10","1","27","34","1756"
"2024-02-27 00:00:00","3","1","1","4","0","1","2","0","6","0","209","2","25","43","4","14","6","3","39","37","1860"
"2024-02-28 00:00:00","3","2","0","6","0","1","6","1","4","0","211","2","29","49","8","6","11","2","43","53","1917"
"2024-02-29 00:00:00","2","4","2","5","0","3","6","0","3","0","198","1","29","54","6","10","8","2","40","35","1859"
"2024-03-01 00:00:00","5","1","2","4","0","2","7","1","4","2","171","0","35","33","5","6","10","1","32","31","1628"
"2024-03-02 00:00:00","3","1","1","12","1","1","5","1","6","0","180","0","15","47","0","4","2","1","24","25","966"
"2024-03-03 00:00:00","3","2","0","3","0","1","3","0","1","0","158","0","20","37","5","6","5","0","22","35","920"
"2024-03-04 00:00:00","2","3","1","7","1","3","5","2","2","2","170","1","28","47","4","9","6","2","25","33","1660"
"2024-03-05 00:00:00","2","1","0","6","0","4","5","1","7","2","201","0","23","40","4","7","7","1","26","30","1737"
"2024-03-06 00:00:00","5","3","2","5","0","3","8","1","4","1","175","1","20","51","2","13","10","1","34","38","1904"
"2024-03-07 00:00:00","5","4","1","7","1","4","4","0","2","0","194","3","22","32","0","4","12","2","28","46","1873"
"2024-03-08 00:00:00","6","2","0","6","0","1","1","2","3","1","173","2","29","35","4","9","10","2","27","45","1581"
"2024-03-09 00:00:00","2","1","0","4","1","0","3","1","6","2","179","0","21","43","1","7","7","1","13","28","902"
"2024-03-10 00:00:00","3","4","0","4","0","0","2","2","4","0","180","1","19","49","7","5","5","2","12","31","900"
"2024-03-11 00:00:00","3","4","1","4","0","1","2","1","3","0","213","0","28","36","6","8","4","2","23","34","1700"
"2024-03-12 00:00:00","2","5","0","8","0","2","8","0","6","0","222","1","34","45","4","10","11","1","33","34","1772"
"2024-03-13 00:00:00","3","1","0","9","0","1","2","2","7","0","213","0","37","38","5","9","15","2","38","46","1847"
"2024-03-14 00:00:00","3","2","1","9","0","3","5","2","2","0","183","1","28","41","3","7","9","2","30","35","1790"
"2024-03-15 00:00:00","5","4","0","4","0","3","2","3","4","0","160","0","29","43","7","9","11","2","28","40","1706"
"2024-03-16 00:00:00","2","4","1","4","1","2","1","0","2","1","148","0","15","26","5","4","4","1","14","29","906"
"2024-03-17 00:00:00","1","6","0","3","1","1","3","2","2","0","197","2","17","26","4","8","4","0","13","32","993"
"2024-03-18 00:00:00","3","5","1","6","0","1","5","2","5","1","189","0","24","44","8","11","3","1","23","36","1630"
"2024-03-19 00:00:00","5","3","1","3","0","0","3","2","6","0","235","0","27","44","3","11","11","2","44","32","1757"
"2024-03-20 00:00:00","4","4","1","8","0","2","3","2","4","1","210","1","29","43","3","9","14","3","40","34","1794"
"2024-03-21 00:00:00","3","5","0","4","0","2","5","2","1","0","223","0","22","51","9","5","8","2","34","29","1729"
"2024-03-22 00:00:00","5","3","0","9","1","4","6","1","1","3","156","1","29","43","3","7","7","2","31","24","1620"
"2024-03-23 00:00:00","3","3","0","4","1","0","3","1","2","0","179","1","25","30","0","4","5","1","24","23","951"
"2024-03-24 00:00:00","3","7","0","3","0","2","3","1","2","1","203","1","19","42","2","5","2","2","25","22","896"
"2024-03-25 00:00:00","6","2","0","8","1","0","4","1","2","1","196","0","25","42","4","8","9","1","29","32","1551"
"2024-03-26 00:00:00","3","3","1","3","0","3","6","0","2","0","207","0","36","35","4","7","5","0","32","37","1698"
"2024-03-27 00:00:00","2","3","0","4","0","4","4","1","4","2","184","1","31","47","3","8","5","0","24","28","1748"
"2024-03-28 00:00:00","7","4","1","8","0","0","3","1","2","0","168","0","22","52","4","11","6","0","29","29","1616"
"2024-03-29 00:00:00","4","3","1","6","1","1","6","2","1","1","165","1","15","38","2","7","6","0","20","25","1342"
"2024-03-30 00:00:00","1","5","0","7","0","1","1","0","4","0","189","1","20","32","6","6","2","1","22","27","838"
"2024-03-31 00:00:00","4","0","1","3","0","0","4","1","1","0","155","0","19","37","5","3","6","2","27","24","832"
"2024-04-01 00:00:00","2","1","1","4","0","1","3","1","5","2","180","3","22","33","6","7","6","2","24","22","1361"
"2024-04-02 00:00:00","4","4","0","6","0","2","3","1","1","1","194","0","25","40","6","3","7","3","32","33","1692"
"2024-04-03 00:00:00","1","3","0","6","1","1","5","2","6","1","207","1","34","39","3","8","8","5","37","34","1799"
"2024-04-04 00:00:00","4","4","1","8","0","0","4","2","3","0","214","1","30","53","0","7","8","1","35","39","1623"
"2024-04-05 00:00:00","2","2","1","8","0","2","4","1","4","2","198","2","23","50","2","12","14","3","20","33","1515"
"2024-04-06 00:00:00","4","2","0","6","0","2","3","2","3","0","161","0","21","31","3","1","5","2","22","20","922"
"2024-04-07 00:00:00","2","2","1","6","0","3","4","2","0","1","170","1","19","56","4","5","4","1","17","33","909"
"2024-04-08 00:00:00","5","6","0","5","0","1","1","0","1","0","189","1","31","35","1","10","11","1","22","29","1570"
"2024-04-09 00:00:00","4","1","0","3","0","1","4","0","6","0","210","0","21","36","4","7","6","4","33","31","1651"
"2024-04-10 00:00:00","1","6","0","1","1","1","2","3","2","0","184","0","25","30","1","5","8","2","30","39","1650"
"2024-04-11 00:00:00","3","4","0","4","0","4","11","4","1","1","218","2","23","47","4","5","10","0","28","35","1577"
"2024-04-12 00:00:00","1","2","3","10","0","4","7","0","6","0","193","0","20","43","4","6","5","1","18","36","1528"
"2024-04-13 00:00:00","0","5","0","3","2","3","3","0","3","0","191","0","28","43","6","4","2","2","17","16","791"
"2024-04-14 00:00:00","2","5","0","7","0","2","6","0","0","0","174","1","29","42","5","2","5","1","25","18","863"
"2024-04-15 00:00:00","4","5","1","12","0","1","8","1","5","0","188","1","27","41","3","11","9","1","29","33","1569"
"2024-04-16 00:00:00","3","3","0","3","0","2","7","1","2","0","174","1","29","51","3","9","7","1","38","29","1662"
"2024-04-17 00:00:00","2","4","3","4","0","2","5","0","1","1","223","0","39","35","6","12","6","1","30","25","1757"
"2024-04-18 00:00:00","2","2","3","6","0","3","6","0","0","2","209","1","34","44","6","8","6","3","33","41","1812"
"2024-04-19 00:00:00","0","7","0","10","0","0","4","1","4","0","189","0","19","44","9","5","4","2","25","32","1578"
"2024-04-20 00:00:00","3","0","1","8","0","3","1","0","1","1","150","0","21","40","5","5","5","1","14","26","920"
"2024-04-21 00:00:00","6","5","0","2","0","0","4","0","1","0","163","1","23","36","4","5","8","0","12","21","925"
"2024-04-22 00:00:00","2","4","2","11","0","0","8","1","3","0","198","0","23","42","2","5","8","1","34","44","1532"
"2024-04-23 00:00:00","3","2","1","4","0","1","6","0","3","0","218","0","34","44","4","5","6","2","36","33","1670"
"2024-04-24 00:00:00","4","5","0","4","0","1","5","0","4","0","220","2","33","46","4","10","6","3","33","30","1681"
"2024-04-25 00:00:00","5","3","0","6","0","0","2","0","6","0","178","0","20","40","5","6","4","2","30","43","1604"
"2024-04-26 00:00:00","2","6","1","4","0","1","4","0","2","0","183","1","24","27","7","8","3","1","26","32","1492"
"2024-04-27 00:00:00","5","2","0","9","0","0","3","0","2","0","174","1","14","29","5","4","3","0","18","23","848"
"2024-04-28 00:00:00","6","2","0","4","0","2","5","1","2","0","169","0","22","47","3","6","6","1","24","29","853"
"2024-04-29 00:00:00","6","1","1","4","0","3","7","0","2","0","183","0","27","43","6","7","10","2","28","34","1513"
"2024-04-30 00:00:00","3","1","1","5","1","4","3","1","3","0","172","3","28","37","3","9","9","2","40","25","1588"
"2024-05-01 00:00:00","1","3","1","1","0","2","4","1","2","1","203","1","32","43","1","6","10","0","26","28","1340"
"2024-05-02 00:00:00","2","5","0","3","0","2","7","1","1","0","186","0","28","36","6","12","6","1","25","39","1537"
"2024-05-03 00:00:00","1","2","0","9","0","3","4","4","3","1","181","1","24","28","5","11","8","2","24","35","1407"
"2024-05-04 00:00:00","1","0","0","2","0","2","2","2","3","1","174","1","18","36","2","1","4","3","17","29","874"
"2024-05-05 00:00:00","1","4","1","5","0","1","2","1","2","0","188","0","18","32","4","5","6","1","28","17","924"
"2024-05-06 00:00:00","3","3","1","6","0","0","3","1","1","1","186","2","21","32","6","6","11","2","34","37","1481"
"2024-05-07 00:00:00","1","0","0","1","1","1","5","1","3","3","197","0","35","47","6","7","11","1","28","20","1608"
"2024-05-08 00:00:00","6","3","0","5","0","1","5","1","4","0","202","0","30","50","0","6","11","4","41","36","1657"
"2024-05-09 00:00:00","5","2","0","8","0","0","3","1","3","0","190","1","33","31","4","9","7","1","29","24","1577"
"2024-05-10 00:00:00","3","3","1","2","0","2","2","0","3","1","181","2","28","45","4","3","4","2","22","27","1503"
"2024-05-11 00:00:00","0","0","0","5","0","0","3","3","2","0","166","1","24","44","3","9","1","1","16","22","890"
"2024-05-12 00:00:00","2","1","0","6","0","4","6","1","2","0","179","1","21","40","1","3","0","3","22","28","863"
"2024-05-13 00:00:00","3","3","0","2","0","0","9","1","4","0","214","0","32","42","3","6","12","1","18","41","1530"
"2024-05-14 00:00:00","2","2","1","7","0","1","3","1","1","0","188","0","34","31","4","10","10","1","29","24","1558"
"2024-05-15 00:00:00","1","1","0","8","0","0","4","1","2","0","206","0","22","57","2","11","8","4","28","28","1536"
"2024-05-16 00:00:00","4","1","0","3","0","1","6","1","4","0","191","2","21","35","2","9","9","0","26","37","1572"
"2024-05-17 00:00:00","5","4","0","6","0","1","6","1","4","0","166","0","27","50","4","7","9","2","16","22","1423"
"2024-05-18 00:00:00","3","3","0","7","0","1","3","0","5","0","163","0","14","41","4","2","1","1","24","15","739"
"2024-05-19 00:00:00","3","3","1","0","0","0","0","0","2","0","171","0","19","42","1","4","4","1","14","26","737"
"2024-05-20 00:00:00","4","4","0","6","0","1","2","0","4","1","222","0","31","41","4","13","3","0","30","35","1296"
"2024-05-21 00:00:00","2","2","0","2","0","1","2","1","1","0","173","0","20","35","8","7","7","2","20","42","1481"
"2024-05-22 00:00:00","2","2","1","8","1","0","1","2","2","0","183","0","32","41","3","10","6","4","27","30","1504"
"2024-05-23 00:00:00","1","0","0","3","0","2","1","0","4","2","184","0","27","46","5","4","10","1","18","37","1536"
"2024-05-24 00:00:00","4","1","0","4","0","0","5","1","1","1","194","0","28","40","2","6","6","1","30","38","1350"
"2024-05-25 00:00:00","5","3","0","10","0","2","3","0","2","2","167","1","16","36","3","4","3","0","14","31","734"
"2024-05-26 00:00:00","0","2","0","6","0","1","4","0","0","1","140","1","25","34","5","4","4","2","10","25","729"
"2024-05-27 00:00:00","4","4","2","4","0","0","1","1","2","0","177","0","24","42","6","6","10","0","16","40","1233"
"2024-05-28 00:00:00","2","3","0","5","0","4","5","0","5","0","183","0","26","41","3","7","11","1","25","28","1449"
"2024-05-29 00:00:00","6","5","0","4","0","0","2","2","3","2","176","0","34","44","1","4","10","4","25","48","1407"
"2024-05-30 00:00:00","3","4","0","6","0","3","4","1","1","2","183","0","24","47","5","6","6","3","24","40","1339"
"2024-05-31 00:00:00","2","1","1","7","0","3","2","1","2","3","158","0","29","44","7","6","3","1","34","39","1303"
"2024-06-01 00:00:00","2","0","1","8","0","1","2","1","3","0","160","0","17","40","3","5","2","0","15","24","666"
"2024-06-02 00:00:00","2","3","0","5","0","0","3","1","5","1","153","1","23","36","3","7","2","0","18","34","735"
"2024-06-03 00:00:00","2","3","0","15","0","4","4","0","3","1","163","0","23","34","6","5","3","3","26","33","1279"
"2024-06-04 00:00:00","4","3","0","4","0","0","3","0","5","0","187","1","20","35","5","5","9","2","23","34","1361"
"2024-06-05 00:00:00","1","7","2","6","0","1","2","1","3","1","195","3","23","47","3","7","6","0","23","36","1363"
"2024-06-06 00:00:00","4","3","0","4","0","1","7","1","2","0","169","0","31","51","3","7","8","0","23","37","1365"
"2024-06-07 00:00:00","2","1","1","5","0","0","2","0","2","0","155","0","20","42","2","7","4","2","27","41","1285"
"2024-06-08 00:00:00","2","1","0","4","0","1","2","1","2","0","172","0","18","35","1","1","5","1","13","28","649"
"2024-06-09 00:00:00","2","4","0","5","0","0","4","3","3","0","141","0","13","27","3","2","0","1","20","32","716"
"2024-06-10 00:00:00","2","5","0","4","1","0","6","1","3","2","156","0","26","34","4","7","6","0","21","23","1224"
"2024-06-11 00:00:00","4","2","2","3","0","4","3","0","5","0","170","0","31","37","5","6","7","1","23","29","1329"
"2024-06-12 00:00:00","1","2","0","3","0","2","3","1","2","1","159","0","26","46","6","8","13","1","31","36","1319"
"2024-06-13 00:00:00","0","2","0","4","0","1","2","2","1","0","194","1","30","32","4","6","6","1","21","47","1402"
"2024-06-14 00:00:00","5","4","0","12","0","1","3","1","4","0","156","0","25","28","5","10","3","0","22","24","1159"
"2024-06-15 00:00:00","5","2","1","6","0","0","0","0","1","2","139","1","13","31","7","8","5","1","9","32","629"
"2024-06-16 00:00:00","3","6","0","6","0","0","3","2","3","0","162","1","15","31","4","6","3","0","12","19","604"
"2024-06-17 00:00:00","1","1","0","8","0","1","4","1","3","0","158","0","15","34","5","5","9","2","22","32","1138"
"2024-06-18 00:00:00","3","3","0","8","1","2","2","0","2","0","166","0","24","46","4","4","8","0","26","32","1234"
"2024-06-19 00:00:00","3","1","1","6","0","3","3","1","0","0","175","0","26","27","5","10","11","2","25","32","1284"
"2024-06-20 00:00:00","3","2","0","5","0","0","1","5","4","2","157","0","21","35","4","3","7","0","27","25","1280"
"2024-06-21 00:00:00","2","1","0","4","0","3","4","1","3","0","154","0","27","32","5","5","3","1","19","28","1196"
"2024-06-22 00:00:00","0","1","0","6","0","2","1","0","1","0","136","0","14","25","5","2","4","1","12","19","618"
"2024-06-23 00:00:00","3","3","1","2","0","2","1","0","4","1","162","1","17","24","3","4","4","0","18","23","624"
"2024-06-24 00:00:00","2","4","1","6","0","0","1","1","2","1","157","0","23","23","3","8","4","1","22","28","1181"
"2024-06-25 00:00:00","7","4","0","7","0","2","3","0","2","0","136","1","41","31","3","10","6","1","22","27","1282"
"2024-06-26 00:00:00","2","0","0","5","0","1","3","0","2","0","154","1","30","41","2","5","7","2","33","19","1341"
"2024-06-27 00:00:00","2","1","0","4","0","1","1","0","6","0","174","1","28","27","5","4","4","0","21","23","1308"
"2024-06-28 00:00:00","0","1","0","1","0","1","2","1","4","0","153","1","21","33","3","5","7","2","24","34","1147"
"2024-06-29 00:00:00","3","1","0","8","0","1","3","0","2","0","137","0","20","32","3","4","4","1","14","21","603"
"2024-06-30 00:00:00","3","2","1","4","0","0","1","2","5","0","133","0","18","29","3","3","5","0","15","26","678"
"2024-07-01 00:00:00","4","1","1","4","0","2","3","1","2","0","150","0","24","40","3","7","6","3","21","31","1173"
"2024-07-02 00:00:00","0","4","1","2","0","1","3","1","1","1","142","0","28","26","6","5","6","3","31","28","1266"
"2024-07-03 00:00:00","4","2","1","6","0","1","4","0","3","0","146","0","30","41","4","6","6","0","24","29","1227"
"2024-07-04 00:00:00","2","4","0","7","0","1","4","1","2","0","138","1","17","26","2","5","6","3","16","26","1148"
"2024-07-05 00:00:00","1","2","1","2","0","3","4","1","4","2","127","0","24","33","2","4","4","1","18","31","1035"
"2024-07-06 00:00:00","2","1","1","2","0","2","5","2","1","0","124","0","8","20","2","4","1","1","16","16","562"
"2024-07-07 00:00:00","2","1","0","4","0","1","2","1","3","0","136","1","20","24","4","3","1","1","16","24","557"
"2024-07-08 00:00:00","5","2","1","4","1","0","4","1","9","1","160","0","19","35","4","6","4","1","19","26","1155"
"2024-07-09 00:00:00","3","3","1","8","0","0","1","1","4","0","151","0","32","30","4","9","2","3","24","26","1276"
"2024-07-10 00:00:00","3","2","2","7","0","4","2","0","3","1","136","1","29","44","3","4","3","2","23","17","1214"
"2024-07-11 00:00:00","4","1","1","3","0","2","4","0","2","0","171","1","25","42","4","9","4","0","27","27","1278"
"2024-07-12 00:00:00","0","0","2","5","0","3","4","0","3","0","160","1","21","23","1","9","4","3","12","34","1076"
"2024-07-13 00:00:00","1","1","1","3","0","1","0","1","1","0","129","0","23","19","1","3","1","1","14","19","619"
"2024-07-14 00:00:00","2","2","1","8","0","0","2","0","4","0","109","1","18","25","2","8","2","0","11","13","549"
"2024-07-15 00:00:00","1","3","1","3","0","0","3","1","3","0","127","0","26","27","3","4","0","1","26","23","1122"
"2024-07-16 00:00:00","2","3","0","2","0","0","2","1","2","0","156","0","23","18","5","3","7","1","31","15","1264"
"2024-07-17 00:00:00","5","1","0","3","0","0","2","0","2","2","157","3","25","31","4","3","8","3","30","29","1214"
"2024-07-18 00:00:00","1","4","0","1","0","1","2","0","4","2","140","0","26","33","2","9","6","4","32","34","1250"
"2024-07-19 00:00:00","3","2","2","6","0","2","2","0","2","1","124","0","27","24","3","8","6","1","19","21","1113"
"2024-07-20 00:00:00","3","4","0","3","0","2","0","0","2","0","126","0","16","28","2","1","4","1","6","17","539"
"2024-07-21 00:00:00","1","6","2","2","0","2","1","2","3","0","104","0","25","24","0","2","3","0","8","33","558"
"2024-07-22 00:00:00","1","2","0","6","0","0","3","0","6","0","114","0","20","38","4","8","0","2","24","22","1150"
"2024-07-23 00:00:00","2","4","0","6","0","1","2","0","5","1","142","0","18","28","3","5","4","2","27","24","1158"
"2024-07-24 00:00:00","3","1","0","2","0","1","2","1","6","3","156","0","26","34","3","7","6","0","28","25","1218"
"2024-07-25 00:00:00","1","1","1","9","0","2","1","4","3","0","146","0","29","50","2","4","4","2","20","23","1217"
"2024-07-26 00:00:00","4","2","0","1","0","2","1","0","4","0","143","1","22","20","5","9","3","2","20","28","1075"
"2024-07-27 00:00:00","1","4","1","2","0","1","2","0","2","0","121","0","21","18","1","8","1","1","8","25","572"
"2024-07-28 00:00:00","3","1","0","3","0","2","2","0","4","0","124","0","20","27","0","1","1","0","9","21","549"
"2024-07-29 00:00:00","2","2","0","6","0","0","1","1","5","0","123","0","27","33","2","7","9","0","20","29","1068"
"2024-07-30 00:00:00","2","4","0","3","0","0","3","1","2","0","128","0","22","23","4","8","7","2","25","25","1123"
"2024-07-31 00:00:00","2","1","3","5","0","1","3","0","2","0","133","1","24","38","4","4","5","2","26","32","1162"
"2024-08-01 00:00:00","4","2","1","3","0","2","0","1","4","1","150","0","18","27","7","5","4","0","26","33","1119"
"2024-08-02 00:00:00","2","4","1","5","0","2","1","2","4","1","140","0","22","40","4","7","3","2","20","20","1034"
"2024-08-03 00:00:00","1","3","0","5","0","0","3","1","1","1","130","1","20","33","3","1","1","0","12","10","577"
"2024-08-04 00:00:00","3","8","0","4","0","1","3","0","3","0","102","1","23","29","1","6","0","0","6","19","557"
"2024-08-05 00:00:00","0","2","1","3","0","1","3","1","1","2","137","0","24","28","8","4","10","2","18","23","1092"
"2024-08-06 00:00:00","3","3","2","3","0","2","4","1","5","2","143","1","25","33","6","4","2","2","17","32","1110"
"2024-08-07 00:00:00","4","1","1","4","0","1","4","3","2","1","158","0","22","30","6","6","4","1","25","26","1197"
"2024-08-08 00:00:00","3","5","0","4","0","3","0","1","2","0","135","0","25","27","2","2","6","1","19","35","1141"
"2024-08-09 00:00:00","4","4","1","2","1","0","4","1","3","0","156","0","18","24","7","2","3","2","29","16","1002"
"2024-08-10 00:00:00","2","4","1","5","0","1","0","0","1","0","102","1","22","30","1","5","2","0","8","15","524"
"2024-08-11 00:00:00","2","7","0","6","0","1","2","1","4","0","134","0","21","20","5","1","1","1","11","22","565"
"2024-08-12 00:00:00","3","3","1","4","0","2","1","1","0","0","137","0","41","38","0","8","6","0","21","23","997"
"2024-08-13 00:00:00","1","2","1","4","0","2","2","1","3","1","141","0","19","36","1","9","7","3","26","31","1138"
"2024-08-14 00:00:00","4","5","0","5","0","1","3","0","2","0","136","0","30","31","2","6","6","1","30","20","1146"
"2024-08-15 00:00:00","3","2","1","7","1","2","2","1","1","0","143","0","27","28","5","4","1","1","23","23","956"
"2024-08-16 00:00:00","2","1","1","5","0","1","2","1","3","0","115","1","30","36","3","2","4","1","13","18","932"
"2024-08-17 00:00:00","0","3","1","1","0","0","1","1","2","1","120","0","21","21","5","3","1","0","6","23","465"
"2024-08-18 00:00:00","0","2","0","5","1","0","4","0","4","0","109","1","17","28","4","3","2","1","7","15","587"
"2024-08-19 00:00:00","1","4","1","8","0","0","1","1","2","1","133","2","31","28","6","5","3","0","11","19","1025"
"2024-08-20 00:00:00","0","1","0","5","0","1","5","2","2","0","148","0","25","38","2","7","4","1","21","27","1078"
"2024-08-21 00:00:00","2","1","1","3","0","0","7","0","3","0","151","1","22","33","5","4","3","1","18","34","1087"
"2024-08-22 00:00:00","2","1","0","2","1","0","4","0","5","0","142","1","24","29","3","2","3","0","20","32","1060"
"2024-08-23 00:00:00","4","0","1","5","0","1","1","0","2","2","129","0","19","33","0","2","3","0","18","23","872"
"2024-08-24 00:00:00","3","1","1","8","0","0","1","2","2","0","120","1","27","19","4","2","2","1","9","17","464"
"2024-08-25 00:00:00","1","1","1","5","0","0","0","0","3","0","123","0","12","27","5","2","1","0","12","19","492"
"2024-08-26 00:00:00","2","3","0","7","0","0","3","0","2","0","138","1","23","23","5","5","3","2","24","34","960"
"2024-08-27 00:00:00","0","2","0","5","0","1","0","1","5","1","128","0","24","30","5","8","4","2","27","34","1030"
"2024-08-28 00:00:00","4","5","1","2","0","2","4","0","4","1","133","0","23","29","4","3","8","3","20","29","1116"
"2024-08-29 00:00:00","4","1","1","2","0","0","3","0","2","1","133","2","17","33","2","3","4","2","18","35","1081"
"2024-08-30 00:00:00","4","0","0","3","0","3","2","2","4","1","113","0","30","23","5","2","3","1","21","25","956"
"2024-08-31 00:00:00","3","1","0","4","0","0","0","2","2","0","98","0","20","31","6","1","1","1","17","24","497"
"2024-09-01 00:00:00","3","0","0","2","0","0","3","1","0","2","113","1","19","23","3","3","0","0","6","24","543"
"2024-09-02 00:00:00","3","4","0","2","0","2","2","4","5","1","118","1","27","32","1","1","4","0","20","31","871"
"2024-09-03 00:00:00","6","3","0","3","1","2","1","1","2","0","138","0","28","28","1","2","5","0","19","31","971"
"2024-09-04 00:00:00","2","3","0","5","0","1","2","2","3","0","146","3","31","35","1","3","1","0","21","31","1118"
"2024-09-05 00:00:00","4","1","0","3","0","0","2","0","2","1","156","0","24","33","4","7","6","3","22","34","1062"
"2024-09-06 00:00:00","3","2","1","2","0","3","1","1","2","1","143","0","27","24","4","3","3","2","17","27","923"
"2024-09-07 00:00:00","1","4","1","4","1","0","3","0","1","0","137","0","29","29","3","0","3","0","14","26","496"
"2024-09-08 00:00:00","1","4","1","2","0","1","1","1","0","0","112","0","29","19","5","2","1","0","18","24","510"
"2024-09-09 00:00:00","3","3","0","1","0","0","2","0","1","2","140","1","24","28","5","3","3","1","31","28","954"
"2024-09-10 00:00:00","3","5","1","3","0","0","1","2","2","0","126","1","26","31","5","5","2","0","14","29","998"
"2024-09-11 00:00:00","1","3","0","6","0","1","1","1","5","0","143","2","27","31","5","7","6","3","21","19","1066"
"2024-09-12 00:00:00","6","2","0","1","0","1","3","2","2","0","155","0","26","28","2","6","3","0","24","16","1036"
"2024-09-13 00:00:00","1","2","1","1","0","1","2","0","3","0","145","0","20","35","4","5","3","3","10","38","887"
"2024-09-14 00:00:00","1","0","0","6","0","0","2","0","0","0","119","1","24","30","1","3","2","0","13","23","520"
"2024-09-15 00:00:00","4","2","0","7","0","1","3","1","1","0","119","0","22","30","4","4","1","0","11","18","477"
"2024-09-16 00:00:00","1","1","0","2","0","4","4","0","0","0","117","0","23","43","0","4","6","0","12","29","877"
"2024-09-17 00:00:00","3","2","1","3","0","2","4","0","3","0","141","0","35","35","4","7","2","1","21","36","896"
"2024-09-18 00:00:00","3","2","0","4","0","1","3","3","3","0","150","3","24","37","7","7","2","2","19","27","1022"
"2024-09-19 00:00:00","2","2","1","2","0","1","3","0","1","0","157","1","30","34","4","8","4","1","18","19","1017"
"2024-09-20 00:00:00","1","1","0","3","0","0","4","2","3","0","146","0","22","29","5","3","4","1","17","29","922"
"2024-09-21 00:00:00","2","2","0","4","0","0","0","0","2","0","123","0","21","29","3","5","1","1","10","30","455"
"2024-09-22 00:00:00","2","1","0","3","0","0","2","0","3","3","155","0","27","30","4","6","4","4","11","28","469"
"2024-09-23 00:00:00","2","6","0","5","0","4","0","0","4","0","156","0","24","32","3","4","5","1","23","33","914"
"2024-09-24 00:00:00","4","3","0","4","0","1","1","2","2","2","143","1","24","23","4","5","3","2","19","27","1019"
"2024-09-25 00:00:00","2","2","0","5","0","0","3","1","4","1","149","0","22","37","6","2","5","0","16","32","1032"
"2024-09-26 00:00:00","3","1","0","4","0","0","3","2","1","0","142","0","18","37","3","1","1","0","29","30","1022"
"2024-09-27 00:00:00","3","2","0","3","0","2","1","0","3","1","160","0","31","29","4","6","3","0","18","33","899"
"2024-09-28 00:00:00","4","1","2","3","0","2","0","0","3","0","106","0","7","35","3","2","1","1","11","24","469"
"2024-09-29 00:00:00","2","3","0","8","0","0","0","0","1","0","115","1","18","29","2","2","3","1","8","15","480"
"2024-09-30 00:00:00","1","2","0","2","0","0","1","1","2","0","121","0","24","32","2","1","5","0","17","31","862"
"2024-10-01 00:00:00","0","2","0","4","0","0","2","3","3","0","154","1","27","37","7","4","7","1","25","22","889"
"2024-10-02 00:00:00","1","0","0","4","0","0","1","1","0","0","142","1","25","36","2","3","6","2","12","30","866"
"2024-10-03 00:00:00","5","3","1","5","0","0","1","2","2","0","143","0","21","29","6","3","2","0","13","25","840"
"2024-10-04 00:00:00","1","2","0","4","0","2","2","1","3","0","155","0","17","27","0","3","2","4","14","20","810"
"2024-10-05 00:00:00","2","1","0","4","0","0","1","1","2","0","137","0","26","29","5","2","2","0","10","23","437"
"2024-10-06 00:00:00","0","3","0","8","2","2","0","0","2","1","115","0","17","29","2","4","2","1","7","18","469"
"2024-10-07 00:00:00","0","0","0","4","0","3","2","2","4","1","148","1","24","31","0","5","7","2","17","34","768"
"2024-10-08 00:00:00","3","1","2","1","0","1","1","2","4","1","150","0","22","34","4","3","3","3","21","27","870"
"2024-10-09 00:00:00","0","3","0","5","0","2","3","0","1","0","130","0","34","35","3","7","4","1","30","30","894"
"2024-10-10 00:00:00","3","3","1","8","0","0","1","0","1","1","139","0","20","32","2","4","4","2","13","28","865"
"2024-10-11 00:00:00","2","2","0","4","0","1","1","0","2","1","151","2","22","35","2","2","3","2","16","23","727"
"2024-10-12 00:00:00","1","2","1","1","0","3","0","1","2","0","136","0","21","20","0","2","3","1","11","13","442"
"2024-10-13 00:00:00","3","0","0","7","0","2","1","0","5","0","135","1","15","39","5","3","5","1","9","21","453"
"2024-10-14 00:00:00","1","0","1","6","0","2","3","3","2","2","157","0","29","32","2","2","2","3","14","28","803"
"2024-10-15 00:00:00","4","2","1","3","0","1","1","0","3","2","153","0","23","39","3","2","3","0","18","27","920"
"2024-10-16 00:00:00","2","2","1","5","1","1","1","1","2","1","142","0","35","28","5","6","3","2","12","32","901"
"2024-10-17 00:00:00","1","3","3","6","0","1","1","0","4","1","167","0","21","30","2","4","10","0","29","30","876"
"2024-10-18 00:00:00","0","3","0","7","0","0","0","0","2","0","141","1","19","29","3","4","3","1","17","29","847"
"2024-10-19 00:00:00","2","2","0","1","0","0","2","0","4","0","153","0","16","21","7","2","3","2","13","24","453"
"2024-10-20 00:00:00","2","0","0","2","1","2","1","0","2","0","158","0","16","27","2","3","1","1","20","30","415"
"2024-10-21 00:00:00","1","2","0","4","1","0","0","1","2","0","157","0","20","32","3","8","6","0","15","27","839"
"2024-10-22 00:00:00","1","4","0","1","1","2","2","3","1","1","140","0","32","25","1","6","7","1","15","39","853"
"2024-10-23 00:00:00","3","0","1","2","0","2","3","2","0","1","158","1","17","35","4","5","5","2","24","25","865"
"2024-10-24 00:00:00","1","1","0","3","0","0","1","0","3","0","147","1","26","34","3","4","7","0","25","20","868"
"2024-10-25 00:00:00","3","1","1","5","0","1","1","1","3","1","140","3","27","34","0","5","7","1","23","25","833"
"2024-10-26 00:00:00","1","1","1","0","0","2","2","2","0","2","120","0","20","24","4","2","0","0","10","20","439"
"2024-10-27 00:00:00","0","6","0","2","0","1","5","0","2","1","122","1","13","35","2","2","4","4","8","18","445"
"2024-10-28 00:00:00","4","4","0","5","0","1","0","1","0","0","155","0","27","34","1","4","3","2","21","25","895"
"2024-10-29 00:00:00","1","2","0","3","0","2","5","3","4","1","151","1","26","34","5","4","8","2","18","34","949"
"2024-10-30 00:00:00","1","4","1","2","0","0","0","0","2","0","152","1","22","28","3","5","5","0","9","26","850"
"2024-10-31 00:00:00","2","2","0","2","0","1","1","1","2","0","161","1","27","37","4","6","4","0","18","33","827"
"2024-11-01 00:00:00","1","7","0","3","1","0","3","0","0","0","128","0","16","19","3","3","3","0","11","17","703"
"2024-11-02 00:00:00","1","4","1","8","0","1","0","1","2","0","114","0","24","31","2","4","1","2","15","25","454"
"2024-11-03 00:00:00","2","1","0","5","0","1","0","0","3","3","128","0","15","14","3","5","2","1","10","28","443"
"2024-11-04 00:00:00","5","3","0","3","0","1","1","0","4","0","154","0","21","29","1","8","5","0","22","22","767"
"2024-11-05 00:00:00","5","3","1","4","1","2","2","0","1","2","146","0","23","40","3","2","4","0","16","23","840"
"2024-11-06 00:00:00","2","0","0","3","1","0","3","1","1","1","145","0","17","37","1","2","6","0","18","23","806"
"2024-11-07 00:00:00","2","1","0","4","0","2","2","1","0","0","139","1","20","24","3","5","2","1","23","24","836"
"2024-11-08 00:00:00","2","2","0","6","0","0","3","1","2","0","116","2","25","29","4","3","4","0","22","24","800"
"2024-11-09 00:00:00","3","1","1","4","0","0","0","2","3","1","118","1","17","24","3","4","4","0","6","26","439"
"2024-11-10 00:00:00","5","0","0","4","0","3","1","0","3","0","129","3","34","28","1","6","0","1","13","21","421"
"2024-11-11 00:00:00","3","2","1","5","0","1","2","1","3","0","140","0","30","30","5","3","3","0","22","28","752"
"2024-11-12 00:00:00","4","4","0","5","0","0","3","0","2","0","152","0","25","29","5","5","3","1","24","23","811"
"2024-11-13 00:00:00","7","0","0","4","0","0","1","0","3","1","162","0","33","31","5","4","4","2","23","31","874"
"2024-11-14 00:00:00","2","2","0","2","0","0","4","0","4","0","146","1","24","31","2","5","7","0","25","24","873"
"2024-11-15 00:00:00","3","3","0","4","1","1","5","0","1","0","146","0","23","40","2","3","2","0","22","29","778"
"2024-11-16 00:00:00","1","2","2","4","0","1","3","0","4","0","112","0","14","26","4","1","1","1","9","29","386"
"2024-11-17 00:00:00","3","3","1","3","0","0","7","1","1","0","122","0","14","27","0","5","1","1","10","30","451"
"2024-11-18 00:00:00","2","4","0","4","1","1","1","2","3","0","141","0","29","47","5","8","6","1","21","24","769"
"2024-11-19 00:00:00","6","3","0","6","0","5","3","2","2","1","157","0","20","32","7","4","7","0","19","32","826"
"2024-11-20 00:00:00","3","2","0","5","0","0","3","1","2","0","150","0","32","22","1","3","5","5","24","22","876"
"2024-11-21 00:00:00","1","2","1","5","0","0","1","0","0","0","137","2","29","34","2","3","2","2","26","29","911"
"2024-11-22 00:00:00","4","3","1","8","0","1","1","3","2","1","125","0","17","33","2","5","5","0","26","34","759"
"2024-11-23 00:00:00","4","0","1","2","0","1","2","0","3","0","108","1","18","30","3","3","2","0","18","24","455"
"2024-11-24 00:00:00","4","0","2","2","0","0","3","0","3","0","118","0","21","23","5","5","2","0","5","19","466"
"2024-11-25 00:00:00","3","4","0","3","1","1","1","0","4","0","154","1","25","29","5","2","8","1","24","26","777"
"2024-11-26 00:00:00","1","1","0","4","0","2","2","0","3","1","134","1","25","29","4","5","2","1","27","17","873"
"2024-11-27 00:00:00","6","0","0","4","0","3","6","1","3","1","152","0","26","35","6","4","3","2","19","19","793"
"2024-11-28 00:00:00","1","3","0","4","1","0","3","1","4","0","122","0","24","30","4","1","2","0","15","27","792"
"2024-11-29 00:00:00","4","0","0","2","0","2","6","0","2","0","135","0","22","29","2","4","3","0","13","22","677"
"2024-11-30 00:00:00","5","2","0","3","0","1","3","0","1","0","109","2","14","34","2","1","1","0","11","20","426"
"2024-12-01 00:00:00","7","1","1","5","0","0","2","1","2","0","120","0","18","25","5","3","2","1","6","19","393"
"2024-12-02 00:00:00","3","1","0","5","0","0","3","0","2","0","130","1","21","36","5","4","6","0","29","28","777"
"2024-12-03 00:00:00","1","0","1","7","0","1","1","1","3","0","147","0","16","28","2","1","2","0","19","29","872"
"2024-12-04 00:00:00","3","5","1","5","0","2","3","1","2","0","145","0","25","24","0","2","3","1","19","29","793"
"2024-12-05 00:00:00","4","1","0","3","0","3","3","1","1","0","165","1","21","29","3","6","4","0","22","31","767"
"2024-12-06 00:00:00","2","1","0","6","0","0","2","0","3","0","110","0","26","19","2","1","3","2","15","17","767"
"2024-12-07 00:00:00","5","2","1","3","0","1","1","0","1","0","120","1","22","26","5","3","2","0","11","25","398"
"2024-12-08 00:00:00","5","4","0","3","0","0","4","2","2","1","123","1","20","36","2","3","4","0","12","18","396"
"2024-12-09 00:00:00","7","3","0","6","0","2","1","2","4","0","141","0","19","21","2","6","1","2","17","24","689"
"2024-12-10 00:00:00","2","4","0","3","0","1","1","2","4","1","121","1","21","33","4","3","5","0","13","26","839"
"2024-12-11 00:00:00","2","0","1","3","1","1","1","3","6","0","129","0","27","23","1","2","4","0","14","35","801"
"2024-12-12 00:00:00","5","0","0","1","0","1","2","1","2","0","161","0","25","32","4","3","3","0","19","35","793"
"2024-12-13 00:00:00","2","1","0","5","0","0","3","0","1","0","108","0","28","26","5","4","5","1","18","27","674"
"2024-12-14 00:00:00","4","1","0","1","0","0","2","0","1","0","101","0","16","25","2","2","1","1","13","22","376"
"2024-12-15 00:00:00","2","1","0","5","0","1","1","1","1","2","105","1","17","27","3","3","4","0","13","20","368"
"2024-12-16 00:00:00","1","3","1","2","0","1","5","0","3","1","127","0","29","30","1","5","3","0","15","25","724"
"2024-12-17 00:00:00","2","2","1","4","0","0","4","1","4","0","124","2","24","32","3","4","3","2","20","37","733"
"2024-12-18 00:00:00","3","1","1","1","0","1","3","0","5","0","109","0","34","33","2","1","2","0","17","24","754"
"2024-12-19 00:00:00","3","1","1","5","0","2","1","0","2","0","119","1","36","31","5","3","5","3","16","26","709"
"2024-12-20 00:00:00","1","3","0","5","0","0","1","0","2","0","113","0","23","28","1","1","3","1","17","17","631"
"2024-12-21 00:00:00","1","4","1","3","0","3","1","1","0","0","87","0","17","22","5","0","0","0","6","15","365"
"2024-12-22 00:00:00","2","2","0","3","0","0","1","0","1","0","127","0","16","18","3","3","2","1","6","27","304"
"2024-12-23 00:00:00","3","3","0","3","0","3","1","1","1","2","122","0","25","20","4","4","2","0","7","21","614"
"2024-12-24 00:00:00","1","1","0","4","0","0","0","1","1","0","131","0","20","24","1","0","2","5","14","15","443"
"2024-12-25 00:00:00","2","1","0","5","0","0","1","0","3","0","112","0","13","22","1","4","2","1","9","23","381"
"2024-12-26 00:00:00","1","2","0","1","0","0","2","0","1","0","109","0","26","16","4","2","3","2","11","20","463"
"2024-12-27 00:00:00","3","1","0","4","0","0","3","0","2","0","99","0","24","30","2","2","3","3","14","23","508"
"2024-12-28 00:00:00","2","1","0","3","1","1","1","1","0","0","107","0","20","27","0","0","3","0","11","21","372"
"2024-12-29 00:00:00","1","1","0","6","0","1","2","0","1","0","103","0","16","29","1","1","3","1","5","17","357"
"2024-12-30 00:00:00","0","2","1","3","0","0","3","0","4","0","123","0","21","24","3","3","1","1","9","22","483"
"2024-12-31 00:00:00","3","3","0","4","0","0","0","1","0","0","104","0","22","25","2","1","3","0","5","15","414"
"2025-01-01 00:00:00","3","2","0","3","0","1","1","0","1","1","108","0","27","16","1","1","1","0","6","23","304"
"2025-01-02 00:00:00","1","2","0","7","0","1","3","1","2","1","141","0","22","23","5","4","1","0","16","24","574"
"2025-01-03 00:00:00","0","1","1","3","0","2","2","0","1","0","126","1","17","29","1","3","6","0","16","36","567"
"2025-01-04 00:00:00","5","0","1","3","0","1","3","0","1","0","125","0","21","29","2","2","0","1","11","36","389"
"2025-01-05 00:00:00","2","2","0","5","0","1","3","0","2","1","134","1","17","24","4","2","1","2","13","19","462"
"2025-01-06 00:00:00","4","1","0","2","0","1","5","0","2","0","123","0","20","28","3","3","3","2","10","19","611"
"2025-01-07 00:00:00","6","4","0","3","0","1","1","0","1","1","117","0","25","32","4","5","3","1","27","34","682"
"2025-01-08 00:00:00","2","3","0","1","0","1","4","3","3","0","141","1","23","36","3","7","4","0","13","25","780"
"2025-01-09 00:00:00","4","3","0","4","0","1","2","1","2","1","126","0","26","27","6","1","1","1","18","31","708"
"2025-01-10 00:00:00","4","2","0","5","1","1","1","1","2","0","116","0","28","33","3","1","8","0","12","38","659"
"2025-01-11 00:00:00","4","1","1","2","0","0","1","1","3","0","113","0","18","25","3","3","2","1","10","31","365"
"2025-01-12 00:00:00","1","2","1","4","0","4","2","2","2","0","116","0","22","18","5","5","5","0","18","27","360"
"2025-01-13 00:00:00","8","1","1","6","0","0","3","1","3","1","124","0","25","34","1","5","5","2","28","26","637"
"2025-01-14 00:00:00","1","5","2","3","0","2","5","1","1","0","115","0","19","31","2","3","2","1","19","30","715"
"2025-01-15 00:00:00","5","3","1","2","0","0","3","0","0","0","121","0","36","24","3","1","8","1","12","32","769"
"2025-01-16 00:00:00","1","2","3","4","0","2","4","0","2","0","114","0","27","30","5","1","4","0","22","30","727"
"2025-01-17 00:00:00","1","3","1","1","0","2","3","0","6","0","132","1","17","25","2","3","5","2","16","20","655"
"2025-01-18 00:00:00","3","2","0","4","0","0","3","2","0","0","104","0","18","21","3","3","2","1","9","30","399"
"2025-01-19 00:00:00","0","3","0","3","0","1","1","1","3","0","107","1","17","32","3","4","3","2","11","16","366"
"2025-01-20 00:00:00","2","3","0","0","0","0","1","1","2","0","138","3","26","34","5","9","2","0","15","23","634"
"2025-01-21 00:00:00","4","2","0","3","1","3","2","0","3","1","119","0","17","25","6","2","6","0","14","24","725"
"2025-01-22 00:00:00","3","0","0","5","0","1","3","0","1","0","130","1","25","23","4","4","1","1","12","31","694"
"2025-01-23 00:00:00","4","3","1","5","0","1","2","1","1","0","124","1","23","27","2","4","2","1","13","30","767"
"2025-01-24 00:00:00","2","3","3","4","0","3","1","0","0","1","107","0","33","36","1","4","4","0","19","25","705"
"2025-01-25 00:00:00","1","1","0","1","1","0","2","2","3","1","119","0","20","29","4","2","3","0","11","18","368"
"2025-01-26 00:00:00","3","3","0","3","1","2","3","2","5","0","125","0","28","34","2","4","3","1","9","21","358"
"2025-01-27 00:00:00","0","0","1","4","0","2","2","1","2","1","117","0","26","26","1","12","6","1","26","25","629"
"2025-01-28 00:00:00","0","2","0","3","0","1","5","0","5","1","106","0","22","21","5","6","6","2","16","20","705"
"2025-01-29 00:00:00","3","4","0","2","0","1","4","1","3","0","108","0","16","30","8","6","4","0","22","30","626"
"2025-01-30 00:00:00","0","2","0","1","0","0","2","0","5","0","124","0","25","30","1","4","6","2","17","28","680"
"2025-01-31 00:00:00","4","2","0","4","0","1","3","0","1","1","112","0","20","25","3","4","11","0","21","35","605"
"2025-02-01 00:00:00","2","1","1","1","0","2","2","0","1","0","86","1","28","18","1","1","3","3","11","20","363"
"2025-02-02 00:00:00","6","2","0","3","0","1","1","0","2","0","92","2","15","20","3","4","2","1","8","19","357"
"2025-02-03 00:00:00","1","2","0","0","1","1","2","3","1","0","104","1","29","18","3","4","9","1","15","24","545"
"2025-02-04 00:00:00","2","1","0","4","0","3","2","2","5","0","121","0","24","23","5","4","3","2","18","26","646"
"2025-02-05 00:00:00","3","4","0","1","0","0","3","0","2","1","139","0","36","24","4","3","3","2","21","27","709"
"2025-02-06 00:00:00","3","1","0","2","0","3","4","1","2","0","118","0","29","29","0","5","3","2","21","23","677"
"2025-02-07 00:00:00","2","2","1","3","0","0","3","2","4","1","129","0","22","25","4","6","5","1","16","25","618"
"2025-02-08 00:00:00","4","1","0","7","0","0","5","0","1","0","87","0","24","26","1","1","5","0","12","20","353"
"2025-02-09 00:00:00","3","0","0","3","0","2","0","1","4","0","87","0","25","24","2","2","4","1","5","16","356"
"2025-02-10 00:00:00","4","1","1","3","0","0","3","1","1","1","110","0","21","33","2","5","4","4","19","28","548"
"2025-02-11 00:00:00","2","3","0","5","1","3","5","1","6","0","101","0","32","19","6","11","4","1","20","21","674"
"2025-02-12 00:00:00","3","0","0","5","0","1","3","0","2","0","114","1","27","25","3","3","4","0","13","28","703"
"2025-02-13 00:00:00","1","0","1","6","0","0","2","0","2","2","105","0","21","26","1","5","6","2","18","28","724"
"2025-02-14 00:00:00","5","1","1","5","0","1","4","0","2","1","115","0","22","28","1","1","5","0","22","26","622"
"2025-02-15 00:00:00","2","2","1","2","1","2","4","1","0","0","96","0","23","21","2","3","4","0","11","25","311"
"2025-02-16 00:00:00","3","1","0","3","0","1","1","0","3","0","106","0","22","22","2","2","2","2","10","19","328"
"2025-02-17 00:00:00","2","0","0","2","0","3","2","0","2","0","109","0","29","29","3","4","6","2","19","28","577"
"2025-02-18 00:00:00","4","2","0","4","1","2","2","0","3","1","110","1","19","32","6","6","8","2","15","27","673"
"2025-02-19 00:00:00","2","1","0","2","0","0","5","0","4","0","130","1","25","20","3","5","8","1","23","19","706"
"2025-02-20 00:00:00","1","3","0","4","0","0","1","1","3","0","97","0","22","27","5","5","6","0","17","24","665"
"2025-02-21 00:00:00","2","3","0","3","0","1","3","1","1","0","103","1","18","25","2","3","2","1","14","21","598"
"2025-02-22 00:00:00","2","3","0","2","0","0","1","0","3","1","106","0","17","26","1","6","3","0","8","26","321"
"2025-02-23 00:00:00","1","2","0","1","0","1","2","1","3","0","89","1","15","27","2","2","4","0","5","22","333"
"2025-02-24 00:00:00","0","3","0","4","0","1","0","0","0","0","118","1","26","24","2","5","5","1","18","24","604"
"2025-02-25 00:00:00","1","3","0","2","0","2","2","1","2","0","102","0","23","25","1","6","3","1","21","30","637"
"2025-02-26 00:00:00","2","1","1","0","0","2","3","0","4","0","124","0","20","22","2","7","6","3","19","23","669"
"2025-02-27 00:00:00","3","3","0","2","0","1","3","1","1","0","118","0","26","20","2","6","7","3","20","19","638"
"2025-02-28 00:00:00","1","4","0","2","0","0","1","1","4","0","105","0","24","20","3","3","4","2","13","20","601"
"2025-03-01 00:00:00","2","1","0","1","0","1","4","0","3","0","102","0","14","27","1","2","1","0","16","16","340"
"2025-03-02 00:00:00","1","3","0","3","0","0","1","1","3","0","107","1","21","15","1","2","2","1","11","17","332"
"2025-03-03 00:00:00","7","1","0","0","0","1","2","1","2","0","110","0","26","27","5","3","3","0","13","25","557"
"2025-03-04 00:00:00","0","3","0","3","0","1","4","1","3","0","118","0","34","18","2","4","5","0","22","23","648"
"2025-03-05 00:00:00","3","0","0","1","0","3","2","0","3","0","103","2","32","30","2","2","9","0","18","30","640"
"2025-03-06 00:00:00","0","1","0","2","0","0","3","1","3","0","139","1","27","15","3","5","4","2","14","27","692"
"2025-03-07 00:00:00","2","1","1","3","1","0","3","0","0","0","102","0","23","21","3","5","3","1","14","22","549"
"2025-03-08 00:00:00","1","2","0","0","0","2","4","0","0","0","96","0","18","15","3","0","2","0","7","20","273"
"2025-03-09 00:00:00","3","1","0","1","0","1","7","0","1","0","91","2","8","20","1","2","2","0","11","24","311"
"2025-03-10 00:00:00","1","3","1","4","0","1","2","0","7","0","107","0","27","17","1","5","2","1","25","25","551"
"2025-03-11 00:00:00","2","1","0","0","0","1","3","0","1","2","102","0","22","20","3","6","9","0","20","15","613"
"2025-03-12 00:00:00","2","2","2","4","0","1","2","0","1","0","107","0","23","21","2","2","3","1","16","31","588"
"2025-03-13 00:00:00","1","2","0","2","0","0","0","1","2","2","114","0","22","16","1","3","5","1","12","30","576"
"2025-03-14 00:00:00","3","1","1","1","0","1","0","1","0","0","104","1","25","33","2","3","4","2","18","26","528"
"2025-03-15 00:00:00","3","1","0","5","1","0","2","0","4","0","99","0","22","19","2","4","3","1","12","19","281"
"2025-03-16 00:00:00","2","4","0","4","0","2","3","0","3","0","104","0","16","21","1","2","4","1","12","24","284"
"2025-03-17 00:00:00","2","2","0","2","0","1","2","0","2","0","94","0","18","32","2","4","6","2","19","31","558"
"2025-03-18 00:00:00","6","2","1","4","0","1","2","0","1","1","113","0","38","25","3","1","9","3","11","35","565"
"2025-03-19 00:00:00","3","3","1","1","1","3","1","1","0","0","111","0","18","19","1","3","7","0","15","25","609"
"2025-03-20 00:00:00","0","2","0","4","0","0","4","1","1","0","103","1","29","22","4","2","6","0","18","22","604"
"2025-03-21 00:00:00","0","3","0","4","0","0","3","0","3","1","97","0","33","23","3","3","8","0","17","24","568"
"2025-03-22 00:00:00","1","0","0","1","0","1","0","1","3","0","99","0","23","16","2","3","1","0","15","29","356"
"2025-03-23 00:00:00","1","2","0","2","0","0","2","0","2","2","111","1","15","26","1","3","4","1","15","24","343"
"2025-03-24 00:00:00","1","4","0","1","0","0","4","1","7","1","115","0","16","23","5","3","4","0","10","30","548"
"2025-03-25 00:00:00","1","3","0","7","0","3","1","2","2","0","139","0","21","24","2","3","10","0","18","21","593"
"2025-03-26 00:00:00","2","1","1","4","0","2","2","0","2","1","87","0","13","28","4","2","7","0","10","19","533"
"2025-03-27 00:00:00","4","2","0","6","1","0","3","0","3","1","104","1","19","28","4","3","8","1","23","13","596"
"2025-03-28 00:00:00","1","1","0","4","0","0","2","1","2","0","96","0","17","20","3","0","5","1","17","26","493"
"2025-03-29 00:00:00","1","2","0","1","0","2","3","1","1","0","84","0","9","13","5","5","3","2","8","22","260"
"2025-03-30 00:00:00","1","6","1","1","0","1","2","0","0","1","94","2","23","21","2","0","7","0","12","21","244"
"2025-03-31 00:00:00","4","2","0","3","0","1","7","0","3","0","85","0","16","30","4","2","5","0","15","22","489"
"2025-04-01 00:00:00","0","1","0","3","0","2","3","0","2","0","73","0","14","16","1","2","4","0","13","25","435"
"2025-04-02 00:00:00","2","2","0","3","0","0","3","0","3","2","107","0","19","21","2","3","5","0","13","30","513"
"2025-04-03 00:00:00","2","2","0","1","0","4","3","2","9","0","94","1","14","24","1","3","6","2","9","27","557"
"2025-04-04 00:00:00","3","1","0","2","0","0","3","0","4","0","96","0","26","23","5","1","7","0","18","22","473"
"2025-04-05 00:00:00","1","2","0","3","0","2","0","0","3","1","55","0","11","19","2","2","0","0","12","11","272"
"2025-04-06 00:00:00","2","1","0","3","3","1","2","0","1","0","74","1","16","12","2","4","2","0","8","19","259"
"2025-04-07 00:00:00","0","1","0","5","0","2","2","0","2","0","91","0","22","20","1","2","2","0","11","21","461"
"2025-04-08 00:00:00","1","0","0","2","1","5","5","3","2","1","107","0","26","32","3","1","4","1","20","32","493"
"2025-04-09 00:00:00","1","1","0","5","0","0","2","0","3","1","108","0","30","28","3","2","1","0","12","21","510"
"2025-04-10 00:00:00","4","2","0","0","0","3","2","0","2","0","96","0","19","23","0","5","5","0","15","19","509"
"2025-04-11 00:00:00","2","3","0","3","0","1","5","1","4","1","98","0","27","13","1","0","5","0","13","20","462"
"2025-04-12 00:00:00","0","2","0","1","0","0","3","3","2","2","86","0","16","19","1","2","3","0","10","16","246"
"2025-04-13 00:00:00","0","0","1","0","0","0","1","2","0","1","90","0","12","13","1","5","1","1","6","19","237"
"2025-04-14 00:00:00","2","0","0","2","0","0","1","0","1","0","100","0","25","28","2","0","1","0","12","27","400"
"2025-04-15 00:00:00","1","0","0","5","1","2","3","0","2","0","103","1","32","20","5","6","5","0","16","18","434"
"2025-04-16 00:00:00","1","0","0","2","0","2","1","1","3","0","91","0","28","23","3","6","5","2","12","14","442"
"2025-04-17 00:00:00","2","1","0","3","0","1","2","0","2","2","91","0","17","31","0","1","5","0","13","19","425"
"2025-04-18 00:00:00","2","2","0","5","0","1","1","0","3","1","79","1","18","22","1","0","3","2","9","25","324"
"2025-04-19 00:00:00","0","0","0","2","0","2","2","1","2","0","75","1","23","22","3","2","4","2","4","18","191"
"2025-04-20 00:00:00","1","1","1","1","0","1","1","0","0","0","66","0","21","16","0","3","2","0","6","24","204"
"2025-04-21 00:00:00","1","3","0","2","1","2","4","0","2","0","82","0","20","13","3","4","1","1","17","26","340"
"2025-04-22 00:00:00","0","0","0","2","0","2","1","1","2","3","110","0","19","21","2","3","2","1","14","16","418"
"2025-04-23 00:00:00","1","0","0","4","0","1","3","0","2","0","74","0","18","19","1","0","4","0","11","32","412"
"2025-04-24 00:00:00","2","1","0","0","0","3","2","0","5","0","96","0","20","22","2","7","9","2","12","29","407"
"2025-04-25 00:00:00","2","5","0","2","0","2","2","0","5","2","83","0","25","24","0","0","0","1","10","16","347"
"2025-04-26 00:00:00","2","1","0","2","0","0","0","0","2","1","75","0","16","18","2","1","1","1","7","19","213"
"2025-04-27 00:00:00","2","1","0","2","0","0","1","0","3","0","82","0","22","19","1","1","1","1","9","21","222"
"2025-04-28 00:00:00","3","1","0","3","0","0","2","1","0","2","75","0","16","24","4","3","4","1","15","23","397"
"2025-04-29 00:00:00","0","1","0","2","0","2","1","0","4","0","95","0","26","21","1","4","2","0","14","25","419"
"2025-04-30 00:00:00","2","0","0","2","0","0","1","2","1","1","86","1","21","23","4","5","5","2","13","27","425"
"2025-05-01 00:00:00","4","0","0","2","1","1","0","0","2","1","75","1","18","17","1","4","5","3","9","23","284"
"2025-05-02 00:00:00","0","0","1","1","0","0","5","3","2","1","84","2","10","19","2","2","3","0","12","25","312"
"2025-05-03 00:00:00","0","1","0","1","0","1","3","0","1","0","78","0","17","22","1","2","3","1","5","12","167"
"2025-05-04 00:00:00","1","1","0","3","0","0","0","2","4","0","93","0","27","14","1","0","3","1","9","18","221"
"2025-05-05 00:00:00","0","1","0","2","0","2","3","0","4","1","89","0","19","20","0","3","0","1","7","22","312"
"2025-05-06 00:00:00","0","0","0","1","0","1","5","0","3","1","97","0","25","17","4","1","2","0","10","30","415"
"2025-05-07 00:00:00","0","1","0","1","0","0","0","0","1","0","85","0","21","23","0","3","3","1","13","24","417"
"2025-05-08 00:00:00","0","1","0","3","0","0","1","1","5","0","106","0","23","26","1","2","1","0","17","16","392"
"2025-05-09 00:00:00","1","1","0","2","0","2","2","1","1","1","88","1","16","17","3","0","2","0","12","18","387"
"2025-05-10 00:00:00","1","2","0","5","0","1","4","0","0","0","62","0","16","13","0","7","1","2","4","20","192"
"2025-05-11 00:00:00","0","0","1","1","0","2","4","0","4","0","80","1","11","12","0","3","1","0","5","15","200"
"2025-05-12 00:00:00","1","2","0","3","0","0","1","0","2","0","87","1","27","18","2","2","4","0","9","29","382"
"2025-05-13 00:00:00","0","1","0","4","0","1","1","1","1","0","98","0","18","25","1","6","2","1","6","23","371"
"2025-05-14 00:00:00","0","4","0","1","0","2","5","1","3","0","103","1","21","10","5","2","4","0","12","20","410"
"2025-05-15 00:00:00","0","2","0","2","1","2","0","1","3","2","83","0","17","20","5","3","0","0","15","15","422"
"2025-05-16 00:00:00","1","0","0","0","0","1","0","0","3","1","81","0","26","17","3","5","2","3","16","15","446"
"2025-05-17 00:00:00","7","0","0","1","0","1","2","1","2","1","71","0","16","18","1","2","2","3","7","17","239"
"2025-05-18 00:00:00","5","1","1","3","0","3","3","1","2","0","79","0","19","21","4","0","4","1","8","16","185"
"2025-05-19 00:00:00","1","1","0","1","0","4","1","0","3","0","84","0","28","20","5","4","4","0","12","29","437"
"2025-05-20 00:00:00","1","3","0","4","0","0","2","0","2","2","106","0","24","17","3","5","2","1","16","17","451"
"2025-05-21 00:00:00","1","1","0","3","0","3","1","1","3","1","98","0","22","12","3","2","5","0","10","25","426"
"2025-05-22 00:00:00","1","0","2","2","0","4","2","0","1","1","91","0","25","17","3","2","1","0","18","26","445"
"2025-05-23 00:00:00","2","1","0","3","0","0","1","0","4","0","83","0","29","21","2","4","8","0","17","12","418"
"2025-05-24 00:00:00","1","3","0","0","0","1","0","1","0","1","61","1","16","20","6","1","5","2","3","12","191"
"2025-05-25 00:00:00","2","1","0","2","0","1","1","2","0","0","73","0","25","20","3","0","1","0","4","10","225"
"2025-05-26 00:00:00","2","3","0","2","0","1","2","1","1","0","98","0","26","24","1","1","3","1","5","21","389"
"2025-05-27 00:00:00","1","4","0","0","0","3","4","1","1","0","101","0","21","19","1","6","4","0","12","19","415"
"2025-05-28 00:00:00","1","0","0","5","0","1","1","1","3","1","81","1","24","19","1","5","1","3","12","14","453"
"2025-05-29 00:00:00","2","0","0","8","0","1","0","0","1","1","90","0","26","14","2","2","6","1","18","19","365"
"2025-05-30 00:00:00","1","1","1","1","0","2","3","0","2","0","79","0","25","28","6","2","3","2","11","11","392"
"2025-05-31 00:00:00","1","1","0","1","0","1","2","2","1","0","59","0","15","23","1","2","3","1","10","21","212"
"2025-06-01 00:00:00","0","3","0","2","0","0","5","0","2","0","64","0","30","16","1","3","3","0","9","19","223"
"2025-06-02 00:00:00","3","0","0","2","0","1","4","2","1","0","71","0","28","23","3","3","6","0","8","18","344"
"2025-06-03 00:00:00","1","3","1","4","0","1","3","1","3","1","84","1","29","31","1","2","8","0","16","22","360"
"2025-06-04 00:00:00","1","0","0","0","0","1","4","0","2","0","97","0","19","27","1","4","5","1","15","16","483"
"2025-06-05 00:00:00","4","2","0","3","0","0","3","0","2","1","84","0","23","16","3","3","1","2","9","25","435"
"2025-06-06 00:00:00","0","1","0","2","0","0","2","0","2","0","96","0","20","19","2","2","5","0","13","15","302"
"2025-06-07 00:00:00","0","0","0","2","0","2","3","1","0","1","68","0","15","17","1","3","1","1","6","17","206"
"2025-06-08 00:00:00","0","3","1","1","0","5","0","0","2","0","76","1","8","23","1","3","5","1","5","16","199"
"2025-06-09 00:00:00","2","2","0","1","1","0","2","1","0","0","94","1","19","17","4","6","4","1","14","18","367"
"2025-06-10 00:00:00","2","0","1","3","0","0","4","1","2","0","103","0","23","22","1","1","8","0","12","18","419"
"2025-06-11 00:00:00","1","3","0","1","0","1","1","0","0","0","87","0","19","22","0","3","5","2","4","19","370"
"2025-06-12 00:00:00","2","0","0","5","0","3","3","0","1","2","93","1","31","18","3","1","5","0","8","20","364"
"2025-06-13 00:00:00","1","0","0","3","0","1","0","0","2","1","74","0","15","22","3","2","6","1","11","16","335"
"2025-06-14 00:00:00","1","2","0","2","0","1","1","0","1","1","65","1","10","19","1","2","2","1","9","12","160"
"2025-06-15 00:00:00","0","6","0","1","0","1","1","0","4","0","61","1","20","14","4","2","5","1","6","17","160"
"2025-06-16 00:00:00","0","0","0","3","0","0","2","0","3","0","91","3","21","18","2","2","3","2","10","24","356"
"2025-06-17 00:00:00","3","1","1","1","0","0","1","0","2","0","94","1","29","29","3","4","3","0","15","18","364"
"2025-06-18 00:00:00","1","2","0","4","0","0","5","0","0","1","93","1","17","15","1","1","8","2","10","22","362"
"2025-06-19 00:00:00","1","3","0","4","0","2","2","0","2","0","84","0","25","26","5","1","2","1","16","20","350"
"2025-06-20 00:00:00","2","1","0","2","0","0","1","3","3","0","101","1","21","24","3","3","6","1","11","20","344"
"2025-06-21 00:00:00","2","3","1","3","0","0","1","1","2","0","87","1","14","13","1","3","2","2","9","5","160"
"2025-06-22 00:00:00","1","1","0","2","0","1","0","0","3","1","75","1","15","25","0","1","0","1","1","16","177"
"2025-06-23 00:00:00","0","0","0","1","0","2","2","3","2","5","83","0","15","19","7","3","3","2","6","20","332"
"2025-06-24 00:00:00","0","2","0","2","0","1","1","0","7","0","91","0","23","26","3","1","6","0","13","19","355"
"2025-06-25 00:00:00","1","2","0","3","0","1","2","0","4","0","81","0","21","18","2","2","5","2","11","20","351"
"2025-06-26 00:00:00","1","3","2","3","1","0","2","0","1","1","82","0","17","19","4","3","1","1","15","17","353"
"2025-06-27 00:00:00","1","1","0","1","0","2","2","1","2","0","77","0","15","19","5","4","4","0","9","31","346"
"2025-06-28 00:00:00","0","0","0","1","0","1","1","0","1","0","71","0","21","17","3","0","1","1","9","12","168"
"2025-06-29 00:00:00","0","1","0","1","0","0","1","0","0","0","70","1","20","18","1","0","2","0","9","16","144"
"2025-06-30 00:00:00","0","2","1","4","0","2","2","2","3","0","73","1","23","25","4","5","5","0","7","13","294"
"2025-07-01 00:00:00","1","0","0","1","0","0","1","1","2","1","86","0","23","20","2","1","5","0","9","21","309"
"2025-07-02 00:00:00","3","1","0","0","0","2","2","1","1","3","94","0","22","13","0","4","4","2","12","15","350"
"2025-07-03 00:00:00","1","1","0","3","0","4","2","1","1","1","84","0","21","26","1","0","7","0","6","17","332"
"2025-07-04 00:00:00","4","1","0","1","0","0","2","1","4","0","77","0","17","15","3","1","3","0","11","26","256"
"2025-07-05 00:00:00","1","0","0","4","0","0","0","0","1","0","65","0","18","24","1","2","3","2","8","18","137"
"2025-07-06 00:00:00","1","1","0","2","0","1","2","0","1","0","66","0","16","24","0","0","1","0","10","12","163"
"2025-07-07 00:00:00","1","0","1","1","0","1","2","0","1","0","77","0","21","21","3","8","5","2","11","22","313"
"2025-07-08 00:00:00","3","0","0","4","0","2","0","0","2","0","77","0","17","17","4","5","5","1","12","15","322"
"2025-07-09 00:00:00","3","3","0","1","0","3","3","1","1","1","91","2","26","17","3","5","5","0","11","21","320"
"2025-07-10 00:00:00","3","0","1","1","0","1","2","0","3","0","74","1","18","23","3","6","7","0","13","19","298"
"2025-07-11 00:00:00","2","5","1","3","0","3","4","2","2","0","63","0","20","16","1","4","5","1","5","28","314"
"2025-07-12 00:00:00","1","1","0","2","0","0","2","0","0","0","68","0","16","16","0","2","5","1","6","11","145"
"2025-07-13 00:00:00","1","3","1","3","0","1","0","1","3","0","48","0","21","25","1","4","1","1","9","16","124"
"2025-07-14 00:00:00","1","4","1","2","0","2","6","0","2","1","64","0","23","21","3","2","9","1","10","17","256"
"2025-07-15 00:00:00","1","1","0","5","0","1","4","0","1","1","56","0","20","16","1","2","4","1","13","23","344"
"2025-07-16 00:00:00","1","3","0","1","0","2","3","0","3","0","65","0","21","18","1","6","3","0","11","17","303"
"2025-07-17 00:00:00","3","5","1","5","0","1","2","0","0","0","61","0","31","23","1","4","7","0","10","12","273"
"2025-07-18 00:00:00","0","4","0","2","0","0","1","2","0","1","76","0","18","23","2","1","3","0","12","22","239"
"2025-07-19 00:00:00","2","2","0","3","0","1","1","1","3","0","67","0","18","17","1","1","3","0","6","23","143"
"2025-07-20 00:00:00","0","1","1","1","0","1","1","0","1","1","67","0","17","15","1","1","0","1","8","14","157"
"2025-07-21 00:00:00","3","2","1","2","0","0","1","0","0","0","80","0","19","27","3","2","2","1","11","13","253"
"2025-07-22 00:00:00","1","3","0","5","0","3","3","2","1","1","72","0","17","13","2","5","3","0","18","14","267"
"2025-07-23 00:00:00","1","1","0","0","0","2","2","0","1","1","84","0","26","18","3","4","2","1","6","17","273"
"2025-07-24 00:00:00","0","1","0","5","0","2","1","2","1","1","74","0","26","21","2","3","8","2","14","18","274"
"2025-07-25 00:00:00","1","0","1","0","0","0","2","0","1","0","94","0","12","19","5","3","3","1","13","20","254"
"2025-07-26 00:00:00","0","1","1","2","0","1","0","0","1","0","57","0","17","14","0","2","1","0","6","14","138"
"2025-07-27 00:00:00","1","1","0","1","0","0","2","1","2","0","64","1","11","22","0","1","1","0","5","25","133"
"2025-07-28 00:00:00","3","4","0","1","0","1","2","2","4","1","77","1","17","16","0","2","2","1","17","24","236"
"2025-07-29 00:00:00","4","0","0","3","0","1","1","1","1","0","82","1","16","17","3","3","3","0","13","16","295"
"2025-07-30 00:00:00","0","0","0","1","0","0","2","0","4","0","83","0","16","16","5","2","5","0","10","23","271"
"2025-07-31 00:00:00","4","0","1","2","0","1","5","1","4","0","71","0","15","19","6","3","2","1","12","22","251"
"2025-08-01 00:00:00","1","0","0","0","0","1","1","1","1","0","70","0","17","7","3","1","6","1","8","21","211"
"2025-08-02 00:00:00","1","1","2","1","0","1","0","1","1","0","78","0","21","20","3","0","2","1","5","17","102"
"2025-08-03 00:00:00","3","1","0","1","0","0","1","0","0","0","62","1","6","13","1","2","0","1","5","14","119"
"2025-08-04 00:00:00","1","2","0","1","0","0","0","0","2","0","65","0","23","20","5","2","4","0","13","19","239"
"2025-08-05 00:00:00","1","2","0","4","0","2","2","0","1","2","83","0","22","24","3","2","7","0","14","22","242"
"2025-08-06 00:00:00","3","3","0","0","0","3","2","0","2","0","80","0","14","17","1","2","9","0","14","17","253"
"2025-08-07 00:00:00","3","0","0","3","0","1","1","0","2","1","81","0","29","19","0","2","3","0","4","13","246"
"2025-08-08 00:00:00","4","0","0","4","0","1","2","1","2","1","62","0","18","13","1","2","3","1","9","16","191"
"2025-08-09 00:00:00","0","1","0","1","0","1","1","0","1","0","67","0","6","14","2","2","0","0","9","16","100"
"2025-08-10 00:00:00","2","1","0","3","0","1","2","0","0","2","60","0","10","12","3","0","0","0","4","14","125"
"2025-08-11 00:00:00","2","0","0","2","0","1","1","0","0","0","67","1","17","16","3","3","3","0","16","18","187"
"2025-08-12 00:00:00","4","3","0","4","0","3","2","0","2","0","69","0","21","11","3","0","3","0","11","20","214"
"2025-08-13 00:00:00","1","2","2","3","0","2","3","0","2","1","69","0","11","13","5","1","3","2","13","19","212"
"2025-08-14 00:00:00","2","0","0","2","1","2","1","0","2","0","72","1","15","17","2","1","2","0","9","21","206"
"2025-08-15 00:00:00","2","2","0","1","1","3","1","0","0","0","78","1","8","18","0","1","1","0","7","8","195"
"2025-08-16 00:00:00","0","0","1","0","0","0","4","0","3","1","46","0","10","11","1","2","1","0","7","11","105"
"2025-08-17 00:00:00","0","1","1","3","0","0","0","0","4","1","57","0","11","15","1","0","3","0","6","12","103"
"2025-08-18 00:00:00","1","0","0","0","0","0","2","0","3","0","66","1","19","12","3","2","6","0","9","13","235"
"2025-08-19 00:00:00","1","2","1","1","0","1","3","1","4","1","68","0","27","25","1","2","5","1","8","17","250"
"2025-08-20 00:00:00","0","1","0","1","0","1","4","0","1","0","62","0","14","21","4","2","4","0","13","14","215"
"2025-08-21 00:00:00","1","0","1","2","0","1","2","0","1","0","77","0","20","16","4","2","5","0","12","16","219"
"2025-08-22 00:00:00","1","3","0","2","0","2","0","0","2","1","68","0","16","20","1","1","3","0","9","13","203"
"2025-08-23 00:00:00","0","2","0","3","0","1","0","0","1","1","54","1","11","23","0","2","0","1","2","15","135"
"2025-08-24 00:00:00","2","2","0","1","0","2","1","0","1","0","54","0","17","14","1","1","3","0","9","7","107"
"2025-08-25 00:00:00","2","0","0","4","0","4","2","0","3","0","43","0","19","12","0","1","6","0","9","19","183"
"2025-08-26 00:00:00","2","1","0","2","1","0","1","0","1","0","72","0","11","16","1","1","6","0","8","13","240"
"2025-08-27 00:00:00","1","0","1","4","0","1","0","0","2","1","87","1","19","21","0","2","2","1","13","20","239"
"2025-08-28 00:00:00","1","3","1","4","0","2","1","0","2","0","77","1","15","15","1","2","2","1","11","10","246"
"2025-08-29 00:00:00","2","1","0","2","0","4","2","2","3","1","41","0","12","17","3","4","4","0","7","11","265"
"2025-08-30 00:00:00","1","2","0","0","0","0","1","1","2","0","56","0","7","13","1","2","4","1","3","11","133"
"2025-08-31 00:00:00","0","0","0","2","0","1","3","0","2","1","54","0","15","15","1","0","4","0","4","15","110"
"2025-09-01 00:00:00","2","0","1","1","0","0","2","0","1","0","58","0","15","15","4","1","3","2","8","10","201"
"2025-09-02 00:00:00","2","0","0","6","0","0","4","0","2","1","68","1","17","18","1","0","3","0","10","20","240"
"2025-09-03 00:00:00","3","2","0","2","0","0","1","0","3","2","74","0","13","10","2","1","3","1","12","22","285"
"2025-09-04 00:00:00","0","0","0","1","0","2","1","0","1","1","71","0","24","17","1","4","4","0","13","19","249"
"2025-09-05 00:00:00","0","1","0","3","0","1","2","1","2","0","73","0","17","16","2","3","2","0","7","18","235"
"2025-09-06 00:00:00","0","0","1","2","0","0","1","1","4","0","47","1","13","17","1","1","3","1","3","13","121"
"2025-09-07 00:00:00","0","3","0","3","0","0","0","0","2","2","73","0","10","8","0","0","3","1","6","15","110"
"2025-09-08 00:00:00","0","1","0","4","0","1","2","1","3","1","65","0","16","16","2","3","5","1","10","13","210"
"2025-09-09 00:00:00","2","3","2","2","0","1","0","0","2","1","72","2","14","12","1","1","4","0","7","18","174"
"2025-09-10 00:00:00","0","2","0","1","0","2","2","0","1","1","63","0","14","24","3","3","2","1","5","17","231"
"2025-09-11 00:00:00","1","0","0","0","0","0","1","1","1","1","62","0","15","14","1","5","3","0","7","15","250"
"2025-09-12 00:00:00","0","1","0","2","0","0","1","0","1","0","68","0","15","10","2","1","1","0","11","19","239"
"2025-09-13 00:00:00","1","0","0","4","0","0","1","0","2","0","60","0","13","10","0","0","0","0","9","15","109"
"2025-09-14 00:00:00","2","0","0","1","0","0","1","0","1","1","37","0","14","16","2","2","0","1","3","16","130"
"2025-09-15 00:00:00","1","2","0","2","0","2","0","0","4","0","53","0","14","16","1","2","1","1","11","18","220"
"2025-09-16 00:00:00","1","0","0","2","0","1","1","0","1","0","70","0","22","13","1","1","2","0","8","22","247"
"2025-09-17 00:00:00","1","1","0","6","0","2","1","0","1","0","59","1","12","13","4","1","4","1","9","14","239"
"2025-09-18 00:00:00","1","1","0","3","0","0","1","1","1","1","68","0","14","16","1","3","4","0","9","21","267"
"2025-09-19 00:00:00","0","0","1","3","0","1","2","1","1","0","59","0","17","11","1","1","2","0","8","18","262"
"2025-09-20 00:00:00","1","0","0","3","1","1","1","1","0","0","52","1","15","10","2","2","1","0","9","24","105"
"2025-09-21 00:00:00","1","0","0","2","0","2","1","0","0","1","58","0","9","15","0","1","3","0","9","16","90"
"2025-09-22 00:00:00","1","0","0","1","0","0","2","0","2","0","75","1","22","13","1","1","10","0","8","18","228"
"2025-09-23 00:00:00","0","3","1","2","0","0","1","0","3","1","67","1","13","15","5","2","2","0","6","20","235"
"2025-09-24 00:00:00","0","0","0","3","0","2","3","0","2","1","70","1","26","16","2","2","4","1","11","19","257"
"2025-09-25 00:00:00","0","3","0","4","0","0","2","0","1","0","62","0","20","7","1","1","5","0","6","19","247"
"2025-09-26 00:00:00","2","0","0","1","0","3","3","0","4","0","62","1","17","4","2","1","3","0","7","10","191"
"2025-09-27 00:00:00","1","0","0","1","0","1","1","0","0","0","51","0","9","14","0","1","1","0","8","8","112"
"2025-09-28 00:00:00","1","1","0","2","1","0","0","1","1","0","53","0","14","8","1","2","1","0","5","21","112"
"2025-09-29 00:00:00","2","0","1","2","0","1","1","1","1","0","48","0","15","16","0","5","2","0","3","15","222"
"2025-09-30 00:00:00","1","1","0","2","0","0","3","0","4","0","53","0","15","8","6","6","5","0","5","9","235"
"2025-10-01 00:00:00","0","0","0","0","0","1","2","0","0","0","68","0","20","18","1","6","4","0","7","13","240"
"2025-10-02 00:00:00","0","1","1","1","0","0","2","0","2","2","78","1","12","15","1","4","2","0","6","17","184"
"2025-10-03 00:00:00","2","0","0","1","0","1","1","0","1","0","62","0","14","11","3","2","2","1","8","13","187"
"2025-10-04 00:00:00","1","1","1","2","0","0","0","0","1","0","57","1","9","15","1","1","1","1","4","11","103"
"2025-10-05 00:00:00","1","1","1","5","0","0","0","0","0","0","61","1","9","8","1","0","0","0","8","16","94"
"2025-10-06 00:00:00","0","1","0","2","0","0","1","1","2","0","65","0","25","11","1","1","4","0","8","12","182"
"2025-10-07 00:00:00","1","1","0","1","1","0","0","1","1","2","60","1","23","14","2","6","4","0","7","22","186"
"2025-10-08 00:00:00","3","0","0","1","0","1","2","0","2","1","65","0","20","9","1","4","4","1","9","19","220"
"2025-10-09 00:00:00","1","1","0","0","0","2","0","1","1","0","72","0","17","10","0","1","4","1","6","12","234"
"2025-10-10 00:00:00","0","0","0","0","0","4","4","1","2","0","74","1","26","17","2","3","5","0","6","12","172"
"2025-10-11 00:00:00","0","0","0","2","0","2","1","0","1","0","56","0","13","14","0","1","1","0","11","19","108"
"2025-10-12 00:00:00","3","0","0","1","0","1","1","0","1","0","50","0","10","13","1","2","1","0","8","3","104"
"2025-10-13 00:00:00","2","1","1","1","0","1","1","0","0","0","56","1","17","12","3","2","2","1","6","13","174"
"2025-10-14 00:00:00","4","2","0","1","0","3","2","0","2","0","68","0","21","17","0","2","5","2","3","18","218"
"2025-10-15 00:00:00","0","3","0","4","1","1","1","0","1","0","66","0","17","9","2","2","3","0","8","16","209"
"2025-10-16 00:00:00","1","1","1","4","0","0","1","1","2","0","61","1","18","21","2","0","2","0","8","22","213"
"2025-10-17 00:00:00","1","2","0","3","0","0","1","0","1","0","60","0","9","17","0","2","2","0","7","11","173"
"2025-10-18 00:00:00","0","0","0","3","0","0","2","1","2","0","47","0","15","19","0","0","2","1","3","9","103"
"2025-10-19 00:00:00","2","0","0","2","0","0","2","2","2","0","53","0","22","15","1","0","3","1","2","15","103"
"2025-10-20 00:00:00","0","1","0","1","0","1","1","1","2","0","59","2","16","15","0","0","1","0","11","14","184"
"2025-10-21 00:00:00","1","2","1","1","0","0","0","0","1","0","77","0","24","9","2","0","2","0","11","21","175"
"2025-10-22 00:00:00","0","1","0","1","0","1","3","0","2","0","69","2","17","12","1","1","4","0","10","11","199"
"2025-10-23 00:00:00","0","1","0","4","0","3","2","0","1","1","74","0","16","13","3","1","3","0","4","17","213"
"2025-10-24 00:00:00","0","0","1","1","0","0","1","0","0","0","64","1","16","18","1","2","2","1","12","15","197"
"2025-10-25 00:00:00","2","2","0","1","0","1","2","0","1","0","54","0","10","10","1","2","2","1","5","18","99"
"2025-10-26 00:00:00","1","0","0","2","0","1","2","0","1","0","62","0","15","12","0","1","3","0","6","16","103"
"2025-10-27 00:00:00","0","1","1","1","0","0","1","0","3","0","68","1","16","16","2","4","1","0","12","24","197"
"2025-10-28 00:00:00","1","1","1","0","0","1","2","0","1","1","61","0","18","13","1","3","0","1","4","32","206"
"2025-10-29 00:00:00","0","3","0","0","0","1","2","2","1","2","70","0","19","13","0","1","3","1","4","22","191"
"2025-10-30 00:00:00","1","1","0","2","0","1","0","0","0","0","62","0","17","12","0","2","5","0","9","17","171"
"2025-10-31 00:00:00","0","3","0","1","0","1","4","0","2","1","60","0","14","11","2","3","1","0","8","17","167"
"2025-11-01 00:00:00","0","1","0","2","0","0","1","1","0","0","57","0","12","10","1","3","4","1","5","17","99"
"2025-11-02 00:00:00","0","0","0","0","0","2","0","0","0","2","51","0","15","4","0","0","1","0","3","11","84"
"2025-11-03 00:00:00","0","1","0","0","0","1","2","0","1","1","55","0","19","14","3","0","1","0","13","17","171"
"2025-11-04 00:00:00","0","1","0","2","1","0","1","0","4","0","49","0","22","12","1","1","5","0","11","14","204"
"2025-11-05 00:00:00","0","1","0","1","1","0","1","0","2","2","61","0","20","21","3","3","2","1","7","16","214"
"2025-11-06 00:00:00","1","1","1","1","1","0","1","0","3","0","69","0","18","8","2","2","6","1","6","22","199"
"2025-11-07 00:00:00","0","1","0","4","0","1","2","0","0","0","44","1","22","15","1","2","7","0","16","21","143"
"2025-11-08 00:00:00","0","0","0","1","0","0","0","1","0","0","76","0","18","11","3","2","2","0","2","13","94"
"2025-11-09 00:00:00","0","2","0","3","0","0","0","0","4","0","62","0","14","13","0","3","2","0","8","10","78"
"2025-11-10 00:00:00","0","0","0","4","0","2","0","0","2","0","72","0","11","9","0","1","4","0","11","22","160"
"2025-11-11 00:00:00","0","0","0","1","0","1","1","0","5","0","57","0","21","18","1","1","5","0","11","20","168"
"2025-11-12 00:00:00","0","1","0","0","0","0","2","0","1","0","61","1","18","16","1","3","5","0","8","17","177"
"2025-11-13 00:00:00","2","3","0","1","0","1","2","0","2","0","62","0","8","19","0","1","4","0","12","19","190"
"2025-11-14 00:00:00","1","0","0","3","0","0","1","0","0","2","61","0","17","14","2","3","3","0","6","11","154"
"2025-11-15 00:00:00","2","2","0","1","0","0","1","0","1","0","53","1","25","19","0","1","2","0","4","11","105"
"2025-11-16 00:00:00","2","1","0","1","0","1","0","0","4","0","59","0","19","22","0","0","4","0","8","13","81"
"2025-11-17 00:00:00","1","1","0","2","0","2","1","0","0","0","55","0","22","16","1","1","2","1","13","16","183"
"2025-11-18 00:00:00","1","0","0","1","0","1","1","0","0","0","75","0","17","12","2","0","2","2","12","18","182"
"2025-11-19 00:00:00","0","3","0","4","0","2","0","1","0","0","57","0","16","13","0","1","5","0","11","9","179"
"2025-11-20 00:00:00","1","1","0","1","0","0","2","0","5","1","57","0","17","13","1","1","2","0","15","19","145"
"2025-11-21 00:00:00","0","0","1","2","0","0","0","0","3","0","59","0","11","11","2","1","3","2","13","18","154"
"2025-11-22 00:00:00","0","1","0","0","0","1","1","1","1","0","64","0","11","16","0","0","1","0","1","18","79"
"2025-11-23 00:00:00","1","0","0","0","0","1","0","1","1","0","51","0","11","6","2","1","1","0","3","14","81"
"2025-11-24 00:00:00","1","0","0","0","0","0","1","0","4","3","53","1","12","11","0","2","2","1","8","25","169"
"2025-11-25 00:00:00","1","0","1","0","0","0","0","0","3","0","55","1","22","5","1","1","4","0","11","17","166"
"2025-11-26 00:00:00","0","3","0","2","0","0","1","1","5","0","54","0","21","13","1","0","5","2","6","20","170"
"2025-11-27 00:00:00","2","3","0","0","0","0","2","0","1","1","61","0","17","11","1","0","4","0","7","20","156"
"2025-11-28 00:00:00","1","0","0","1","0","1","1","1","0","1","57","0","11","8","0","1","1","0","2","12","108"
"2025-11-29 00:00:00","0","2","0","2","0","1","1","0","1","0","56","1","15","15","1","1","2","0","3","13","87"
"2025-11-30 00:00:00","1","0","0","1","0","0","1","0","1","0","44","0","19","7","0","0","5","0","4","9","84"
"2025-12-01 00:00:00","1","0","0","3","0","1","0","0","1","0","65","0","11","12","3","4","1","1","9","16","134"
"2025-12-02 00:00:00","1","0","0","2","0","0","1","0","0","0","52","0","15","9","0","1","4","0","12","15","157"
"2025-12-03 00:00:00","1","0","0","3","0","0","0","0","2","3","48","0","14","18","2","0","6","5","12","14","153"
"2025-12-04 00:00:00","2","1","0","2","0","1","3","0","0","1","54","0","15","17","1","0","3","0","11","17","156"
"2025-12-05 00:00:00","0","1","0","1","0","3","2","0","1","0","50","0","18","11","2","2","2","1","9","10","148"
"2025-12-06 00:00:00","2","1","0","3","0","0","0","0","5","1","38","0","12","7","1","0","1","0","6","11","80"
"2025-12-07 00:00:00","0","1","0","1","0","0","4","0","0","0","43","2","5","14","2","0","1","0","2","5","61"
"2025-12-08 00:00:00","0","1","0","1","0","2","0","0","0","0","51","2","13","14","3","1","4","0","8","10","106"
"2025-12-09 00:00:00","2","1","0","1","0","0","1","0","2","0","58","1","15","15","1","0","2","0","9","15","152"
"2025-12-10 00:00:00","2","2","0","0","0","0","1","1","2","0","41","1","11","13","1","1","2","1","7","15","185"
"2025-12-11 00:00:00","0","1","1","1","0","2","0","2","2","0","60","0","13","12","0","2","0","0","8","19","138"
"2025-12-12 00:00:00","1","2","1","2","0","1","2","0","3","1","51","0","20","9","1","0","1","1","11","18","135"
"2025-12-13 00:00:00","1","0","0","0","0","0","2","0","0","0","57","0","12","15","0","1","1","0","4","10","66"
"2025-12-14 00:00:00","2","1","0","2","0","1","0","0","0","0","49","0","9","15","0","2","0","0","3","16","70"
"2025-12-15 00:00:00","3","1","0","4","0","0","2","1","0","0","45","0","17","16","0","2","0","0","11","8","117"
"2025-12-16 00:00:00","1","3","0","2","0","1","0","0","3","0","53","1","11","13","0","1","1","1","4","11","126"
"2025-12-17 00:00:00","1","0","1","1","0","0","2","0","4","1","65","0","21","9","3","1","0","0","9","11","138"
"2025-12-18 00:00:00","0","1","0","3","0","1","1","0","2","1","66","0","17","14","1","0","1","1","4","13","124"
"2025-12-19 00:00:00","1","3","0","0","0","0","0","0","2","0","62","1","21","13","3","1","1","0","6","6","125"
"2025-12-20 00:00:00","1","1","0","1","0","0","0","0","1","0","40","0","16","10","0","1","1","0","7","5","76"
"2025-12-21 00:00:00","0","1","0","2","0","0","0","0","2","0","33","1","16","6","1","1","1","0","2","10","59"
"2025-12-22 00:00:00","1","0","0","0","0","2","0","0","2","0","34","0","14","9","0","1","0","0","5","18","100"
"2025-12-23 00:00:00","1","0","0","3","0","2","0","0","2","0","37","0","15","3","1","5","1","0","1","11","128"
"2025-12-24 00:00:00","0","1","1","2","0","0","1","0","1","0","50","1","13","3","0","3","0","0","2","8","66"
"2025-12-25 00:00:00","1","0","0","1","0","0","0","0","1","0","32","2","7","3","2","0","1","1","3","8","56"
"2025-12-26 00:00:00","0","0","1","1","0","0","0","0","1","0","39","0","10","8","2","2","0","0","3","18","62"
"2025-12-27 00:00:00","0","2","0","0","0","0","0","0","2","0","55","0","7","12","0","1","0","1","2","16","51"
"2025-12-28 00:00:00","1","0","0","0","0","1","0","0","3","2","32","0","19","9","1","1","2","0","1","10","68"
"2025-12-29 00:00:00","0","1","0","2","0","0","0","1","2","1","52","0","7","18","0","1","1","1","3","15","104"
"2025-12-30 00:00:00","3","1","0","3","0","0","0","2","3","0","39","1","13","9","2","0","1","0","4","16","97"
"2025-12-31 00:00:00","0","0","0","3","0","0","1","0","0","0","48","0","14","17","1","0","0","0","3","15","92"
"2026-01-01 00:00:00","0","1","1","0","0","0","2","0","2","1","34","1","10","12","1","2","2","2","0","9","51"
"2026-01-02 00:00:00","1","1","0","2","0","0","0","0","0","0","40","1","12","8","1","0","1","0","3","15","86"
"2026-01-03 00:00:00","2","2","0","3","0","1","0","0","2","0","43","0","13","4","1","3","0","0","2","12","56"
"2026-01-04 00:00:00","0","0","0","0","0","1","1","0","3","1","49","1","13","8","0","0","2","0","2","17","66"
"2026-01-05 00:00:00","2","0","0","1","0","1","1","1","0","1","51","2","13","13","0","0","0","0","7","15","94"
"2026-01-06 00:00:00","1","0","0","4","0","1","2","0","1","0","39","0","12","9","1","0","0","0","4","13","101"
"2026-01-07 00:00:00","0","0","0","4","0","0","0","0","1","0","55","0","16","13","0","1","2","1","11","9","136"
"2026-01-08 00:00:00","0","4","0","1","0","0","0","0","1","0","59","3","12","10","1","0","0","0","5","10","136"
"2026-01-09 00:00:00","1","0","0","6","0","0","4","0","2","0","42","0","18","14","1","1","4","1","16","12","124"
"2026-01-10 00:00:00","0","0","0","1","0","2","1","1","0","0","42","0","16","9","3","3","1","1","4","19","65"
"2026-01-11 00:00:00","1","1","0","6","0","2","0","0","2","0","42","0","11","6","0","0","1","0","3","13","59"
"2026-01-12 00:00:00","0","1","0","3","0","0","0","0","1","0","45","1","18","11","1","0","0","0","7","14","93"
"2026-01-13 00:00:00","1","0","0","3","0","0","0","1","1","1","50","0","18","8","2","2","5","0","4","8","133"
"2026-01-14 00:00:00","0","4","0","5","0","1","2","0","1","0","51","1","17","10","1","4","2","1","6","24","100"
"2026-01-15 00:00:00","0","0","0","1","0","2","2","1","1","1","49","0","16","11","0","2","5","0","9","16","119"
"2026-01-16 00:00:00","2","1","0","0","0","1","0","0","1","0","30","0","17","12","0","3","6","0","7","13","133"
"2026-01-17 00:00:00","0","6","0","2","0","0","1","0","0","0","48","0","14","8","2","2","2","0","10","15","58"
"2026-01-18 00:00:00","1","0","0","2","0","2","1","0","0","0","47","1","16","9","5","0","0","0","2","19","63"
"2026-01-19 00:00:00","1","2","0","4","0","0","1","1","0","0","45","0","19","9","1","2","1","1","7","13","93"
"2026-01-20 00:00:00","3","0","0","1","0","0","0","1","1","0","52","0","16","12","2","2","5","0","4","13","106"
"2026-01-21 00:00:00","3","0","0","3","0","2","1","0","0","1","53","0","19","6","2","0","1","0","9","15","120"
"2026-01-22 00:00:00","1","2","0","4","0","0","2","0","1","0","56","0","17","11","0","3","0","1","10","13","140"
"2026-01-23 00:00:00","0","0","0","1","0","0","1","0","1","0","36","0","11","10","0","1","2","1","5","18","95"
"2026-01-24 00:00:00","2","3","0","0","0","0","0","0","1","0","60","0","16","7","1","1","0","1","3","9","61"
"2026-01-25 00:00:00","1","1","0","2","0","0","0","0","0","0","54","1","9","7","0","1","1","0","3","9","61"
"2026-01-26 00:00:00","1","2","0","1","0","0","2","0","1","1","50","0","14","8","1","2","2","0","3","18","88"
"2026-01-27 00:00:00","0","0","1","1","0","0","0","0","1","0","48","0","22","6","3","0","3","0","7","9","107"
"2026-01-28 00:00:00","0","2","0","2","0","0","1","0","2","3","54","1","13","10","0","1","2","2","4","25","113"
"2026-01-29 00:00:00","0","1","0","1","0","1","1","0","2","1","62","0","12","9","0","2","3","1","8","14","107"
"2026-01-30 00:00:00","1","1","0","1","0","2","2","0","1","0","45","0","16","8","1","1","0","1","9","17","118"
"2026-01-31 00:00:00","1","1","0","1","0","0","1","0","0","1","47","0","16","7","1","2","0","1","7","13","72"
"2026-02-01 00:00:00","2","1","0","0","0","0","0","1","0","1","46","0","11","10","1","0","2","0","5","12","65"
"2026-02-02 00:00:00","1","0","0","4","0","0","0","0","1","0","55","0","16","7","1","1","1","0","4","19","101"
"2026-02-03 00:00:00","5","0","0","2","0","0","0","2","8","0","55","0","17","16","2","0","2","0","7","14","127"
"2026-02-04 00:00:00","3","0","0","2","0","1","1","0","0","0","55","1","9","12","2","0","2","1","8","19","107"
"2026-02-05 00:00:00","1","0","1","1","0","0","0","1","2","0","38","0","18","7","3","1","1","0","1","17","105"
"2026-02-06 00:00:00","1","0","0","0","0","3","1","0","2","0","57","0","15","11","0","0","1","0","13","19","115"
"2026-02-07 00:00:00","0","3","0","0","0","0","0","0","0","0","42","1","8","11","0","2","2","0","4","16","80"
"2026-02-08 00:00:00","4","0","0","1","0","0","0","0","1","0","42","0","10","11","0","1","2","0","7","17","54"
"2026-02-09 00:00:00","1","0","1","3","0","1","1","0","0","1","55","1","11","8","0","2","1","0","6","20","81"
"2026-02-10 00:00:00","5","1","0","0","0","1","0","0","1","1","64","1","16","10","0","0","3","1","5","20","99"
"2026-02-11 00:00:00","0","0","0","0","0","1","2","0","1","1","45","0","15","15","0","1","0","0","6","9","103"
"2026-02-12 00:00:00","2","1","0","0","0","0","2","0","0","1","46","1","10","9","2","1","3","3","11","13","89"
"2026-02-13 00:00:00","1","1","0","3","0","3","1","0","2","0","40","0","9","7","3","1","1","0","7","9","87"
"2026-02-14 00:00:00","1","0","0","4","0","0","0","0","3","1","38","0","15","13","0","0","1","0","7","9","52"
"2026-02-15 00:00:00","0","0","0","2","0","1","1","0","1","1","33","1","10","8","1","0","2","0","2","18","54"
"2026-02-16 00:00:00","1","2","0","0","0","0","0","0","1","1","52","1","21","11","1","2","1","0","2","14","70"
"2026-02-17 00:00:00","0","1","0","1","0","0","0","0","3","0","51","0","11","16","0","1","1","1","5","14","98"
"2026-02-18 00:00:00","0","0","0","3","0","1","1","0","3","1","45","0","17","10","0","0","3","2","10","11","85"
"2026-02-19 00:00:00","1","0","0","0","0","0","2","0","2","1","48","0","16","6","1","0","2","0","7","11","88"
"2026-02-20 00:00:00","3","1","0","3","0","0","0","0","1","0","43","0","14","7","0","1","0","0","11","20","84"
"2026-02-21 00:00:00","0","0","0","0","0","0","0","1","0","1","43","0","12","11","0","0","2","0","5","14","51"
"2026-02-22 00:00:00","0","0","0","1","0","1","0","0","2","1","35","1","10","11","2","1","2","1","3","12","44"
"2026-02-23 00:00:00","0","2","0","2","0","0","1","0","0","1","47","0","11","7","0","1","0","0","10","9","88"
"2026-02-24 00:00:00","0","0","0","0","1","1","2","0","3","1","41","0","13","10","0","2","0","0","3","10","85"
"2026-02-25 00:00:00","0","1","0","0","0","0","1","0","1","0","48","4","21","10","0","1","2","1","5","14","86"
"2026-02-26 00:00:00","0","1","1","3","0","0","0","0","1","0","49","0","10","10","0","0","2","0","7","12","72"
"2026-02-27 00:00:00","1","1","1","2","0","1","2","0","1","0","60","1","18","5","2","1","1","1","3","10","84"
"2026-02-28 00:00:00","0","0","0","0","0","0","0","0","1","0","48","0","6","3","1","0","3","1","3","10","52"
"2026-03-01 00:00:00","0","0","1","0","0","2","0","0","0","1","48","0","6","8","0","1","1","0","2","13","43"
"2026-03-02 00:00:00","2","1","0","1","1","1","0","0","1","1","33","1","15","10","1","1","0","1","8","9","85"
"2026-03-03 00:00:00","1","2","0","1","0","1","1","0","0","0","38","0","10","10","0","2","3","1","6","8","88"
"2026-03-04 00:00:00","3","0","0","2","1","0","1","0","1","1","57","0","9","6","2","3","1","1","3","12","75"
"2026-03-05 00:00:00","0","2","0","0","0","0","1","1","0","0","32","0","17","4","1","2","2","1","9","18","73"
"2026-03-06 00:00:00","0","0","0","1","0","1","2","0","0","0","43","0","13","8","1","0","1","0","2","16","69"
"2026-03-07 00:00:00","0","1","0","1","0","0","0","0","0","0","29","1","14","8","0","0","1","0","3","10","36"
"2026-03-08 00:00:00","2","0","0","0","0","1","0","1","2","0","34","0","9","8","0","1","0","0","3","6","49"
"2026-03-09 00:00:00","1","3","0","0","0","0","1","0","0","0","39","0","11","13","2","1","1","0","6","15","69"
"2026-03-10 00:00:00","2","0","0","2","0","1","0","0","1","1","48","1","11","3","1","1","0","1","6","10","84"
"2026-03-11 00:00:00","2","0","0","2","0","0","1","0","4","1","40","0","15","10","0","0","2","0","5","15","91"
"2026-03-12 00:00:00","1","1","0","0","0","2","1","0","3","0","33","0","12","7","0","0","3","2","7","17","69"
"2026-03-13 00:00:00","4","2","0","0","0","1","1","1","0","0","39","0","17","3","0","2","2","0","2","9","56"
"2026-03-14 00:00:00","0","1","0","0","0","0","0","0","3","0","26","1","11","9","0","1","0","1","5","10","42"
"2026-03-15 00:00:00","2","1","0","0","1","1","0","1","0","1","43","0","18","15","1","1","0","0","6","6","48"
"2026-03-16 00:00:00","0","1","1","1","0","1","0","0","0","1","40","0","12","13","1","1","2","0","4","8","61"
"2026-03-17 00:00:00","1","1","1","2","0","1","0","0","0","0","45","0","16","18","0","0","0","1","7","16","62"
"2026-03-18 00:00:00","1","0","0","0","0","1","0","1","0","1","40","0","12","16","1","4","1","0","5","12","73"
"2026-03-19 00:00:00","1","0","0","1","0","1","1","1","0","2","44","0","13","14","1","3","3","0","2","12","75"
"2026-03-20 00:00:00","1","0","0","2","0","1","1","0","1","1","47","2","11","11","0","1","3","0","9","13","68"
"2026-03-21 00:00:00","2","0","0","0","0","0","0","1","0","0","41","2","9","8","0","0","1","1","0","9","43"
"2026-03-22 00:00:00","1","0","0","0","0","0","0","1","0","1","49","0","8","12","1","0","0","0","2","11","39"
"2026-03-23 00:00:00","1","1","0","0","1","0","1","0","2","1","52","1","12","10","0","0","2","1","6","12","74"
"2026-03-24 00:00:00","1","2","1","2","0","0","1","0","5","1","44","1","8","11","1","1","2","0","7","9","90"
"2026-03-25 00:00:00","0","1","0","1","0","1","3","0","1","1","55","0","15","13","0","1","1","1","5","14","69"
"2026-03-26 00:00:00","1","0","0","2","0","0","1","0","3","1","41","0","17","13","0","0","1","0","7","14","63"
"2026-03-27 00:00:00","1","0","0","1","0","0","1","0","1","1","46","0","20","11","0","0","3","0","3","12","67"
"2026-03-28 00:00:00","0","0","0","0","0","0","0","0","1","1","41","0","15","9","0","2","1","0","4","10","39"
"2026-03-29 00:00:00","0","0","1","0","0","0","0","2","1","2","41","0","11","10","0","0","1","0","2","7","22"
"2026-03-30 00:00:00","4","1","0","0","0","1","3","0","0","2","44","0","14","8","1","1","3","0","5","9","52"
"2026-03-31 00:00:00","1","0","0","1","0","3","1","0","0","3","36","0","9","7","1","2","1","1","7","10","59"
"2026-04-01 00:00:00","2","1","0","0","0","1","0","0","2","0","49","0","12","10","1","1","3","1","4","7","74"
"2026-04-02 00:00:00","1","1","0","3","0","0","0","1","2","1","41","0","19","11","5","1","3","1","5","10","52"
"2026-04-03 00:00:00","1","1","0","1","0","1","0","0","2","1","37","1","16","9","3","1","1","2","7","7","69"
"2026-04-04 00:00:00","1","0","0","1","0","0","2","0","0","1","39","0","7","14","0","0","0","0","5","14","26"
"2026-04-05 00:00:00","0","1","0","1","0","0","0","0","0","1","33","0","9","9","0","0","0","1","3","4","37"
"2026-04-06 00:00:00","2","0","0","1","0","0","0","0","3","1","41","0","17","9","1","0","1","0","3","4","42"
"2026-04-07 00:00:00","2","0","0","1","0","0","0","0","1","0","41","0","19","10","0","2","2","0","1","8","71"
"2026-04-08 00:00:00","2","0","0","1","0","0","1","0","3","0","39","0","8","8","2","0","0","1","6","9","52"
"2026-04-09 00:00:00","2","1","0","0","0","0","0","0","1","0","51","0","18","6","0","1","4","1","8","9","69"
"2026-04-10 00:00:00","0","0","0","0","0","1","1","0","0","1","30","0","12","6","1","3","0","0","6","9","62"
"2026-04-11 00:00:00","0","0","0","1","0","0","0","0","2","0","46","0","12","7","0","2","0","0","3","2","38"
"2026-04-12 00:00:00","2","1","0","0","0","0","2","2","1","0","46","0","11","8","2","0","3","0","0","5","29"
"2026-04-13 00:00:00","2","1","0","0","0","0","2","1","2","0","41","1","17","7","2","2","4","0","9","6","56"
"2026-04-14 00:00:00","0","1","0","2","0","0","1","1","2","0","52","0","19","6","0","1","1","0","2","11","51"
"2026-04-15 00:00:00","1","0","0","2","0","1","0","0","3","0","41","0","10","10","0","2","1","0","6","7","56"
"2026-04-16 00:00:00","0","0","0","1","0","1","0","0","2","1","44","0","15","10","2","1","0","0","7","8","64"
"2026-04-17 00:00:00","0","0","0","2","0","2","0","0","2","1","48","0","17","15","2","0","0","0","9","11","71"
"2026-04-18 00:00:00","0","0","1","1","0","1","0","0","0","0","45","1","11","14","2","2","0","0","1","11","45"
"2026-04-19 00:00:00","0","0","1","1","0","2","2","0","1","2","37","0","18","12","0","0","3","0","6","12","37"
"2026-04-20 00:00:00","0","1","0","2","0","2","1","0","1","0","46","0","20","10","1","1","2","0","1","10","53"
"2026-04-21 00:00:00","1","0","0","1","0","0","0","0","1","1","35","1","12","14","2","0","2","0","5","10","66"
"2026-04-22 00:00:00","2","2","0","2","0","0","2","0","3","1","39","1","24","12","1","2","3","1","7","9","61"
"2026-04-23 00:00:00","0","2","1","1","0","1","1","0","1","0","31","4","16","12","2","0","1","0","3","9","63"
"2026-04-24 00:00:00","0","1","0","1","0","0","1","0","0","0","47","0","10","9","0","1","1","0","6","19","61"
"2026-04-25 00:00:00","1","0","1","1","0","0","0","1","0","1","51","0","9","4","0","1","0","0","5","6","27"
"2026-04-26 00:00:00","1","0","0","1","0","1","0","0","0","0","35","0","6","13","1","0","2","0","2","9","36"
"2026-04-27 00:00:00","1","0","0","1","0","2","2","0","1","0","41","0","14","9","0","2","1","0","5","9","56"
"2026-04-28 00:00:00","2","0","0","0","0","1","1","1","2","0","43","2","15","11","0","2","2","0","7","9","63"
"2026-04-29 00:00:00","3","0","0","1","0","1","0","0","2","1","42","0","15","9","0","0","2","0","5","13","70"
"2026-04-30 00:00:00","2","0","0","0","0","1","1","0","0","2","42","0","13","8","1","0","1","0","4","11","48"
"2026-05-01 00:00:00","0","0","0","0","0","0","1","1","2","1","33","1","16","4","0","1","0","1","5","9","40"
"2026-05-02 00:00:00","2","0","0","2","0","0","0","0","0","1","23","1","11","5","0","0","0","1","1","7","30"
"2026-05-03 00:00:00","3","0","0","0","1","0","0","0","1","0","37","0","9","5","0","1","0","0","1","9","38"
"2026-05-04 00:00:00","0","1","1","0","0","0","0","0","0","2","45","0","13","8","0","1","2","0","5","8","43"
"2026-05-05 00:00:00","2","2","0","3","0","2","0","0","2","1","44","0","14","14","0","1","0","0","5","14","53"
"2026-05-06 00:00:00","0","2","0","2","0","4","1","0","1","0","40","1","21","13","1","2","1","0","5","5","71"
"2026-05-07 00:00:00","3","0","0","2","0","0","1","0","0","0","43","1","13","10","2","1","1","1","6","6","86"
"2026-05-08 00:00:00","0","0","0","1","0","1","1","2","2","0","37","1","12","11","0","0","2","0","6","3","73"
"2026-05-09 00:00:00","0","1","0","0","0","1","1","1","1","0","43","0","9","13","1","1","0","0","2","9","34"
"2026-05-10 00:00:00","1","0","0","0","0","1","0","0","3","1","53","0","12","12","0","0","1","0","0","5","49"
"2026-05-11 00:00:00","1","1","0","0","0","1","0","0","1","1","46","0","16","10","1","2","1","2","6","13","88"
"2026-05-12 00:00:00","1","0","0","2","0","1","0","0","1","0","43","0","11","7","1","4","2","0","1","6","71"
"2026-05-13 00:00:00","0","1","0","0","0","1","0","0","1","0","44","0","17","9","0","0","3","1","7","7","88"
"2026-05-14 00:00:00","0","1","0","1","0","0","0","0","2","1","45","0","9","16","1","0","2","1","7","10","67"
"2026-05-15 00:00:00","0","1","0","1","0","0","2","1","1","0","40","0","11","13","0","1","0","0","5","7","86"
"2026-05-16 00:00:00","0","3","0","0","0","0","0","0","0","1","44","0","15","19","0","1","0","0","1","7","59"